frame,timestamp_sec,capture_ms,infer_track_ms,state_ms,display_ms,total_loop_ms,person_count,average_fps,recent_fps
0,0.232595,32.566,199.540,0.097,0.003,232.224,0,4.297,4.297
1,0.260214,0.487,26.941,0.115,0.002,27.560,0,7.683,36.196
2,0.290265,2.906,26.984,0.119,0.003,30.028,0,10.331,34.673
3,0.323328,6.897,25.995,0.141,0.003,33.055,0,12.366,33.051
4,0.359264,9.173,26.562,0.137,0.004,35.896,0,13.912,31.571
5,0.392421,6.669,26.287,0.145,0.003,33.126,0,15.284,31.276
6,0.426583,7.314,26.637,0.145,0.003,34.120,0,16.404,30.924
7,0.459076,5.810,26.476,0.143,0.004,32.452,0,17.421,30.903
8,0.491227,6.552,25.394,0.137,0.004,32.108,0,18.316,30.928
9,0.525360,8.770,25.163,0.143,0.003,34.099,0,19.029,30.737
10,0.557630,7.128,24.939,0.140,0.003,32.230,0,19.721,30.763
11,0.590695,8.036,24.826,0.140,0.003,33.026,0,20.310,30.715
12,0.624166,8.156,25.113,0.142,0.003,33.436,0,20.823,30.643
13,0.657525,8.195,24.960,0.146,0.003,33.324,0,21.287,30.590
14,0.691021,8.394,24.894,0.142,0.003,33.453,0,21.702,30.537
15,0.727129,8.656,27.251,0.142,0.003,36.072,0,22.000,30.329
16,0.756055,4.219,24.504,0.141,0.003,28.885,0,22.481,30.564
17,0.790457,9.416,24.784,0.141,0.003,34.363,0,22.767,30.472
18,0.823579,8.099,24.819,0.177,0.003,33.118,0,23.065,30.454
19,0.856728,8.119,24.789,0.140,0.003,33.074,0,23.341,30.441
20,0.888829,7.010,24.891,0.129,0.003,32.052,0,23.623,30.476
21,0.922635,8.707,24.912,0.146,0.003,33.789,0,23.841,30.431
22,0.957125,9.464,24.819,0.144,0.003,34.451,0,24.027,30.363
23,0.990348,8.271,24.747,0.138,0.003,33.179,0,24.230,30.352
24,1.024443,8.355,25.541,0.140,0.003,34.061,0,24.400,30.308
25,1.057167,7.914,24.607,0.132,0.003,32.676,0,24.591,30.318
26,1.091438,8.727,25.356,0.134,0.003,34.239,0,24.735,30.272
27,1.122595,6.362,24.599,0.140,0.003,31.126,0,24.939,30.336
28,1.157057,9.394,24.866,0.131,0.003,34.414,0,25.061,30.287
29,1.191899,9.048,25.606,0.143,0.004,34.820,0,25.167,30.229
30,1.224878,7.950,24.822,0.136,0.003,32.934,0,25.306,30.232
31,1.271800,6.698,39.955,0.103,0.003,46.776,0,25.159,21.333
32,1.298529,0.489,26.096,0.143,0.003,26.746,0,25.411,27.158
33,1.326470,1.408,26.328,0.102,0.003,27.853,0,25.630,29.544
34,1.354226,4.203,23.409,0.143,0.003,27.775,0,25.842,30.926
35,1.390917,11.400,25.086,0.143,0.003,36.655,0,25.879,30.115
36,1.424262,8.134,25.006,0.138,0.003,33.301,0,25.976,30.094
37,1.457521,8.104,24.957,0.137,0.003,33.222,0,26.069,30.091
38,1.489363,6.910,24.736,0.135,0.003,31.804,0,26.183,30.249
39,1.522882,8.579,24.743,0.141,0.003,33.485,0,26.263,30.202
40,1.556908,8.912,24.912,0.170,0.003,34.017,0,26.331,30.116
41,1.589563,7.808,24.613,0.139,0.003,32.580,0,26.420,30.164
42,1.624414,9.677,24.975,0.138,0.003,34.812,0,26.469,30.036
43,1.656963,7.678,24.674,0.139,0.003,32.513,0,26.552,30.087
44,1.689786,8.042,24.581,0.140,0.003,32.786,0,26.628,30.114
45,1.723538,8.893,24.660,0.175,0.003,33.750,0,26.687,30.079
46,1.756380,7.773,24.831,0.140,0.003,32.766,0,26.757,30.104
47,1.789693,8.373,24.740,0.141,0.003,33.276,0,26.818,30.099
48,1.822791,8.062,24.833,0.137,0.003,33.054,0,26.880,30.105
49,1.856746,8.988,24.769,0.139,0.003,33.920,0,26.927,30.070
50,1.894155,8.036,29.174,1.094,0.003,38.327,1,26.909,29.841
51,1.926676,2.979,28.387,0.148,0.004,31.537,0,26.987,29.923
52,1.960062,3.643,29.535,1.123,0.003,34.321,1,27.024,29.885
53,1.995866,3.838,30.789,0.609,0.003,35.256,1,27.048,29.814
54,2.030327,2.340,31.453,0.629,0.003,34.442,1,27.081,29.779
55,2.062907,0.712,31.181,0.552,0.003,32.463,1,27.139,29.818
56,2.096447,1.696,31.239,0.719,0.003,33.676,1,27.180,29.812
57,2.128924,1.083,30.618,0.582,0.003,32.303,1,27.236,29.851
58,2.161701,1.523,30.614,0.555,0.003,32.711,1,27.286,29.875
59,2.195341,2.431,30.602,0.625,0.003,33.677,1,27.323,29.868
60,2.229443,2.458,30.965,0.609,0.004,34.052,1,27.354,29.850
61,2.275470,2.017,43.267,0.632,0.003,45.936,1,27.240,21.721
62,2.299487,0.565,22.767,0.613,0.003,23.962,1,27.390,28.557
63,2.317675,0.535,16.987,0.133,0.003,17.675,0,27.612,34.190
64,2.354081,14.547,21.669,0.131,0.003,36.367,0,27.610,32.220
65,2.390218,10.834,25.117,0.143,0.003,36.115,0,27.611,31.192
66,2.423893,8.273,25.202,0.141,0.003,33.636,0,27.640,30.933
67,2.463452,8.021,31.339,0.694,0.003,40.075,1,27.596,29.904
68,2.489850,0.569,25.080,0.136,0.003,25.804,0,27.711,30.778
69,2.523361,8.474,24.840,0.131,0.003,33.466,0,27.739,30.672
70,2.559566,5.945,30.072,0.674,0.002,36.710,1,27.732,30.287
71,2.596296,4.192,31.809,0.616,0.003,36.637,1,27.725,29.985
72,2.630476,2.150,31.358,0.609,0.003,34.136,1,27.745,29.924
73,2.663491,1.130,31.218,0.652,0.003,33.020,1,27.776,29.948
74,2.696414,0.995,31.220,0.634,0.003,32.867,1,27.808,29.980
75,2.729655,1.370,31.179,0.605,0.003,33.175,1,27.836,29.988
76,2.763140,1.638,31.186,0.873,0.003,33.720,1,27.858,29.965
77,2.796187,0.761,31.347,0.580,0.003,32.707,1,27.889,29.998
78,2.832700,3.491,32.389,0.612,0.003,36.512,1,27.883,29.838
79,2.866484,0.556,32.562,0.606,0.003,33.742,1,27.903,29.826
80,2.899849,0.642,32.063,0.627,0.004,33.353,1,27.926,29.832
81,2.933775,0.556,32.689,0.605,0.003,33.869,1,27.945,29.816
82,2.966863,0.557,31.874,0.610,0.003,33.060,1,27.970,29.834
83,3.000079,0.603,31.949,0.616,0.002,33.187,1,27.993,29.846
84,3.032345,0.543,31.055,0.628,0.003,32.245,1,28.025,29.891
85,3.064735,0.570,31.135,0.585,0.003,32.308,1,28.056,29.931
86,3.098188,0.542,32.274,0.595,0.003,33.429,1,28.076,29.929
87,3.136174,0.545,36.791,0.591,0.003,37.945,1,28.054,29.778
88,3.167335,0.578,29.939,0.644,0.003,31.179,1,28.094,29.853
89,3.198488,0.584,29.869,0.573,0.003,31.044,1,28.133,29.928
90,3.231758,0.527,32.116,0.564,0.003,33.225,1,28.153,29.932
91,3.275101,0.542,42.115,0.702,0.003,43.378,1,28.085,23.004
92,3.306492,0.565,30.070,0.357,0.003,31.006,1,28.123,26.840
93,3.338909,0.481,31.540,0.539,0.003,32.576,1,28.148,28.007
94,3.370095,0.589,30.006,0.562,0.003,31.176,1,28.184,28.917
95,3.400406,0.552,29.146,0.560,0.004,30.276,1,28.227,29.650
96,3.431334,0.550,29.765,0.583,0.003,30.914,1,28.264,30.062
97,3.462208,0.534,29.706,0.524,0.004,30.782,1,28.301,30.382
98,3.495006,1.450,30.771,0.564,0.003,32.804,1,28.322,30.391
99,3.529459,2.309,31.527,0.530,0.003,34.384,1,28.329,30.236
100,3.560100,1.226,28.833,0.562,0.003,30.640,1,28.365,30.457
101,3.592509,3.147,28.644,0.541,0.003,32.352,1,28.388,30.495
102,3.627322,3.167,31.054,0.598,0.003,34.840,1,28.391,30.335
103,3.662304,4.080,30.248,0.570,0.003,34.918,1,28.393,30.195
104,3.693859,0.527,30.404,0.566,0.003,31.516,1,28.421,30.297
105,3.729815,3.562,31.773,0.550,0.003,35.903,1,28.415,30.118
106,3.757878,0.446,27.024,0.558,0.003,28.044,1,28.469,30.412
107,3.795551,6.742,30.323,0.668,0.003,37.752,1,28.449,30.148
108,3.828579,1.936,30.366,0.595,0.003,32.918,1,28.466,30.159
109,3.862773,3.132,30.408,0.551,0.003,34.110,1,28.473,30.111
110,3.894104,0.571,30.158,0.547,0.003,31.294,1,28.501,30.197
111,3.929767,3.876,31.186,0.569,0.003,35.650,1,28.496,30.086
112,3.960188,0.683,29.118,0.505,0.003,30.323,1,28.530,30.205
113,3.992378,2.534,29.102,0.472,0.003,32.126,1,28.551,30.243
114,4.027861,3.117,31.847,0.582,0.003,35.564,1,28.547,30.147
115,4.061508,2.983,30.028,0.585,0.003,33.614,1,28.557,30.129
116,4.094337,2.019,30.169,0.576,0.003,32.783,1,28.572,30.142
117,4.130193,3.984,31.240,0.607,0.003,35.852,1,28.566,30.051
118,4.162570,0.703,31.014,0.567,0.003,32.302,1,28.584,30.082
119,4.195769,1.565,31.013,0.571,0.003,33.167,1,28.596,30.083
120,4.228594,1.922,30.280,0.600,0.003,32.821,1,28.611,30.094
121,4.275013,2.906,42.779,0.481,0.002,46.183,1,28.535,21.603
122,4.306284,0.610,30.139,0.372,0.002,31.135,1,28.560,25.823
123,4.342757,0.466,35.600,0.573,0.003,36.654,1,28.550,26.287
124,4.372865,0.634,28.847,0.355,0.002,29.850,1,28.583,27.775
125,4.402745,0.472,29.018,0.555,0.002,30.060,1,28.615,28.720
126,4.432134,0.601,28.184,0.554,0.003,29.356,1,28.651,29.487
127,4.462775,0.548,29.487,0.573,0.003,30.626,1,28.678,29.896
128,4.493873,0.701,29.767,0.505,0.002,30.990,1,28.703,30.169
129,4.527895,3.195,30.273,0.569,0.003,34.055,1,28.707,30.074
130,4.563057,3.704,30.834,0.596,0.003,35.188,1,28.705,29.900
131,4.596700,1.823,31.129,0.575,0.003,33.545,1,28.713,29.886
132,4.629668,0.828,31.320,0.688,0.003,32.855,1,28.723,29.914
133,4.661646,0.538,30.700,0.543,0.003,31.798,1,28.742,30.024
134,4.695483,2.176,31.066,0.695,0.003,33.956,1,28.747,29.980
135,4.728871,1.383,31.254,0.638,0.003,33.295,1,28.756,29.982
136,4.761911,1.190,31.152,0.754,0.003,33.118,1,28.765,29.993
137,4.795236,2.010,30.499,0.643,0.004,33.171,1,28.775,30.000
138,4.830170,1.850,32.386,0.611,0.003,34.867,1,28.774,29.921
139,4.863218,0.552,31.830,0.562,0.003,32.960,1,28.784,29.941
140,4.895913,1.541,30.535,0.612,0.003,32.710,1,28.796,29.971
141,4.931408,1.148,33.679,0.521,0.003,35.366,1,28.792,29.884
142,4.962289,0.457,29.860,0.549,0.003,30.883,1,28.814,29.988
143,4.994311,1.647,29.772,0.558,0.003,31.995,1,28.830,30.039
144,5.025841,1.941,28.978,0.582,0.003,31.520,1,28.848,30.105
145,5.061624,4.860,30.286,0.574,0.003,35.740,1,28.841,30.012
146,5.097523,3.250,32.021,0.577,0.004,35.869,1,28.834,29.923
147,5.130460,0.581,31.720,0.727,0.003,33.047,1,28.843,29.934
148,5.163516,0.654,31.615,0.647,0.003,32.936,1,28.853,29.948
149,5.196501,0.543,31.741,0.622,0.003,32.925,1,28.862,29.961
150,5.227887,1.008,29.701,0.617,0.003,31.346,1,28.880,30.021
151,5.274766,1.489,44.632,0.736,0.003,46.879,1,28.812,21.283
152,5.306051,0.594,29.895,0.383,0.003,30.885,1,28.833,25.668
153,5.335664,0.483,28.710,0.551,0.002,29.758,1,28.859,27.856
154,5.364762,0.528,27.973,0.570,0.003,29.088,1,28.889,29.236
155,5.394364,0.523,28.460,0.517,0.003,29.516,1,28.916,30.054
156,5.426637,2.403,29.301,0.500,0.003,32.224,1,28.929,30.208
157,5.461198,3.870,30.137,0.554,0.003,34.579,1,28.928,30.013
158,5.494217,2.240,30.172,0.576,0.003,33.007,1,28.936,30.044
159,5.532742,1.950,35.943,0.602,0.003,38.515,1,28.916,29.525
160,5.564437,0.533,30.509,0.538,0.004,31.598,1,28.931,29.721
161,5.597146,0.526,31.594,0.580,0.003,32.720,1,28.940,29.793
162,5.630055,0.551,31.723,0.527,0.003,32.819,1,28.949,29.846
163,5.660143,0.524,28.987,0.581,0.003,30.109,1,28.972,30.078
164,5.693403,2.055,30.570,0.552,0.003,33.197,1,28.978,30.079
165,5.726698,2.236,30.453,0.539,0.003,33.247,1,28.984,30.077
166,5.760290,2.402,30.598,0.694,0.003,33.715,1,28.988,30.049
167,5.794013,2.068,30.903,0.549,0.003,33.540,1,28.993,30.033
168,5.828559,2.287,31.652,0.589,0.003,34.550,1,28.992,29.968
169,5.861466,0.941,31.322,0.606,0.003,32.889,1,29.000,29.989
170,5.895333,1.687,31.514,0.634,0.002,33.855,1,29.003,29.965
171,5.927202,0.536,30.647,0.590,0.003,31.791,1,29.016,30.031
172,5.961696,3.626,30.222,0.597,0.003,34.464,1,29.016,29.982
173,5.994590,1.769,30.473,0.581,0.003,32.843,1,29.023,30.000
174,6.027093,1.471,30.395,0.513,0.003,32.398,1,29.033,30.034
175,6.060173,2.619,29.896,0.505,0.003,33.038,1,29.040,30.042
176,6.092678,2.355,29.596,0.497,0.003,32.465,1,29.049,30.070
177,6.126139,2.699,30.216,0.557,0.003,33.491,1,29.053,30.061
178,6.161762,4.104,30.907,0.551,0.003,35.583,1,29.048,29.985
179,6.194628,2.322,29.938,0.552,0.003,32.832,1,29.055,30.000
180,6.226585,2.105,29.246,0.499,0.003,31.867,1,29.067,30.043
181,6.273595,4.146,42.253,0.503,0.003,46.919,1,29.008,21.274
182,6.297128,0.465,22.525,0.530,0.003,23.537,1,29.058,28.342
183,6.320107,1.275,21.125,0.494,0.002,22.909,1,29.111,32.083
184,6.353387,9.753,22.987,0.599,0.002,33.356,1,29.116,31.523
185,6.390085,10.070,25.982,0.484,0.003,36.554,1,29.105,30.586
186,6.426161,6.616,28.928,0.482,0.003,36.043,1,29.098,30.068
187,6.460126,4.282,29.151,0.516,0.004,33.968,1,29.099,29.972
188,6.494834,4.495,29.646,0.559,0.004,34.720,1,29.098,29.817
189,6.529595,1.633,32.515,0.552,0.003,34.719,1,29.096,29.698
190,6.563473,2.595,30.680,0.642,0.003,33.937,1,29.098,29.672
191,6.594292,0.530,29.592,0.492,0.003,30.629,1,29.114,29.916
192,6.621497,2.416,24.252,0.137,0.003,26.822,0,29.147,30.415
193,6.661295,9.113,30.495,0.465,0.003,40.092,1,29.121,29.908
194,6.687562,1.760,23.985,0.180,0.003,25.946,0,29.158,30.392
195,6.728209,9.331,31.076,0.627,0.003,41.055,1,29.128,29.896
196,6.764237,1.968,33.373,0.621,0.003,35.981,1,29.121,29.753
197,6.796742,0.558,31.268,0.585,0.004,32.430,1,29.129,29.812
198,6.829809,0.552,31.875,0.715,0.004,33.164,1,29.134,29.829
199,6.857816,0.849,26.382,0.138,0.003,27.390,0,29.163,30.118
200,6.896476,6.685,31.779,0.615,0.003,39.101,1,29.143,29.851
201,6.927462,0.519,29.798,0.564,0.003,30.898,1,29.157,29.960
202,6.960411,2.089,30.245,0.516,0.003,32.868,1,29.163,29.979
203,6.995003,3.756,30.269,0.597,0.003,34.642,1,29.161,29.928
204,7.028778,2.304,30.818,0.617,0.003,33.759,1,29.163,29.914
205,7.063230,2.592,31.185,0.696,0.003,34.495,1,29.162,29.874
206,7.095829,0.554,31.290,0.591,0.003,32.454,1,29.170,29.908
207,7.128510,0.691,31.342,0.627,0.003,32.681,1,29.176,29.932
208,7.162698,2.627,30.875,0.631,0.003,34.154,1,29.176,29.907
209,7.196609,0.888,32.334,0.609,0.003,33.850,1,29.178,29.893
210,7.229998,1.293,31.432,0.639,0.004,33.384,1,29.181,29.894
211,7.277401,0.565,46.066,0.547,0.003,47.196,1,29.129,21.143
212,7.309845,0.759,31.087,0.496,0.003,32.358,1,29.137,25.097
213,7.345295,0.540,34.366,0.531,0.003,35.453,1,29.132,26.047
214,7.373879,0.536,27.469,0.557,0.003,28.577,1,29.155,27.819
215,7.403571,0.479,28.610,0.987,0.003,30.092,1,29.171,28.751
216,7.433010,0.448,27.959,0.507,0.003,28.930,1,29.192,29.576
217,7.464997,0.539,30.894,0.504,0.003,31.953,1,29.201,29.806
218,7.495610,0.497,29.566,0.639,0.003,30.720,1,29.215,30.121
219,7.527291,0.518,30.473,0.608,0.003,31.615,1,29.225,30.278
220,7.560435,1.534,30.951,0.557,0.004,33.062,1,29.229,30.272
221,7.595420,2.071,32.305,0.647,0.003,35.042,1,29.226,30.103
222,7.627001,0.719,30.161,0.577,0.003,31.477,1,29.236,30.232
223,7.659942,2.141,30.168,0.562,0.003,32.889,1,29.241,30.243
224,7.694172,2.736,30.878,0.564,0.003,34.196,1,29.241,30.167
225,7.727613,1.819,31.002,0.633,0.003,33.474,1,29.243,30.145
226,7.760627,1.599,30.731,0.601,0.003,32.950,1,29.248,30.156
227,7.794038,2.115,30.638,0.569,0.003,33.340,1,29.251,30.144
228,7.829661,3.674,31.328,0.638,0.003,35.661,1,29.245,30.018
229,7.862304,0.545,31.404,0.750,0.003,32.719,1,29.251,30.044
230,7.894246,0.550,30.586,0.621,0.002,31.776,1,29.260,30.111
231,7.928712,2.523,31.265,0.634,0.003,34.442,1,29.258,30.056
232,7.963651,1.099,33.146,0.652,0.003,34.917,1,29.256,29.987
233,7.995840,0.560,30.918,0.609,0.003,32.106,1,29.263,30.034
234,8.027839,0.774,30.563,0.536,0.003,31.892,1,29.271,30.086
235,8.061016,1.672,30.918,0.555,0.002,33.163,1,29.275,30.087
236,8.094419,2.402,30.395,0.568,0.002,33.381,1,29.277,30.081
237,8.127398,1.663,30.697,0.610,0.002,32.989,1,29.281,30.088
238,8.160448,1.671,30.717,0.549,0.003,32.955,1,29.286,30.096
239,8.194573,2.193,31.330,0.626,0.003,34.169,1,29.285,30.066
240,8.228032,1.874,30.897,0.621,0.003,33.412,1,29.288,30.060
241,8.274464,0.991,44.688,0.385,0.003,46.079,1,29.245,21.652
242,8.307092,0.484,31.720,0.666,0.003,32.888,1,29.250,25.286
243,8.339108,0.587,30.707,0.383,0.002,31.691,1,29.258,27.069
244,8.373434,1.078,32.825,0.713,0.003,34.637,1,29.257,27.494
245,8.405812,0.557,31.051,0.377,0.002,31.997,1,29.264,28.165
246,8.439159,0.467,32.467,0.389,0.002,33.334,1,29.267,28.452
247,8.473679,1.081,33.012,0.590,0.003,34.702,1,29.265,28.501
248,8.506861,0.542,31.998,0.559,0.003,33.118,1,29.269,28.699
249,8.542469,0.619,34.376,0.607,0.004,35.621,1,29.263,28.625
250,8.574222,0.613,30.481,0.560,0.003,31.672,1,29.272,28.892
251,8.606872,0.560,31.475,0.528,0.002,32.581,1,29.277,29.044
252,8.640366,0.582,32.335,0.545,0.003,33.479,1,29.279,29.109
253,8.673211,0.544,31.703,0.562,0.002,32.826,1,29.284,29.206
254,8.706985,0.531,32.631,0.582,0.002,33.762,1,29.285,29.233
255,8.740180,0.590,31.971,0.536,0.003,33.115,1,29.288,29.294
256,8.773658,0.537,32.356,0.586,0.003,33.495,1,29.290,29.327
257,8.805921,0.542,31.083,0.375,0.003,32.012,1,29.297,29.431
258,8.839106,0.464,32.309,0.549,0.061,33.397,1,29.300,29.460
259,8.870577,0.541,30.269,0.747,0.003,31.572,1,29.308,29.565
260,8.899751,0.511,27.870,0.573,0.002,28.971,1,29.325,29.777
261,8.929764,0.538,28.850,0.546,0.003,29.952,1,29.338,29.930
262,8.959851,0.515,28.975,0.493,0.003,29.999,1,29.352,30.068
263,8.993089,2.495,30.203,0.529,0.003,33.244,1,29.354,30.067
264,9.026112,2.420,29.856,0.538,0.003,32.832,1,29.358,30.076
265,9.061859,4.861,30.293,0.564,0.003,35.738,1,29.352,29.985
266,9.096028,0.527,33.027,0.538,0.003,34.110,1,29.352,29.957
267,9.131513,2.161,32.734,0.683,0.003,35.599,1,29.347,29.883
268,9.164980,0.571,32.156,0.528,0.003,33.272,1,29.349,29.888
269,9.196583,0.528,30.498,0.521,0.003,31.564,1,29.357,29.945
270,9.228916,0.931,30.830,0.531,0.003,32.311,1,29.363,29.977
271,9.276367,0.517,46.287,0.596,0.003,47.418,1,29.320,21.050
272,9.307644,0.717,29.908,0.586,0.003,31.230,1,29.329,25.390
273,9.338130,0.584,29.260,0.374,0.002,30.232,1,29.341,27.511
274,9.368457,0.474,29.442,0.710,0.003,30.643,1,29.352,28.631
275,9.397873,0.559,28.090,0.573,0.003,29.240,1,29.367,29.588
276,9.428583,0.525,29.561,0.568,0.003,30.672,1,29.377,30.046
277,9.460382,0.794,30.385,0.852,0.003,32.050,1,29.383,30.202
278,9.492992,1.602,30.104,0.609,0.003,32.334,1,29.388,30.287
279,9.526964,2.818,30.489,0.887,0.003,34.215,1,29.388,30.162
280,9.560198,1.776,30.513,0.862,0.003,33.171,1,29.390,30.157
281,9.594034,2.385,30.529,0.565,0.003,33.498,1,29.392,30.125
282,9.627019,1.725,30.643,0.539,0.003,32.927,1,29.395,30.143
283,9.662189,2.310,32.266,0.605,0.003,35.201,1,29.391,30.000
284,9.694040,0.721,30.466,0.546,0.003,31.752,1,29.398,30.099
285,9.728230,2.389,31.200,0.595,0.003,34.203,1,29.397,30.038
286,9.764990,0.542,35.570,0.598,0.004,36.729,1,29.389,29.843
287,9.796550,0.562,30.342,0.579,0.003,31.502,1,29.396,29.947
288,9.828631,0.548,30.901,0.565,0.003,32.032,1,29.402,30.013
289,9.859580,0.547,29.786,0.760,0.003,31.111,1,29.411,30.117
290,9.892946,2.218,30.328,0.543,0.002,33.108,1,29.413,30.119
291,9.928083,2.862,31.677,0.565,0.003,35.124,1,29.410,30.035
292,9.962224,1.454,32.068,0.540,0.003,34.081,1,29.410,30.001
293,9.996635,0.529,33.289,0.620,0.003,34.456,1,29.408,29.956
294,10.031358,1.757,32.288,0.681,0.003,34.747,1,29.406,29.903
295,10.064515,0.558,31.859,0.592,0.003,33.030,1,29.409,29.917
296,10.097284,0.566,31.554,0.620,0.003,32.759,1,29.412,29.939
297,10.130629,0.561,32.106,0.519,0.003,33.202,1,29.414,29.944
298,10.162880,0.575,31.109,0.626,0.003,32.328,1,29.419,29.977
299,10.194386,0.599,30.224,0.566,0.003,31.407,1,29.426,30.036
300,10.226716,1.376,30.335,0.535,0.003,32.264,1,29.431,30.066
301,10.278201,2.567,48.255,0.626,0.002,51.465,1,29.381,19.393
302,10.307171,0.513,27.791,0.594,0.003,28.915,1,29.395,24.844
303,10.339662,0.570,31.273,0.663,0.003,32.525,1,29.399,26.534
304,10.371600,0.574,30.645,0.688,0.003,31.925,1,29.405,27.581
305,10.406503,0.561,33.599,0.571,0.003,34.750,1,29.403,27.807
306,10.439635,0.620,31.885,0.662,0.003,33.186,1,29.405,28.164
307,10.472678,0.576,31.747,0.581,0.003,32.923,1,29.408,28.456
308,10.504861,0.573,30.975,0.392,0.003,31.954,1,29.414,28.778
309,10.536274,0.455,30.528,0.936,0.002,31.933,1,29.420,29.037
310,10.567787,0.492,30.045,0.564,0.003,31.118,1,29.427,29.318
311,10.599907,0.536,30.970,0.547,0.003,32.071,1,29.433,29.475
312,10.630275,0.534,29.237,0.557,0.003,30.345,1,29.443,29.735
313,10.660935,0.541,29.509,0.552,0.003,30.619,1,29.452,29.938
314,10.692886,1.302,30.046,0.591,0.003,31.958,1,29.457,30.029
315,10.726434,2.924,29.977,0.566,0.003,33.486,1,29.458,30.016
316,10.759832,2.245,30.534,0.583,0.003,33.380,1,29.460,30.010
317,10.793789,2.208,31.116,0.592,0.003,33.935,1,29.460,29.976
318,10.827071,1.478,31.156,0.665,0.004,33.320,1,29.461,29.976
319,10.860123,1.219,31.108,0.764,0.002,33.111,1,29.464,29.986
320,10.893287,1.314,31.032,0.601,0.003,32.966,1,29.466,30.002
321,10.927450,2.105,31.402,0.643,0.003,34.171,1,29.465,29.964
322,10.967841,1.158,38.534,0.611,0.003,40.323,1,29.448,29.682
323,10.998830,0.558,29.766,0.620,0.003,30.963,1,29.456,29.785
324,11.030624,0.607,30.513,0.576,0.002,31.715,1,29.462,29.853
325,11.062761,0.626,30.878,0.571,0.003,32.095,1,29.467,29.902
326,11.095347,0.662,31.297,0.696,0.003,32.675,1,29.470,29.927
327,11.128030,0.552,31.377,0.606,0.003,32.554,1,29.474,29.954
328,11.159939,0.818,30.428,0.553,0.003,31.818,1,29.479,30.003
329,11.194921,2.028,32.350,0.569,0.003,34.965,1,29.476,29.952
330,11.228672,1.098,32.030,0.558,0.003,33.705,1,29.477,29.941
331,11.276417,0.545,46.518,0.592,0.003,47.675,1,29.440,20.934
332,11.307567,0.917,29.585,0.672,0.003,31.192,1,29.448,25.317
333,11.338413,0.592,29.527,0.551,0.003,30.689,1,29.456,27.341
334,11.370419,0.543,30.859,0.640,0.003,32.061,1,29.461,28.205
335,11.405949,0.925,33.913,0.552,0.003,35.409,1,29.457,28.207
336,11.440197,0.560,33.082,0.552,0.002,34.212,1,29.456,28.368
337,11.472881,0.553,31.529,0.558,0.003,32.658,1,29.459,28.665
338,11.506022,0.548,31.985,0.543,0.003,33.093,1,29.461,28.847
339,11.540135,0.555,32.962,0.623,0.004,34.158,1,29.461,28.891
340,11.572544,0.566,31.165,0.548,0.003,32.297,1,29.465,29.082
341,11.603938,0.565,30.228,0.397,0.003,31.205,1,29.472,29.326
342,11.634063,0.483,29.207,0.559,0.003,30.265,1,29.481,29.602
343,11.663893,0.541,28.680,0.576,0.003,29.816,1,29.491,29.869
344,11.695054,0.557,29.975,0.572,0.003,31.123,1,29.498,30.018
345,11.726502,0.539,30.251,0.545,0.003,31.353,1,29.504,30.132
346,11.759189,1.796,30.292,0.584,0.003,32.691,1,29.507,30.158
347,11.793902,3.416,30.658,0.583,0.003,34.677,1,29.505,30.075
348,11.825927,0.862,30.525,0.563,0.003,31.969,1,29.510,30.138
349,11.858672,1.915,30.212,0.792,0.004,32.943,1,29.512,30.148
350,11.893572,3.979,30.062,0.552,0.003,34.614,1,29.510,30.080
351,11.925868,1.144,30.545,0.576,0.003,32.285,1,29.514,30.120
352,11.959036,3.011,29.528,0.492,0.003,33.048,1,29.516,30.125
353,11.991393,2.395,29.422,0.584,0.003,32.419,1,29.520,30.155
354,12.026789,3.194,31.568,0.776,0.003,35.557,1,29.516,30.063
355,12.060907,2.284,31.001,0.593,0.003,33.898,1,29.515,30.039
356,12.092812,1.227,30.030,0.527,0.003,31.802,1,29.520,30.089
357,12.126266,3.056,29.819,0.586,0.003,33.481,1,29.521,30.080
358,12.166934,1.044,38.982,0.633,0.003,40.680,1,29.505,29.840
359,12.197399,0.632,29.142,0.595,0.003,30.388,1,29.513,29.935
360,12.228879,0.542,30.289,0.632,0.004,31.483,1,29.519,29.992
361,12.273103,0.534,42.931,0.553,0.003,44.035,1,29.494,22.659
362,12.305788,0.549,31.536,0.504,0.003,32.606,1,29.497,26.052
363,12.337510,0.535,30.634,0.498,0.003,31.683,1,29.502,27.654
364,12.368805,0.534,30.214,0.766,0.004,31.536,1,29.508,28.562
365,12.400248,0.560,30.059,0.575,0.003,31.212,1,29.514,29.188
366,12.430342,0.566,28.898,0.507,0.003,29.988,1,29.523,29.802
367,12.460822,0.530,29.395,0.552,0.003,30.494,1,29.531,30.192
368,12.492558,1.209,29.921,0.542,0.003,31.690,1,29.536,30.352
369,12.526927,3.235,30.540,0.606,0.003,34.401,1,29.535,30.200
370,12.558655,0.668,30.400,0.572,0.003,31.659,1,29.540,30.330
371,12.593106,3.334,30.490,0.587,0.003,34.431,1,29.539,30.206
372,12.626632,2.549,30.329,0.727,0.003,33.625,1,29.539,30.163
373,12.660525,1.671,31.440,0.611,0.004,33.741,1,29.539,30.120
374,12.694530,1.844,31.497,0.550,0.003,33.908,1,29.539,30.071
375,12.726307,0.515,30.660,0.582,0.003,31.776,1,29.544,30.159
376,12.767613,2.044,38.623,0.651,0.003,41.337,1,29.526,29.699
377,12.797970,0.572,29.076,0.573,0.003,30.240,1,29.535,29.876
378,12.829065,0.556,29.912,0.576,0.003,31.062,1,29.541,29.994
379,12.860310,0.514,30.105,0.732,0.003,31.371,1,29.547,30.086
380,12.892984,1.727,30.152,0.636,0.003,32.535,1,29.549,30.116
381,12.926903,2.727,30.499,0.617,0.003,33.862,1,29.549,30.086
382,12.959855,1.647,30.632,0.602,0.003,32.899,1,29.551,30.099
383,12.993232,2.048,30.672,0.585,0.003,33.324,1,29.553,30.093
384,13.026283,2.000,30.412,0.688,0.003,33.119,1,29.554,30.096
385,13.058127,0.619,30.481,0.561,0.003,31.681,1,29.559,30.151
386,13.091746,2.489,30.513,0.571,0.003,33.594,1,29.559,30.135
387,13.128003,3.407,32.224,0.620,0.003,36.271,1,29.554,30.030
388,13.160639,0.571,31.389,0.576,0.003,32.555,1,29.557,30.053
389,13.194801,2.049,31.483,0.581,0.004,34.134,1,29.556,30.025
390,13.227300,0.586,31.276,0.677,0.004,32.562,1,29.559,30.046
391,13.276047,1.232,46.699,0.592,0.003,48.544,1,29.526,20.556
392,13.306484,0.488,29.301,0.585,0.003,30.393,1,29.533,25.291
393,13.336564,0.589,28.847,0.510,0.003,29.964,1,29.542,27.502
394,13.371232,0.501,33.471,0.669,0.003,34.660,1,29.540,27.795
395,13.402082,0.529,29.598,0.451,0.003,30.593,1,29.547,28.646
396,13.430843,0.454,27.817,0.461,0.003,28.746,1,29.558,29.511
397,13.460582,0.578,28.655,0.509,0.003,29.758,1,29.567,30.030
398,13.490850,0.503,29.210,0.494,0.003,30.223,1,29.575,30.377
399,13.526825,4.845,30.586,0.521,0.003,35.971,1,29.570,30.065
400,13.557520,1.853,28.272,0.451,0.003,30.593,1,29.577,30.305
401,13.591287,3.411,29.857,0.527,0.003,33.814,1,29.577,30.234
402,13.626111,3.871,30.374,0.529,0.003,34.794,1,29.574,30.102
403,13.658739,1.320,30.724,0.499,0.003,32.562,1,29.577,30.145
404,13.691946,2.836,29.821,0.553,0.003,33.228,1,29.578,30.139
405,13.726159,3.377,30.228,0.574,0.003,34.200,1,29.577,30.076
406,13.758148,1.099,30.262,0.505,0.003,31.883,1,29.581,30.151
407,13.794113,5.448,29.960,0.590,0.003,36.018,1,29.577,29.998
408,13.825405,0.701,29.947,0.494,0.003,31.159,1,29.582,30.105
409,13.859466,3.718,29.801,0.684,0.004,34.223,1,29.581,30.056
410,13.891615,1.258,30.153,0.626,0.003,32.056,1,29.585,30.109
411,13.926684,4.054,30.334,0.576,0.003,34.985,1,29.582,30.031
412,13.967749,1.365,39.068,0.610,0.003,41.064,1,29.567,29.715
413,13.997653,0.550,28.688,0.575,0.003,29.830,1,29.575,29.861
414,14.027776,0.540,28.957,0.509,0.003,30.021,1,29.583,29.989
415,14.060845,1.984,30.526,0.546,0.003,33.075,1,29.585,29.998
416,14.094557,0.531,32.584,0.589,0.003,33.722,1,29.585,29.983
417,14.126927,0.594,31.133,0.595,0.003,32.342,1,29.588,30.016
418,14.158998,1.156,30.263,0.573,0.003,32.011,1,29.591,30.056
419,14.192172,2.789,29.758,0.564,0.003,33.130,1,29.593,30.060
420,14.226273,3.335,30.145,0.573,0.003,34.073,1,29.592,30.034
421,14.272737,1.784,43.980,0.598,0.003,46.383,1,29.566,21.515
422,14.306250,0.590,32.269,0.520,0.003,33.397,1,29.566,25.027
423,14.337169,0.556,29.791,0.375,0.003,30.736,1,29.573,27.103
424,14.368339,0.484,30.274,0.618,0.003,31.391,1,29.578,28.149
425,14.399151,0.486,29.665,0.575,0.003,30.742,1,29.584,28.923
426,14.431230,0.542,30.910,0.644,0.004,32.115,1,29.587,29.266
427,14.462458,0.558,29.974,0.582,0.003,31.132,1,29.593,29.638
428,14.494306,0.529,30.685,0.657,0.003,31.890,1,29.596,29.839
429,14.524720,0.564,29.135,0.537,0.003,30.254,1,29.604,30.161
430,14.563377,2.618,35.451,0.675,0.003,38.762,1,29.593,29.656
431,14.593078,0.482,28.500,0.527,0.003,29.526,1,29.602,29.993
432,14.625767,2.094,30.016,0.557,0.004,32.688,1,29.604,30.040
433,14.658722,2.003,30.335,0.584,0.003,32.940,1,29.606,30.061
434,14.691981,2.496,30.123,0.517,0.003,33.156,1,29.607,30.066
435,14.725572,2.864,30.158,0.546,0.003,33.587,1,29.607,30.044
436,14.758728,2.730,29.826,0.551,0.003,33.126,1,29.608,30.051
437,14.791861,2.577,29.951,0.522,0.003,33.068,1,29.610,30.060
438,14.826065,3.312,30.321,0.593,0.003,34.246,1,29.609,30.010
439,14.858378,1.244,30.421,0.700,0.003,32.386,1,29.612,30.053
440,14.893647,1.988,32.517,0.590,0.003,35.117,1,29.609,29.968
441,14.925792,1.589,29.912,0.533,0.004,32.052,1,29.612,30.023
442,14.961610,1.177,34.055,0.557,0.003,35.808,1,29.608,29.919
443,14.991936,0.513,29.205,0.525,0.003,30.259,1,29.615,30.042
444,15.024876,2.976,29.388,0.493,0.003,32.874,1,29.617,30.056
445,15.060894,4.589,30.888,0.569,0.003,36.064,1,29.612,29.954
446,15.094419,0.960,31.945,1.117,0.004,34.044,1,29.611,29.930
447,15.128270,0.579,32.100,0.576,0.003,33.273,1,29.612,29.934
448,15.167824,0.536,38.389,0.678,0.003,39.623,1,29.601,29.735
449,15.197754,0.480,28.721,0.573,0.002,29.790,1,29.609,29.852
450,15.228684,0.534,29.772,0.641,0.003,30.965,1,29.614,29.926
451,15.273222,0.550,43.214,0.606,0.003,44.390,1,29.593,22.476
452,15.305511,0.550,31.081,0.598,0.004,32.248,1,29.596,26.051
453,15.336486,0.577,29.742,0.382,0.002,30.714,1,29.602,27.899
454,15.366383,0.460,29.020,0.570,0.003,30.067,1,29.609,29.066
455,15.396735,0.542,29.188,0.756,0.003,30.505,1,29.615,29.734
456,15.428209,0.546,30.113,0.595,0.002,31.271,1,29.620,30.080
457,15.459329,0.520,29.955,0.635,0.003,31.128,1,29.625,30.352
458,15.484764,0.538,24.208,0.128,0.003,24.893,0,29.642,31.304
459,15.525847,9.866,31.032,0.571,0.003,41.492,1,29.627,30.295
460,15.553750,1.726,25.548,0.146,0.003,27.440,0,29.639,30.811
461,15.594308,7.075,33.277,0.617,0.003,40.991,1,29.625,30.088
462,15.620697,0.568,25.147,0.148,0.003,25.883,0,29.640,30.651
463,15.653834,7.624,25.305,0.162,0.003,33.114,0,29.641,30.613
464,15.693009,7.096,31.856,0.639,0.003,39.614,1,29.630,30.152
465,15.719444,0.557,25.179,0.141,0.003,25.897,0,29.645,30.597
466,15.767229,8.329,39.255,0.631,0.003,48.238,1,29.617,29.711
467,15.792242,0.787,23.535,0.148,0.003,24.491,0,29.635,30.193
468,15.820055,2.192,25.414,0.140,0.003,27.768,0,29.646,30.464
469,15.853674,8.364,25.055,0.139,0.004,33.581,0,29.646,30.425
470,15.886292,7.197,25.216,0.138,0.003,32.575,0,29.648,30.437
471,15.920170,7.959,25.721,0.143,0.003,33.846,0,29.648,30.392
472,15.953827,8.275,25.177,0.142,0.003,33.618,0,29.648,30.360
473,15.986668,7.041,25.594,0.139,0.004,32.799,0,29.649,30.364
474,16.019861,7.364,25.629,0.143,0.004,33.161,0,29.650,30.354
475,16.053323,8.150,25.109,0.138,0.003,33.420,0,29.651,30.335
476,16.086548,7.915,25.109,0.133,0.003,33.181,0,29.652,30.326
477,16.119548,7.477,25.330,0.175,0.003,33.005,0,29.653,30.324
478,16.153223,8.233,25.204,0.139,0.003,33.601,0,29.653,30.302
479,16.186171,7.579,25.166,0.136,0.003,32.905,0,29.655,30.304
480,16.219582,7.964,25.252,0.234,0.003,33.474,0,29.655,30.288
481,16.263449,8.192,35.288,0.135,0.003,43.637,0,29.637,22.855
482,16.290913,0.610,26.663,0.141,0.003,27.435,0,29.648,28.080
483,16.320044,3.738,25.193,0.142,0.004,29.095,0,29.657,29.893
484,16.359097,7.920,30.932,0.141,0.003,39.016,0,29.647,28.693
485,16.386755,2.397,25.060,0.139,0.003,27.618,0,29.658,29.929
486,16.425629,8.696,29.974,1.107,0.003,39.797,1,29.647,28.999
487,16.453390,1.562,25.035,0.142,0.003,26.760,0,29.659,29.953
488,16.485971,7.244,25.139,0.135,0.003,32.538,0,29.661,30.044
489,16.519297,7.985,25.148,0.134,0.003,33.289,0,29.662,30.040
490,16.553416,8.963,24.962,0.132,0.003,34.080,0,29.661,29.965
491,16.585776,7.032,25.138,0.130,0.003,32.320,0,29.664,30.048
492,16.619091,8.091,25.036,0.138,0.003,33.287,0,29.664,30.045
493,16.652835,8.674,24.873,0.141,0.003,33.708,0,29.664,30.013
494,16.686228,8.060,25.135,0.140,0.003,33.356,0,29.665,30.008
495,16.719234,7.801,25.007,0.135,0.003,32.963,0,29.666,30.028
496,16.752857,8.319,25.112,0.133,0.004,33.586,0,29.666,30.010
497,16.785837,7.778,25.010,0.141,0.003,32.951,0,29.668,30.027
498,16.819191,8.090,25.060,0.132,0.003,33.304,0,29.668,30.025
499,16.852287,8.236,24.668,0.138,0.003,33.064,0,29.669,30.035
500,16.883646,8.484,22.678,0.184,0.003,31.366,0,29.673,30.120
501,16.918508,10.110,24.507,0.139,0.002,34.777,0,29.671,30.051
502,16.957301,9.244,29.349,0.347,0.003,38.963,0,29.662,29.818
503,16.985964,3.836,24.414,0.134,0.003,28.406,0,29.671,30.016
504,17.018940,8.148,24.637,0.141,0.004,32.948,0,29.673,30.028
505,17.052510,9.016,24.352,0.134,0.003,33.524,0,29.673,30.019
506,17.085485,8.228,24.557,0.139,0.003,32.945,0,29.674,30.030
507,17.118443,8.283,24.476,0.140,0.003,32.923,0,29.675,30.042
508,17.152423,9.354,24.422,0.133,0.003,33.929,0,29.675,30.020
509,17.185499,8.229,24.657,0.141,0.003,33.048,0,29.676,30.027
510,17.218720,8.464,24.558,0.136,0.002,33.177,0,29.677,30.029
511,17.261353,9.197,33.163,0.144,0.003,42.526,0,29.661,23.458
512,17.277910,0.572,15.782,0.095,0.002,16.464,0,29.691,33.821
513,17.310705,16.149,16.513,0.106,0.002,32.785,0,29.692,32.629
514,17.353229,17.787,24.587,0.139,0.003,42.534,0,29.677,29.740
515,17.386026,8.162,24.437,0.141,0.003,32.762,0,29.679,29.887
516,17.420009,9.056,24.721,0.140,0.003,33.938,0,29.678,29.809
517,17.452831,8.116,24.507,0.140,0.003,32.785,0,29.680,29.901
518,17.485781,8.021,24.730,0.140,0.003,32.912,0,29.681,29.957
519,17.518861,8.330,24.550,0.141,0.003,33.042,0,29.682,29.987
520,17.557658,8.884,29.714,0.140,0.003,38.760,0,29.673,29.505
521,17.585985,3.333,24.793,0.141,0.003,28.288,0,29.682,29.952
522,17.619144,8.016,24.940,0.142,0.003,33.121,0,29.683,29.969
523,17.652175,8.042,24.603,0.138,0.003,32.804,0,29.684,29.992
524,17.685314,8.234,24.708,0.138,0.003,33.102,0,29.685,30.005
525,17.718820,8.759,24.551,0.140,0.003,33.472,0,29.686,29.995
526,17.752498,8.843,24.636,0.143,0.003,33.643,0,29.686,29.975
527,17.785587,8.009,24.876,0.143,0.003,33.050,0,29.687,29.990
528,17.818417,8.127,24.500,0.140,0.003,32.789,0,29.688,30.016
529,17.852212,8.924,24.671,0.144,0.002,33.760,0,29.688,29.993
530,17.885692,8.578,24.699,0.139,0.003,33.439,0,29.688,29.987
531,17.918602,7.879,24.830,0.142,0.003,32.874,0,29.690,30.005
532,17.952290,8.830,24.651,0.138,0.003,33.643,0,29.690,29.991
533,17.986055,9.033,24.534,0.140,0.002,33.726,0,29.689,29.974
534,18.019393,8.570,24.567,0.141,0.003,33.299,0,29.690,29.975
535,18.052118,7.988,24.537,0.141,0.003,32.688,0,29.692,29.998
536,18.085273,8.374,24.580,0.140,0.003,33.115,0,29.692,30.004
537,18.119013,8.984,24.557,0.144,0.003,33.708,0,29.692,29.990
538,18.154709,7.988,27.504,0.140,0.003,35.654,0,29.689,29.915
539,18.185425,5.797,24.716,0.143,0.002,30.676,0,29.694,29.999
540,18.218882,8.776,24.479,0.137,0.002,33.413,0,29.694,29.995
541,18.261684,8.647,33.885,0.139,0.003,42.693,0,29.679,23.368
542,18.288275,0.559,25.833,0.137,0.003,26.548,0,29.691,28.826
543,18.318619,5.571,24.576,0.142,0.003,30.312,0,29.696,30.081
544,18.352806,8.589,25.396,0.138,0.003,34.145,0,29.696,29.870
545,18.385402,7.490,24.907,0.139,0.003,32.558,0,29.697,30.028
546,18.418852,8.413,24.839,0.137,0.003,33.410,0,29.698,30.006
547,18.453325,9.174,25.102,0.140,0.003,34.438,0,29.696,29.859
548,18.487912,9.159,25.227,0.140,0.003,34.549,0,29.695,29.737
549,18.519106,5.624,25.369,0.140,0.003,31.154,0,29.699,29.979
550,18.552359,8.140,24.913,0.139,0.003,33.214,0,29.700,29.988
551,18.585447,8.357,24.532,0.142,0.003,33.053,0,29.700,30.009
552,18.618524,8.436,24.440,0.138,0.003,33.035,0,29.701,30.028
553,18.656710,9.041,28.948,1.094,0.003,39.102,1,29.693,29.628
554,18.692566,2.856,31.849,0.614,0.004,35.343,1,29.690,29.527
555,18.725366,0.566,31.556,0.636,0.003,32.778,1,29.691,29.587
556,18.761451,1.085,34.310,0.600,0.004,36.015,1,29.688,29.465
557,18.794739,0.551,32.081,0.596,0.003,33.247,1,29.688,29.498
558,18.828301,0.643,32.266,0.768,0.003,33.698,1,29.688,29.506
559,18.861882,0.551,32.206,0.608,0.004,33.385,1,29.689,29.528
560,18.895397,0.567,32.283,0.667,0.003,33.537,1,29.689,29.541
561,18.928155,0.570,31.463,0.531,0.003,32.582,1,29.690,29.592
562,18.959866,0.548,30.582,0.632,0.003,31.780,1,29.693,29.671
563,18.991437,0.564,30.316,0.562,0.003,31.461,1,29.697,29.755
564,19.023398,1.431,29.919,0.567,0.003,31.935,1,29.699,29.816
565,19.059018,3.976,31.025,0.610,0.003,35.630,1,29.696,29.741
566,19.092175,1.363,31.088,0.600,0.003,33.072,1,29.697,29.757
567,19.125272,1.284,31.152,0.616,0.003,33.072,1,29.698,29.773
568,19.157526,1.001,30.581,0.575,0.003,32.177,1,29.700,29.817
569,19.191935,2.591,31.187,0.607,0.004,34.406,1,29.699,29.789
570,19.225819,2.023,31.195,0.574,0.003,33.812,1,29.699,29.781
571,19.273844,0.635,46.690,0.593,0.003,47.938,1,29.677,20.819
572,19.305203,0.586,30.123,0.593,0.003,31.320,1,29.680,25.191
573,19.335714,0.588,29.274,0.494,0.003,30.371,1,29.685,27.322
574,19.371021,0.452,34.322,0.570,0.003,35.361,1,29.683,27.551
575,19.401703,0.611,29.444,0.387,0.002,30.456,1,29.688,28.460
576,19.432395,0.474,29.793,0.565,0.002,30.848,1,29.692,29.048
577,19.462235,0.526,28.699,0.566,0.003,29.809,1,29.698,29.611
578,19.487628,0.554,24.221,0.168,0.003,24.962,0,29.711,30.605
579,19.525584,6.683,31.051,0.624,0.003,38.379,1,29.704,30.019
580,19.558703,1.021,31.414,1.133,0.003,33.589,1,29.704,29.991
581,19.591559,0.555,31.113,0.587,0.004,32.273,1,29.706,30.076
582,19.624632,1.241,31.188,0.546,0.004,32.996,1,29.707,30.092
583,19.658021,1.592,31.196,0.555,0.003,33.362,1,29.707,30.081
584,19.691143,1.497,31.013,0.684,0.003,33.215,1,29.708,30.080
585,19.724558,1.547,31.127,0.673,0.004,33.366,1,29.708,30.070
586,19.760035,2.851,31.899,0.604,0.003,35.373,1,29.706,29.949
587,19.792808,0.562,31.549,0.545,0.003,32.674,1,29.707,29.985
588,19.824954,0.552,30.996,0.563,0.004,32.130,1,29.709,30.044
589,19.857492,1.349,30.572,0.697,0.003,32.639,1,29.711,30.073
590,19.892252,2.190,31.812,0.629,0.003,34.652,1,29.709,30.009
591,19.924251,0.890,30.420,0.552,0.003,31.882,1,29.712,30.069
592,19.962007,2.074,35.078,0.607,0.004,37.779,1,29.706,29.883
593,19.994211,0.558,30.982,0.622,0.003,32.182,1,29.708,29.931
594,20.026692,0.548,31.257,0.588,0.003,32.412,1,29.709,29.967
595,20.059178,0.636,31.205,0.577,0.004,32.437,1,29.711,29.999
596,20.091248,0.544,30.896,0.656,0.003,32.115,1,29.713,30.040
597,20.124392,1.349,31.083,0.597,0.003,33.050,1,29.714,30.047
598,20.158246,1.591,31.609,0.633,0.003,33.854,1,29.714,30.028
599,20.191542,1.231,31.374,0.657,0.003,33.281,1,29.714,30.027
600,20.224996,1.343,31.399,0.607,0.003,33.368,1,29.715,30.024
601,20.270511,0.676,44.096,0.384,0.002,45.171,1,29.698,22.085
602,20.303545,0.481,32.132,0.662,0.004,33.292,1,29.698,25.448
603,20.335417,0.585,30.568,0.435,0.003,31.603,1,29.701,27.214
604,20.364497,0.471,28.135,0.668,0.003,29.291,1,29.708,28.663
605,20.394546,0.535,28.794,0.512,0.003,29.859,1,29.713,29.508
606,20.424581,0.534,28.938,0.717,0.003,30.207,1,29.718,30.047
607,20.456266,1.624,29.295,0.512,0.003,31.447,1,29.721,30.282
608,20.491611,4.483,30.301,0.623,0.003,35.425,1,29.719,30.005
609,20.523483,1.115,30.080,0.632,0.003,31.845,1,29.721,30.151
610,20.561633,2.770,34.694,0.607,0.003,38.091,1,29.715,29.707
611,20.594133,0.564,31.273,0.571,0.003,32.427,1,29.716,29.803
612,20.626687,0.528,31.405,0.557,0.003,32.508,1,29.718,29.878
613,20.659055,0.593,31.165,0.565,0.003,32.341,1,29.720,29.953
614,20.690373,0.541,30.121,0.555,0.003,31.236,1,29.723,30.087
615,20.725264,2.590,31.690,0.575,0.003,34.875,1,29.721,29.987
616,20.758724,1.224,31.608,0.590,0.003,33.441,1,29.722,29.979
617,20.792974,1.624,31.983,0.634,0.003,34.260,1,29.721,29.930
618,20.825920,0.553,31.702,0.561,0.003,32.835,1,29.722,29.957
619,20.857403,1.360,29.506,0.741,0.004,31.629,1,29.725,30.038
620,20.892521,2.598,31.715,0.589,0.003,34.923,1,29.723,29.963
621,20.925238,0.545,31.527,0.598,0.003,32.690,1,29.724,29.990
622,20.958709,1.309,31.507,0.642,0.003,33.480,1,29.724,29.983
623,20.992438,1.575,31.455,0.637,0.004,33.687,1,29.724,29.969
624,21.024948,0.563,31.252,0.596,0.003,32.431,1,29.726,30.003
625,21.060001,2.345,32.057,0.581,0.003,35.003,1,29.724,29.941
626,21.092471,0.549,31.286,0.583,0.003,32.437,1,29.725,29.973
627,21.125098,0.542,31.448,0.605,0.003,32.613,1,29.727,29.997
628,21.162122,1.958,34.409,0.561,0.003,36.947,1,29.722,29.880
629,21.196402,0.554,33.112,0.556,0.003,34.240,1,29.721,29.856
630,21.227546,0.797,29.740,0.660,0.003,31.216,1,29.725,29.922
631,21.276287,0.548,47.410,0.426,0.003,48.399,1,29.704,20.620
632,21.308571,0.829,30.987,0.518,0.003,32.353,1,29.706,24.730
633,21.342046,0.558,32.348,0.541,0.003,33.464,1,29.706,26.231
634,21.375843,1.245,31.959,0.562,0.003,33.783,1,29.706,26.993
635,21.408965,0.483,32.033,0.520,0.003,33.052,1,29.706,27.583
636,21.443666,1.036,33.096,0.637,0.003,34.855,1,29.705,27.758
637,21.474691,0.578,29.689,0.381,0.003,30.663,1,29.709,28.357
638,21.504836,0.488,29.237,0.485,0.003,30.226,1,29.714,28.870
639,21.536667,0.546,30.750,0.432,0.003,31.743,1,29.716,29.137
640,21.567443,0.502,29.799,0.401,0.002,30.716,1,29.720,29.444
641,21.595250,0.479,26.889,0.507,0.003,27.890,1,29.728,29.929
642,21.624711,0.512,28.395,0.563,0.003,29.488,1,29.734,30.222
643,21.654466,0.526,28.615,0.539,0.003,29.697,1,29.739,30.460
644,21.689927,5.293,29.578,0.522,0.003,35.412,1,29.737,30.288
645,21.721490,1.428,29.560,0.537,0.003,31.545,1,29.739,30.376
646,21.757695,3.198,32.417,0.639,0.003,36.275,1,29.736,30.182
647,21.791216,1.957,30.869,0.708,0.003,33.555,1,29.736,30.158
648,21.822961,0.547,30.432,0.542,0.003,31.539,1,29.739,30.238
649,21.856222,2.343,30.324,0.730,0.003,33.419,1,29.739,30.219
650,21.891058,3.526,30.518,0.662,0.003,34.730,1,29.737,30.143
651,21.922968,0.538,30.647,0.583,0.003,31.788,1,29.740,30.201
652,21.956049,2.042,30.401,0.575,0.003,33.038,1,29.740,30.203
653,21.992727,4.250,31.620,0.611,0.003,36.503,1,29.736,30.061
654,22.025040,0.535,31.111,0.602,0.004,32.268,1,29.738,30.097
655,22.059000,1.769,31.532,0.634,0.003,33.956,1,29.738,30.069
656,22.091017,0.577,30.701,0.584,0.003,31.880,1,29.740,30.114
657,22.124767,2.207,30.904,0.620,0.003,33.752,1,29.740,30.095
658,22.156342,0.569,30.328,0.533,0.003,31.448,1,29.742,30.151
659,22.191667,3.427,31.313,0.682,0.003,35.486,1,29.740,30.078
660,22.224323,0.547,31.327,0.566,0.003,32.458,1,29.741,30.100
661,22.276226,2.243,48.963,0.425,0.003,51.648,1,29.717,19.324
662,22.305857,0.488,28.678,0.539,0.003,29.721,1,29.722,24.541
663,22.338728,0.562,31.718,0.504,0.003,32.800,1,29.723,26.240
664,22.375633,0.605,35.747,0.739,0.004,37.110,1,29.719,26.408
665,22.408977,0.555,31.994,0.567,0.003,33.134,1,29.719,27.079
666,22.442246,0.545,32.105,0.900,0.004,33.568,1,29.720,27.492
667,22.474902,0.609,31.095,0.564,0.003,32.284,1,29.721,27.937
668,22.504836,0.568,28.762,0.545,0.003,29.893,1,29.726,28.522
669,22.535401,0.562,29.405,0.463,0.003,30.447,1,29.730,28.942
670,22.566631,0.550,30.167,0.395,0.003,31.126,1,29.734,29.229
671,22.595426,0.453,27.908,0.581,0.002,28.957,1,29.740,29.641
672,22.626609,0.524,30.030,0.547,0.003,31.119,1,29.743,29.832
673,22.657691,0.607,29.874,0.560,0.003,31.061,1,29.746,29.999
674,22.690181,1.688,30.189,0.564,0.003,32.460,1,29.748,30.053
675,22.724141,2.205,31.135,0.601,0.003,33.960,1,29.747,30.010
676,22.757008,1.078,31.134,0.536,0.003,32.767,1,29.748,30.039
677,22.791919,3.033,31.288,0.602,0.003,34.943,1,29.747,29.950
678,22.825841,0.547,32.716,0.573,0.003,33.854,1,29.746,29.925
679,22.859578,0.542,32.570,0.874,0.004,34.008,1,29.746,29.895
680,22.892506,0.556,31.438,0.562,0.003,32.575,1,29.747,29.933
681,22.925284,0.546,31.615,0.573,0.003,32.752,1,29.748,29.959
682,22.961521,1.591,34.020,0.594,0.004,36.227,1,29.745,29.842
683,22.994371,0.562,31.636,0.574,0.003,32.792,1,29.746,29.868
684,23.027886,0.563,32.322,0.628,0.003,33.532,1,29.746,29.865
685,23.060513,0.571,31.371,0.609,0.003,32.571,1,29.747,29.896
686,23.092715,0.565,30.970,0.610,0.003,32.165,1,29.749,29.939
687,23.125084,0.567,31.133,0.599,0.003,32.319,1,29.750,29.974
688,23.158466,0.546,32.182,0.612,0.003,33.360,1,29.751,29.973
689,23.192400,0.791,32.474,0.604,0.003,33.889,1,29.750,29.955
690,23.225337,0.551,31.727,0.597,0.004,32.896,1,29.751,29.969
691,23.273174,0.578,46.533,0.612,0.003,47.744,1,29.733,20.903
692,23.297278,0.558,22.879,0.554,0.003,24.009,1,29.745,27.822
693,23.318097,0.539,19.674,0.528,0.002,20.758,1,29.762,32.370
694,23.347217,7.726,20.818,0.696,0.004,29.259,1,29.767,32.796
695,23.383931,11.664,24.299,0.556,0.003,36.538,1,29.763,31.538
696,23.420793,8.291,27.966,0.603,0.003,36.880,1,29.759,30.698
697,23.457560,5.465,30.642,0.609,0.003,36.737,1,29.755,30.143
698,23.490057,1.281,30.553,0.577,0.003,32.433,1,29.757,30.224
699,23.527131,1.735,34.702,0.683,0.003,37.142,1,29.752,29.814
700,23.566503,0.570,38.062,0.602,0.003,39.253,1,29.745,29.312
701,23.598420,0.672,30.587,0.592,0.003,31.870,1,29.747,29.485
702,23.628222,0.663,28.491,0.558,0.003,29.730,1,29.752,29.789
703,23.659239,0.544,29.860,0.607,0.003,31.031,1,29.755,29.961
704,23.690550,0.541,30.110,0.552,0.004,31.222,1,29.758,30.097
705,23.722989,1.300,30.532,0.519,0.003,32.370,1,29.760,30.147
706,23.756381,2.008,30.810,0.535,0.003,33.371,1,29.760,30.134
707,23.790851,2.813,31.069,0.605,0.003,34.507,1,29.759,30.061
708,23.823359,0.873,30.973,0.598,0.003,32.464,1,29.760,30.100
709,23.857191,1.920,31.259,0.743,0.004,33.945,1,29.759,30.064
710,23.889704,1.203,30.507,0.554,0.003,32.282,1,29.761,30.106
711,23.923064,1.901,30.852,0.580,0.003,33.353,1,29.761,30.099
712,23.956684,1.842,31.098,0.562,0.003,33.521,1,29.761,30.083
713,23.990444,1.820,31.324,0.593,0.003,33.757,1,29.761,30.062
714,24.024902,1.053,32.756,0.569,0.003,34.397,1,29.760,30.018
715,24.057332,0.537,31.270,0.606,0.003,32.432,1,29.761,30.048
716,24.090010,0.640,31.374,0.597,0.003,32.632,1,29.763,30.070
717,24.123279,1.804,30.807,0.650,0.003,33.285,1,29.763,30.067
718,24.159045,1.577,33.478,0.761,0.004,35.838,1,29.760,29.983
719,24.192504,1.272,31.367,0.581,0.003,33.238,1,29.761,29.985
720,24.224740,0.538,31.065,0.596,0.003,32.218,1,29.762,30.018
721,24.271969,0.540,45.965,0.581,0.003,47.106,1,29.746,21.186
722,24.296104,0.576,22.921,0.532,0.003,24.046,1,29.757,28.055
723,24.318035,0.506,20.844,0.507,0.003,21.872,1,29.772,32.191
724,24.350102,7.234,24.278,0.463,0.003,31.990,1,29.773,31.945
725,24.384612,8.664,25.342,0.621,0.004,34.647,1,29.772,31.273
726,24.422346,7.748,29.307,0.574,0.003,37.647,1,29.767,30.369
727,24.457178,3.301,30.901,0.583,0.003,34.804,1,29.766,30.119
728,24.489856,1.444,30.596,0.551,0.004,32.612,1,29.767,30.182
729,24.524431,2.969,30.997,0.582,0.003,34.568,1,29.766,30.034
730,24.556855,1.022,30.766,0.566,0.003,32.373,1,29.767,30.114
731,24.589674,1.530,30.673,0.556,0.003,32.776,1,29.768,30.147
732,24.623931,2.827,30.819,0.585,0.003,34.251,1,29.767,30.063
733,24.656384,1.386,30.426,0.556,0.003,32.386,1,29.768,30.121
734,24.689610,1.675,30.941,0.557,0.003,33.192,1,29.769,30.119
735,24.723780,2.826,30.733,0.622,0.003,34.201,1,29.768,30.057
736,24.757417,1.634,31.322,0.590,0.004,33.566,1,29.768,30.038
737,24.790559,0.515,31.984,0.601,0.004,33.120,1,29.769,30.045
738,24.823999,1.667,31.113,0.630,0.003,33.430,1,29.769,30.036
739,24.855991,1.716,29.595,0.799,0.004,32.133,1,29.771,30.090
740,24.891045,2.710,31.480,0.613,0.004,34.859,1,29.769,30.016
741,24.923336,0.858,30.720,0.615,0.004,32.213,1,29.771,30.060
742,24.955483,0.758,30.719,0.628,0.003,32.125,1,29.772,30.106
743,24.990725,2.793,31.765,0.639,0.003,35.219,1,29.770,30.025
744,25.023809,0.687,31.700,0.595,0.003,33.001,1,29.771,30.035
745,25.057819,1.835,31.523,0.580,0.004,33.957,1,29.770,30.010
746,25.090865,1.383,31.029,0.622,0.003,33.054,1,29.771,30.018
747,25.123547,0.859,31.142,0.701,0.004,32.723,1,29.772,30.037
748,25.157759,2.232,31.221,0.602,0.004,34.076,1,29.771,30.010
749,25.191816,1.995,31.401,0.603,0.003,34.019,1,29.771,29.987
750,25.223977,0.538,30.965,0.582,0.003,32.104,1,29.773,30.024
751,25.269961,1.010,44.269,0.362,0.002,45.655,1,29.758,21.857
752,25.302104,0.470,31.275,0.530,0.003,32.292,1,29.760,25.620
753,25.333041,0.550,29.801,0.561,0.003,30.929,1,29.763,27.515
754,25.366517,0.516,32.347,0.690,0.003,33.573,1,29.763,28.043
755,25.397594,0.593,29.735,0.545,0.003,30.892,1,29.766,28.807
756,25.427736,0.545,28.998,0.479,0.003,30.039,1,29.770,29.463
757,25.457838,0.517,29.060,0.590,0.003,30.185,1,29.774,29.933
758,25.489323,1.547,29.295,0.401,0.002,31.257,1,29.777,30.171
759,25.520881,2.632,28.484,0.498,0.003,31.631,1,29.779,30.323
760,25.556303,4.404,30.471,0.561,0.003,35.456,1,29.777,30.094
761,25.591152,3.408,30.823,0.661,0.003,34.914,1,29.775,29.953
762,25.622125,1.248,29.006,0.511,0.003,30.783,1,29.778,30.146
763,25.657325,4.504,30.132,0.582,0.002,35.237,1,29.776,30.000
764,25.690569,2.147,30.461,0.589,0.003,33.217,1,29.777,30.005
765,25.723392,1.776,30.401,0.632,0.003,32.829,1,29.778,30.033
766,25.756647,1.266,31.303,0.556,0.003,33.144,1,29.778,30.039
767,25.791950,3.511,31.183,0.630,0.004,35.344,1,29.776,29.929
768,25.818288,0.566,25.086,0.148,0.003,25.819,0,29.785,30.310
769,25.857787,7.619,31.674,0.641,0.003,39.956,1,29.778,29.975
770,25.889401,0.557,30.358,0.755,0.003,31.693,1,29.780,30.049
771,25.918545,3.260,25.066,0.138,0.003,28.484,0,29.785,30.254
772,25.949270,6.337,24.193,0.134,0.003,30.686,0,29.789,30.352
773,25.985304,9.243,26.596,0.140,0.003,36.004,0,29.786,30.228
774,26.018329,7.504,25.320,0.138,0.003,32.985,0,29.787,30.231
775,26.050894,6.598,25.766,0.139,0.004,32.527,0,29.788,30.249
776,26.085581,7.556,26.930,0.137,0.003,34.647,0,29.786,30.192
777,26.124538,7.194,31.566,0.624,0.003,39.405,1,29.780,29.980
778,26.152567,0.814,26.534,0.150,0.003,27.520,0,29.787,30.168
779,26.184992,5.508,26.705,0.141,0.003,32.376,0,29.788,30.191
780,26.223842,7.078,31.571,0.645,0.003,39.316,1,29.781,30.002
781,26.261225,0.620,35.970,0.141,0.003,36.751,0,29.778,27.125
782,26.288124,0.552,26.148,0.136,0.002,26.855,0,29.785,31.367
783,26.318347,3.044,26.794,0.131,0.002,29.989,0,29.789,31.922
784,26.352444,7.105,26.802,0.135,0.003,34.064,0,29.788,31.231
785,26.385289,5.755,26.893,0.132,0.003,32.804,0,29.789,31.071
786,26.418979,6.804,26.695,0.138,0.004,33.660,0,29.789,30.830
787,26.451021,6.708,25.135,0.132,0.002,31.996,0,29.791,30.884
788,26.490175,7.182,31.782,0.622,0.003,39.608,1,29.784,30.042
789,26.523491,1.293,31.345,0.726,0.003,33.385,1,29.784,30.028
790,26.557585,1.901,31.410,0.637,0.002,33.967,1,29.784,29.965
791,26.592185,0.557,33.351,0.606,0.003,34.532,1,29.783,29.868
792,26.618285,0.564,24.875,0.141,0.003,25.601,0,29.791,30.462
793,26.656431,6.327,31.618,0.651,0.003,38.617,1,29.786,30.052
794,26.684999,1.246,26.616,0.142,0.002,28.023,0,29.792,30.392
795,26.717260,6.994,25.068,0.138,0.003,32.221,0,29.793,30.432
796,26.751946,7.796,26.695,0.135,0.003,34.649,0,29.792,30.327
797,26.783415,6.049,25.226,0.130,0.003,31.427,0,29.794,30.409
798,26.817151,8.329,25.217,0.129,0.003,33.698,0,29.794,30.365
799,26.849992,7.440,25.211,0.129,0.003,32.803,0,29.795,30.370
800,26.883534,8.263,25.091,0.174,0.003,33.552,0,29.795,30.339
801,26.917233,8.092,25.370,0.133,0.003,33.617,0,29.795,30.309
802,26.951786,7.460,26.902,0.143,0.003,34.527,0,29.794,30.243
803,26.983283,6.067,25.226,0.139,0.003,31.455,0,29.796,30.306
804,27.016812,8.083,25.245,0.133,0.004,33.485,0,29.796,30.286
805,27.050487,8.356,25.126,0.137,0.003,33.644,0,29.796,30.262
806,27.083285,7.399,25.201,0.130,0.002,32.751,0,29.797,30.271
807,27.117152,8.461,25.218,0.136,0.002,33.837,0,29.796,30.242
808,27.150057,7.538,25.173,0.131,0.003,32.865,0,29.797,30.248
809,27.185814,7.600,27.967,0.143,0.003,35.734,0,29.795,30.163
810,27.219860,7.147,26.693,0.133,0.003,33.997,0,29.794,30.136
811,27.269226,4.686,44.402,0.141,0.003,49.253,0,29.777,20.259
812,27.294565,0.566,24.577,0.140,0.003,25.302,0,29.786,26.774
813,27.319781,0.561,24.458,0.145,0.003,25.185,0,29.795,30.024
814,27.350389,5.260,25.144,0.130,0.003,30.556,0,29.798,30.648
815,27.384373,8.478,25.315,0.298,0.003,34.116,0,29.798,30.365
816,27.417587,7.571,25.279,0.140,0.003,33.014,0,29.798,30.346
817,27.453041,8.592,26.660,0.133,0.003,35.408,0,29.796,30.021
818,27.483183,4.718,25.234,0.140,0.003,30.114,0,29.800,30.382
819,27.517270,8.825,25.057,0.138,0.003,34.044,0,29.799,30.262
820,27.551301,8.776,25.058,0.135,0.002,33.990,0,29.799,30.172
821,27.583126,6.452,25.180,0.139,0.003,31.796,0,29.801,30.281
822,27.618611,8.746,26.538,0.138,0.003,35.447,0,29.799,30.095
823,27.651158,5.921,26.431,0.137,0.002,32.509,0,29.800,30.142
824,27.682851,6.571,24.928,0.129,0.002,31.650,0,29.802,30.239
825,27.716831,8.938,24.852,0.139,0.003,33.950,0,29.801,30.183
826,27.749005,7.559,24.418,0.131,0.003,32.128,0,29.803,30.238
827,27.786729,8.486,29.050,0.133,0.003,37.690,0,29.798,29.990
828,27.817599,6.334,24.347,0.132,0.003,30.834,0,29.801,30.114
829,27.850569,6.906,25.877,0.142,0.003,32.944,0,29.802,30.125
830,27.882254,7.018,24.467,0.135,0.003,31.641,0,29.804,30.194
831,27.915850,8.912,24.493,0.132,0.002,33.557,0,29.804,30.173
832,27.951762,8.454,27.271,0.139,0.002,35.885,0,29.801,30.059
833,27.984385,6.268,26.161,0.136,0.003,32.584,0,29.802,30.084
834,28.015916,6.729,24.612,0.133,0.002,31.494,0,29.804,30.149
835,28.051009,8.695,26.207,0.141,0.003,35.064,0,29.803,30.079
836,28.083218,7.668,24.343,0.141,0.003,32.173,0,29.804,30.115
837,28.116365,8.456,24.491,0.137,0.003,33.106,0,29.805,30.117
838,28.149909,9.007,24.340,0.135,0.003,33.503,0,29.805,30.106
839,28.182155,7.650,24.404,0.134,0.003,32.209,0,29.806,30.137
840,28.215999,9.199,24.453,0.132,0.002,33.804,0,29.806,30.117
841,28.262686,8.469,37.949,0.131,0.003,46.571,0,29.792,21.425
842,28.286532,0.543,23.116,0.132,0.003,23.812,0,29.802,28.360
843,28.314918,3.757,24.443,0.133,0.003,28.352,0,29.807,30.331
844,28.349384,9.694,24.581,0.132,0.003,34.428,0,29.807,29.991
845,28.387525,8.531,29.420,0.185,0.003,38.158,0,29.802,29.143
846,28.417624,5.107,24.744,0.138,0.003,30.011,0,29.805,29.759
847,28.449945,6.822,25.300,0.143,0.003,32.285,0,29.807,29.922
848,28.482942,7.695,25.100,0.130,0.003,32.946,0,29.807,29.971
849,28.516137,8.106,24.903,0.141,0.003,33.171,0,29.808,29.987
850,28.550008,9.125,24.546,0.143,0.004,33.835,0,29.807,29.939
851,28.583541,8.715,24.615,0.183,0.004,33.537,0,29.807,29.925
852,28.616354,8.120,24.447,0.138,0.003,32.728,0,29.808,29.974
853,28.649707,8.640,24.514,0.138,0.003,33.314,0,29.808,29.974
854,28.682460,7.977,24.576,0.139,0.003,32.713,0,29.809,30.014
855,28.716012,8.634,24.722,0.141,0.003,33.520,0,29.809,29.999
856,28.748892,8.084,24.593,0.140,0.003,32.839,0,29.810,30.025
857,28.782138,8.456,24.591,0.141,0.003,33.211,0,29.810,30.028
858,28.815739,8.819,24.580,0.145,0.003,33.566,0,29.810,30.013
859,28.849248,8.736,24.566,0.141,0.003,33.465,0,29.810,30.004
860,28.882141,8.115,24.577,0.140,0.003,32.853,0,29.811,30.024
861,28.917191,8.737,26.114,0.144,0.003,35.018,0,29.809,29.949
862,28.951502,6.963,27.145,0.139,0.003,34.270,0,29.808,29.912
863,28.990280,5.858,32.647,0.300,0.003,38.828,0,29.803,29.699
864,29.016659,1.293,24.726,0.138,0.003,26.178,0,29.810,29.975
865,29.050042,8.657,24.526,0.140,0.003,33.345,0,29.810,29.975
866,29.082348,7.431,24.675,0.139,0.003,32.267,0,29.812,30.011
867,29.117316,8.607,26.162,0.138,0.004,34.929,0,29.810,29.956
868,29.149001,6.828,24.661,0.139,0.003,31.650,0,29.812,30.011
869,29.182366,8.537,24.629,0.140,0.003,33.327,0,29.812,30.009
870,29.215851,8.622,24.663,0.143,0.003,33.450,0,29.812,30.004
871,29.258985,8.296,34.567,0.144,0.003,43.029,0,29.803,23.190
872,29.284114,0.617,24.310,0.139,0.003,25.088,0,29.811,29.306
873,29.315629,6.707,24.610,0.178,0.004,31.517,0,29.813,30.060
874,29.349248,8.581,24.800,0.137,0.004,33.541,0,29.813,29.990
875,29.382433,8.280,24.703,0.140,0.003,33.145,0,29.814,30.018
876,29.415788,8.640,24.516,0.140,0.003,33.317,0,29.814,30.012
877,29.448835,8.372,24.473,0.135,0.003,33.001,0,29.814,30.048
878,29.482243,8.661,24.556,0.130,0.002,33.367,0,29.814,30.034
879,29.515569,8.446,24.694,0.176,0.002,33.336,0,29.815,30.026
880,29.549045,8.803,24.441,0.138,0.003,33.404,0,29.815,30.014
881,29.589967,8.752,31.972,0.142,0.003,40.889,0,29.807,29.404
882,29.616534,1.941,24.426,0.140,0.003,26.527,0,29.814,29.950
883,29.649136,7.767,24.635,0.141,0.003,32.565,0,29.815,30.004
884,29.682237,8.304,24.597,0.141,0.003,33.063,0,29.816,30.019
885,29.715893,8.852,24.604,0.141,0.003,33.618,0,29.816,29.998
886,29.749893,9.362,24.439,0.138,0.003,33.961,0,29.815,29.961
887,29.783061,8.586,24.380,0.139,0.003,33.125,0,29.815,29.972
888,29.815768,7.596,24.916,0.141,0.003,32.677,0,29.816,30.005
889,29.849820,9.354,24.495,0.139,0.004,34.010,0,29.816,29.971
890,29.882366,7.931,24.414,0.135,0.003,32.503,0,29.817,30.008
891,29.916024,8.111,25.346,0.143,0.003,33.621,0,29.817,29.993
892,29.949391,8.595,24.571,0.315,0.003,33.504,0,29.817,29.985
893,29.981833,7.544,24.519,0.162,0.003,32.248,0,29.818,30.027
894,30.015704,8.982,24.664,0.143,0.003,33.811,0,29.818,30.006
895,30.049061,8.727,24.428,0.143,0.003,33.320,0,29.818,30.005
896,30.082710,8.966,24.480,0.139,0.003,33.608,0,29.818,29.994
897,30.115032,7.647,24.476,0.140,0.002,32.284,0,29.819,30.028
898,30.148560,8.853,24.475,0.136,0.002,33.484,0,29.819,30.021
899,30.189999,8.475,32.772,0.136,0.003,41.405,0,29.811,29.770
900,30.217320,2.603,24.526,0.130,0.003,27.280,0,29.817,29.957
901,30.263936,6.665,39.687,0.142,0.003,46.518,0,29.804,21.453
902,30.287807,0.748,22.924,0.133,0.003,23.825,0,29.814,28.378
903,30.316204,3.793,24.414,0.139,0.003,28.367,0,29.819,30.340
904,30.349579,8.700,24.475,0.142,0.003,33.338,0,29.819,30.244
905,30.382683,8.385,24.518,0.138,0.003,33.064,0,29.819,30.237
906,30.416223,8.769,24.572,0.145,0.003,33.508,0,29.819,30.165
907,30.449125,8.204,24.491,0.142,0.003,32.858,0,29.820,30.198
908,30.481923,8.009,24.588,0.138,0.003,32.757,0,29.821,30.235
909,30.516487,8.853,25.513,0.140,0.003,34.526,0,29.820,30.084
910,30.548785,7.744,24.356,0.135,0.003,32.256,0,29.821,30.170
911,30.582000,8.091,24.923,0.140,0.003,33.177,0,29.821,30.164
912,30.616626,8.223,26.203,0.138,0.003,34.584,0,29.820,30.053
913,30.648898,7.037,24.860,0.140,0.003,32.059,0,29.821,30.122
914,30.682587,8.113,25.376,0.142,0.003,33.653,0,29.821,30.090
915,30.715822,8.153,24.880,0.146,0.003,33.201,0,29.822,30.090
916,30.749051,8.261,24.762,0.142,0.003,33.187,0,29.822,30.090
917,30.790950,7.945,33.751,0.140,0.003,41.857,0,29.814,29.636
918,30.816371,0.822,24.401,0.139,0.004,25.384,0,29.822,30.048
919,30.848966,7.757,24.640,0.141,0.003,32.559,0,29.823,30.080
920,30.882196,8.521,24.508,0.142,0.003,33.192,0,29.823,30.081
921,30.914882,7.980,24.505,0.140,0.003,32.647,0,29.824,30.105
922,30.949991,10.395,24.513,0.141,0.004,35.072,0,29.822,30.027
923,30.981991,7.181,24.617,0.142,0.003,31.961,0,29.824,30.078
924,31.015296,8.573,24.529,0.139,0.003,33.264,0,29.824,30.076
925,31.049600,9.675,24.430,0.141,0.003,34.268,0,29.823,30.038
926,31.081557,7.229,24.527,0.137,0.003,31.915,0,29.825,30.085
927,31.114815,8.530,24.532,0.142,0.003,33.225,0,29.825,30.084
928,31.149651,10.258,24.378,0.141,0.003,34.798,0,29.824,30.032
929,31.181666,7.134,24.682,0.142,0.003,31.981,0,29.825,30.072
930,31.215349,8.808,24.672,0.142,0.003,33.644,0,29.825,30.059
931,31.262284,10.337,36.321,0.140,0.003,46.819,0,29.812,21.314
932,31.278633,0.544,15.608,0.135,0.003,16.307,0,29.829,31.614
933,31.308027,12.096,17.106,0.144,0.003,29.368,0,29.832,32.374
934,31.348988,15.913,24.549,0.141,0.004,40.625,0,29.825,29.935
935,31.388755,7.889,31.673,0.145,0.003,39.731,0,29.819,28.836
936,31.415442,2.004,24.473,0.137,0.003,26.634,0,29.826,29.989
937,31.448724,8.679,24.406,0.139,0.003,33.246,0,29.826,29.997
938,31.481639,8.125,24.591,0.141,0.003,32.880,0,29.827,30.044
939,31.514917,8.468,24.610,0.140,0.003,33.238,0,29.827,30.045
940,31.549226,9.782,24.328,0.139,0.003,34.271,0,29.826,29.953
941,31.581866,8.015,24.426,0.142,0.002,32.603,0,29.827,30.013
942,31.615843,9.254,24.524,0.144,0.003,33.943,0,29.827,29.964
943,31.648530,7.902,24.580,0.137,0.003,32.641,0,29.827,30.012
944,31.681404,8.178,24.498,0.138,0.003,32.837,0,29.828,30.041
945,31.716729,8.963,26.164,0.140,0.003,35.289,0,29.826,29.918
946,31.748468,7.049,24.491,0.140,0.003,31.702,0,29.828,30.013
947,31.783613,8.996,25.949,0.211,0.003,35.178,0,29.826,29.913
948,31.816389,6.301,26.205,0.139,0.003,32.668,0,29.827,29.949
949,31.848352,7.315,24.445,0.102,0.003,31.880,0,29.829,30.018
950,31.881303,8.245,24.561,0.143,0.002,32.969,0,29.829,30.033
951,31.916666,9.168,25.993,0.140,0.002,35.322,0,29.828,29.944
952,31.948427,6.995,24.566,0.140,0.003,31.724,0,29.829,30.011
953,31.989698,8.757,32.311,0.143,0.003,41.234,0,29.822,29.703
954,32.014974,0.557,24.517,0.140,0.004,25.237,0,29.830,30.015
955,32.053266,9.271,28.821,1.105,0.003,39.216,1,29.824,29.802
956,32.088011,2.399,31.185,0.768,0.003,34.375,1,29.824,29.773
957,32.118662,3.185,26.637,0.144,0.003,29.988,0,29.827,29.890
958,32.155906,5.818,31.223,0.757,0.004,37.821,1,29.823,29.751
959,32.182748,0.927,25.096,0.150,0.004,26.195,0,29.830,29.977
960,32.215638,7.605,25.078,0.168,0.004,32.872,0,29.830,29.991
961,32.264548,8.020,40.587,0.105,0.002,48.728,0,29.816,20.478
962,32.293254,0.469,28.092,1.098,0.003,29.677,1,29.819,25.467
963,32.325512,0.570,30.533,0.588,0.003,31.710,1,29.821,27.203
964,32.357689,0.566,30.966,0.599,0.004,32.151,1,29.822,28.076
965,32.390074,0.556,31.176,0.600,0.003,32.351,1,29.823,28.595
966,32.422030,0.563,30.737,0.539,0.003,31.858,1,29.825,29.021
967,32.455697,2.098,30.976,0.577,0.003,33.671,1,29.825,29.112
968,32.489640,1.348,31.962,0.562,0.003,33.892,1,29.824,29.156
969,32.523513,0.548,32.709,0.671,0.003,33.948,1,29.824,29.186
970,32.556632,0.560,31.832,0.606,0.003,33.017,1,29.824,29.290
971,32.595547,0.557,37.700,0.688,0.003,38.964,1,29.819,28.916
972,32.626264,0.576,29.397,0.612,0.003,30.604,1,29.822,29.193
973,32.658191,0.567,30.690,0.616,0.003,31.893,1,29.823,29.346
974,32.690374,0.551,30.961,0.620,0.003,32.152,1,29.825,29.463
975,32.722601,0.545,31.007,0.611,0.002,32.181,1,29.826,29.563
976,32.755417,0.920,31.230,0.822,0.004,32.996,1,29.826,29.607
977,32.787402,0.550,30.554,0.671,0.003,31.794,1,29.828,29.707
978,32.821739,2.151,31.460,0.633,0.003,34.263,1,29.827,29.676
979,32.855021,1.580,31.015,0.682,0.003,33.298,1,29.827,29.693
980,32.887462,0.755,30.947,0.681,0.004,32.403,1,29.828,29.748
981,32.921171,1.791,31.182,0.603,0.003,33.596,1,29.828,29.747
982,32.954660,1.591,31.239,0.596,0.003,33.447,1,29.828,29.752
983,32.987817,1.382,31.123,0.594,0.003,33.118,1,29.829,29.770
984,33.020871,1.403,31.002,0.603,0.003,33.028,1,29.829,29.789
985,33.055328,2.550,31.250,0.674,0.003,34.494,1,29.828,29.755
986,33.087139,0.534,30.547,0.589,0.003,31.688,1,29.830,29.820
987,33.122432,3.487,31.162,0.602,0.003,35.271,1,29.828,29.761
988,33.155427,1.113,31.223,0.663,0.003,33.019,1,29.829,29.779
989,33.195532,0.952,38.430,0.636,0.003,40.037,1,29.823,29.581
990,33.226457,0.568,29.667,0.603,0.003,30.857,1,29.825,29.667
991,33.271835,0.605,44.038,0.584,0.002,45.243,1,29.814,22.052
992,33.296670,0.465,23.746,0.588,0.002,24.815,1,29.822,28.496
993,33.320015,0.513,22.195,0.528,0.002,23.253,1,29.831,32.095
994,33.347788,3.805,23.393,0.532,0.003,27.747,1,29.837,32.990
995,33.382017,8.211,25.436,0.544,0.003,34.209,1,29.836,32.157
996,33.418001,7.370,28.022,0.557,0.003,35.966,1,29.834,31.334
997,33.454967,5.461,30.896,0.570,0.004,36.947,1,29.831,30.639
998,33.486277,0.776,29.907,0.620,0.002,31.324,1,29.833,30.790
999,33.522666,4.175,31.536,0.640,0.003,36.373,1,29.830,30.381
1000,33.555527,0.763,31.400,0.685,0.003,32.867,1,29.831,30.382
1001,33.588430,0.567,31.594,0.574,0.003,32.755,1,29.831,30.392
1002,33.621110,1.720,30.332,0.655,0.003,32.727,1,29.832,30.403
1003,33.655865,3.603,30.444,0.672,0.003,34.738,1,29.831,30.270
1004,33.689439,0.949,31.896,0.516,0.003,33.378,1,29.831,30.245
1005,33.720807,1.313,29.489,0.528,0.003,31.347,1,29.833,30.348
1006,33.755119,3.173,30.560,0.795,0.004,34.550,1,29.832,30.255
1007,33.793436,0.540,36.923,0.588,0.003,38.070,1,29.828,29.985
1008,33.826039,0.560,31.398,0.520,0.003,32.496,1,29.829,30.026
1009,33.860886,0.534,33.744,0.567,0.003,34.862,1,29.827,29.950
1010,33.891764,0.532,29.725,0.561,0.003,30.837,1,29.830,30.064
1011,33.922737,0.545,29.811,0.540,0.003,30.914,1,29.832,30.164
1012,33.954277,0.606,30.344,0.547,0.004,31.517,1,29.834,30.230
1013,33.987344,2.540,29.925,0.562,0.003,33.047,1,29.834,30.230
1014,34.020056,1.798,30.301,0.510,0.003,32.627,1,29.835,30.246
1015,34.055521,3.954,30.947,0.584,0.004,35.506,1,29.833,30.156
1016,34.086963,0.719,30.087,0.499,0.003,31.323,1,29.835,30.219
1017,34.120376,2.708,30.156,0.581,0.003,33.463,1,29.835,30.205
1018,34.155726,3.834,30.881,0.640,0.003,35.377,1,29.833,30.130
1019,34.187594,0.737,30.433,0.784,0.003,31.974,1,29.835,30.167
1020,34.219973,1.317,30.223,0.555,0.003,32.114,1,29.836,30.198
1021,34.271523,4.240,46.633,0.612,0.003,51.503,1,29.820,19.381
1022,34.303856,0.479,31.202,0.554,0.003,32.252,1,29.821,23.846
1023,34.333923,0.529,28.933,0.505,0.003,29.982,1,29.824,26.342
1024,34.364014,0.516,29.024,0.392,0.003,29.947,1,29.827,27.803
1025,34.401113,0.452,36.214,0.501,0.003,37.184,1,29.824,27.613
1026,34.431802,0.545,29.590,0.380,0.002,30.529,1,29.827,28.350
1027,34.460695,0.444,28.031,0.542,0.003,29.034,1,29.831,29.082
1028,34.490917,0.526,29.104,0.531,0.003,30.178,1,29.833,29.530
1029,34.521233,0.578,29.157,0.547,0.003,30.301,1,29.836,29.876
1030,34.553355,1.619,29.902,0.520,0.003,32.061,1,29.837,30.000
1031,34.586977,2.780,30.269,0.527,0.004,33.597,1,29.837,29.976
1032,34.619034,1.983,29.492,0.574,0.003,32.069,1,29.839,30.070
1033,34.654312,4.476,30.173,0.563,0.003,35.232,1,29.837,29.931
1034,34.687307,1.400,30.977,0.670,0.004,33.070,1,29.837,29.950
1035,34.719997,1.546,30.410,0.552,0.003,32.528,1,29.838,29.999
1036,34.756026,4.331,31.093,0.726,0.003,36.172,1,29.836,29.839
1037,34.788628,0.547,31.272,0.619,0.003,32.458,1,29.837,29.892
1038,34.823109,0.558,33.246,0.640,0.004,34.466,1,29.836,29.840
1039,34.858033,0.699,33.526,0.574,0.003,34.818,1,29.835,29.777
1040,34.892717,0.539,33.518,0.579,0.003,34.656,1,29.834,29.728
1041,34.924412,0.873,30.184,0.568,0.003,31.646,1,29.835,29.811
1042,34.955366,0.540,29.617,0.618,0.003,30.794,1,29.838,29.914
1043,34.992333,0.529,35.770,0.571,0.004,36.890,1,29.835,29.779
1044,35.023487,0.565,29.956,0.631,0.003,31.172,1,29.837,29.866
1045,35.054798,0.542,30.083,0.558,0.004,31.202,1,29.839,29.947
1046,35.087891,0.580,31.901,0.553,0.003,33.052,1,29.839,29.957
1047,35.123161,1.586,33.080,0.605,0.003,35.290,1,29.837,29.893
1048,35.154048,0.512,29.719,0.530,0.003,30.779,1,29.840,29.977
1049,35.186965,2.426,29.908,0.520,0.003,32.872,1,29.840,29.991
1050,35.220379,2.941,29.902,0.577,0.003,33.440,1,29.840,29.987
1051,35.267435,1.856,44.496,0.841,0.003,47.217,1,29.829,21.138
1052,35.291539,0.574,22.629,0.657,0.003,23.880,1,29.837,28.079
1053,35.316049,1.501,22.298,0.519,0.004,24.339,1,29.844,31.381
1054,35.344829,7.377,20.835,0.512,0.003,28.742,1,29.848,32.161
1055,35.381360,11.172,24.792,0.565,0.002,36.548,1,29.846,31.064
1056,35.416317,7.485,26.857,0.535,0.003,34.895,1,29.845,30.630
1057,35.454434,6.292,31.240,0.595,0.004,38.146,1,29.841,29.907
1058,35.487170,0.949,31.138,0.640,0.004,32.748,1,29.841,29.980
1059,35.520910,2.226,30.812,0.594,0.004,33.654,1,29.841,29.946
1060,35.553822,1.042,31.219,0.587,0.003,32.869,1,29.842,29.990
1061,35.592705,1.789,36.450,0.579,0.003,38.839,1,29.837,29.545
1062,35.624198,0.572,30.285,0.602,0.003,31.479,1,29.839,29.715
1063,35.655837,0.574,30.405,0.569,0.003,31.567,1,29.840,29.855
1064,35.687804,0.522,30.825,0.549,0.003,31.913,1,29.842,29.954
1065,35.720261,1.105,30.748,0.565,0.003,32.438,1,29.843,30.008
1066,35.755016,1.879,32.258,0.808,0.003,34.968,1,29.841,29.915
1067,35.787816,0.548,31.378,0.617,0.004,32.564,1,29.842,29.958
1068,35.821002,0.644,31.869,0.590,0.003,33.124,1,29.842,29.969
1069,35.854416,0.801,31.968,0.624,0.003,33.414,1,29.842,29.965
1070,35.888125,0.936,32.094,0.600,0.004,33.651,1,29.842,29.951
1071,35.920968,1.176,31.012,0.610,0.003,32.817,1,29.843,29.974
1072,35.952991,0.774,30.579,0.556,0.003,31.929,1,29.844,30.031
1073,35.988305,3.572,31.134,0.543,0.003,35.269,1,29.843,29.953
1074,36.019798,0.543,30.354,0.584,0.003,31.501,1,29.844,30.022
1075,36.053701,2.222,31.042,0.594,0.003,33.878,1,29.844,30.000
1076,36.088290,2.766,31.174,0.557,0.003,34.517,1,29.843,29.958
1077,36.119909,0.645,30.364,0.577,0.003,31.605,1,29.845,30.016
1078,36.153409,2.421,30.448,0.562,0.003,33.451,1,29.845,30.011
1079,36.193288,2.432,36.831,0.598,0.003,39.881,1,29.839,29.807
1080,36.225897,0.569,31.385,0.570,0.003,32.544,1,29.840,29.836
1081,36.273412,0.564,46.245,0.998,0.003,47.830,1,29.828,20.864
1082,36.308800,0.589,33.741,0.579,0.003,34.930,1,29.827,24.126
1083,36.337825,0.595,27.794,0.600,0.003,29.008,1,29.831,26.799
1084,36.368533,0.574,29.480,0.564,0.003,30.638,1,29.833,28.047
1085,36.398634,0.550,28.935,0.400,0.002,29.900,1,29.836,28.976
1086,36.429684,0.544,30.067,0.443,0.003,31.069,1,29.838,29.463
1087,36.458662,0.458,28.039,0.531,0.002,29.044,1,29.842,30.080
1088,36.488733,0.575,28.916,0.568,0.003,30.078,1,29.844,30.439
1089,36.520743,0.547,30.842,0.600,0.003,32.009,1,29.846,30.523
1090,36.553303,1.884,30.017,0.541,0.003,32.462,1,29.846,30.547
1091,36.586686,2.181,30.607,0.548,0.002,33.355,1,29.846,30.492
1092,36.619441,1.741,30.408,0.610,0.003,32.779,1,29.847,30.490
1093,36.651731,2.187,29.441,0.564,0.003,32.212,1,29.848,30.530
1094,36.686382,4.080,29.953,0.557,0.003,34.610,1,29.847,30.404
1095,36.719628,1.952,30.681,0.640,0.003,33.292,1,29.847,30.377
1096,36.752718,1.811,30.584,0.740,0.003,33.156,1,29.848,30.362
1097,36.793142,2.709,36.915,0.595,0.003,40.238,1,29.842,29.969
1098,36.824332,0.560,29.979,0.584,0.004,31.143,1,29.844,30.078
1099,36.856471,0.565,30.933,0.619,0.003,32.136,1,29.845,30.130
1100,36.888754,0.549,31.061,0.619,0.003,32.249,1,29.846,30.171
1101,36.920330,0.553,30.348,0.543,0.003,31.463,1,29.848,30.242
1102,36.954549,2.455,31.168,0.620,0.003,34.264,1,29.847,30.191
1103,36.987252,0.961,31.062,0.672,0.003,32.717,1,29.848,30.206
1104,37.019289,0.958,30.350,0.635,0.002,31.962,1,29.849,30.248
1105,37.053608,2.260,31.372,0.596,0.004,34.248,1,29.848,30.203
1106,37.087175,1.983,30.928,0.648,0.003,33.581,1,29.848,30.185
1107,37.120744,1.686,31.176,0.600,0.004,33.484,1,29.848,30.172
1108,37.154662,1.272,31.989,0.596,0.003,33.876,1,29.848,30.147
1109,37.186562,0.631,30.617,0.551,0.003,31.817,1,29.849,30.188
1110,37.219884,1.727,30.989,0.588,0.004,33.326,1,29.849,30.181
1111,37.270595,1.647,48.344,0.656,0.003,50.665,1,29.835,19.698
1112,37.293773,0.722,21.759,0.529,0.003,23.027,1,29.844,27.094
1113,37.316360,0.542,21.466,0.521,0.002,22.545,1,29.852,31.122
1114,37.344168,5.336,21.900,0.502,0.003,27.757,1,29.857,32.210
1115,37.380864,11.472,24.674,0.518,0.003,36.682,1,29.854,31.076
1116,37.418348,7.883,29.034,0.581,0.003,37.518,1,29.851,30.235
1117,37.454694,3.579,32.131,0.588,0.002,36.316,1,29.849,29.813
1118,37.488800,0.598,32.866,0.560,0.003,34.042,1,29.848,29.754
1119,37.521231,0.514,31.305,0.585,0.003,32.423,1,29.849,29.867
1120,37.553201,1.271,30.059,0.562,0.003,31.913,1,29.851,30.005
1121,37.588323,2.198,32.304,0.570,0.003,35.093,1,29.849,29.858
1122,37.619774,0.539,30.287,0.551,0.003,31.397,1,29.851,30.012
1123,37.652774,1.714,30.681,0.562,0.003,32.978,1,29.851,30.033
1124,37.685036,1.159,30.487,0.556,0.003,32.222,1,29.852,30.101
1125,37.719816,3.208,30.961,0.623,0.003,34.813,1,29.851,30.003
1126,37.753347,1.836,31.014,0.762,0.003,33.633,1,29.851,29.984
1127,37.787013,1.751,31.091,0.602,0.003,33.464,1,29.851,29.975
1128,37.819255,0.963,30.583,0.607,0.003,32.212,1,29.852,30.031
1129,37.860294,2.017,38.354,0.565,0.003,40.956,1,29.846,29.670
1130,37.891189,0.568,29.705,0.676,0.004,30.972,1,29.848,29.789
1131,37.923284,0.556,30.805,0.602,0.003,31.985,1,29.849,29.855
1132,37.955411,0.548,30.921,0.682,0.003,32.172,1,29.850,29.907
1133,37.987957,0.554,31.252,0.614,0.003,32.442,1,29.851,29.945
1134,38.020369,0.550,31.187,0.572,0.004,32.330,1,29.852,29.983
1135,38.053485,1.128,31.359,0.601,0.003,33.108,1,29.852,29.990
1136,38.088068,1.774,32.153,0.570,0.003,34.516,1,29.851,29.949
1137,38.119453,0.517,30.248,0.638,0.003,31.421,1,29.853,30.013
1138,38.152752,1.935,30.674,0.593,0.004,33.223,1,29.853,30.015
1139,38.187488,2.632,31.453,0.660,0.004,34.767,1,29.852,29.969
1140,38.220424,0.673,31.544,0.604,0.003,32.843,1,29.853,29.984
1141,38.268716,1.904,45.656,0.779,0.004,48.363,1,29.841,20.638
1142,38.299036,0.589,28.889,0.589,0.004,30.087,1,29.844,25.451
1143,38.330919,0.577,30.619,0.369,0.002,31.581,1,29.845,27.212
1144,38.362984,0.535,31.121,0.366,0.002,32.035,1,29.846,28.108
1145,38.392312,0.504,28.419,0.528,0.003,29.467,1,29.849,29.104
1146,38.422739,0.525,29.322,0.562,0.003,30.426,1,29.852,29.665
1147,38.461500,0.598,37.549,0.583,0.003,38.750,1,29.848,29.041
1148,38.491969,0.629,29.202,0.594,0.003,30.445,1,29.850,29.464
1149,38.522799,0.544,29.636,0.591,0.004,30.792,1,29.852,29.767
1150,38.553796,0.581,29.768,0.559,0.004,30.927,1,29.854,30.002
1151,38.586921,2.045,30.466,0.603,0.003,33.135,1,29.854,30.015
1152,38.619357,1.140,30.635,0.615,0.003,32.410,1,29.855,30.080
1153,38.653863,2.783,31.055,0.551,0.003,34.409,1,29.854,29.997
1154,38.686958,1.373,31.116,0.575,0.003,33.085,1,29.855,30.011
1155,38.720781,1.894,31.299,0.604,0.004,33.818,1,29.854,29.979
1156,38.752610,0.562,30.606,0.752,0.004,31.943,1,29.855,30.057
1157,38.786952,2.311,31.214,0.621,0.003,34.168,1,29.855,30.007
1158,38.819303,1.218,30.456,0.662,0.003,32.357,1,29.856,30.054
1159,38.853373,2.113,31.240,0.602,0.003,33.975,1,29.855,30.019
1160,38.886795,1.507,31.255,0.596,0.003,33.378,1,29.855,30.014
1161,38.920596,1.508,31.641,0.587,0.003,33.758,1,29.855,29.994
1162,38.953585,1.167,31.178,0.562,0.004,32.930,1,29.856,30.009
1163,38.987734,1.380,32.146,0.599,0.004,34.147,1,29.855,29.976
1164,39.019525,0.567,30.569,0.636,0.003,31.791,1,29.856,30.033
1165,39.057198,0.993,35.988,0.545,0.003,37.546,1,29.853,29.879
1166,39.088037,0.510,29.732,0.572,0.003,30.832,1,29.855,29.969
1167,39.119197,0.535,29.999,0.606,0.003,31.160,1,29.857,30.041
1168,39.152313,1.805,30.648,0.540,0.003,33.011,1,29.857,30.049
1169,39.187414,2.958,31.384,0.646,0.003,35.008,1,29.856,29.989
1170,39.220069,0.645,31.310,0.586,0.004,32.561,1,29.857,30.012
1171,39.268204,3.154,44.266,0.789,0.004,48.233,1,29.845,20.693
1172,39.298862,0.588,29.219,0.569,0.003,30.396,1,29.848,25.392
1173,39.329991,0.627,29.878,0.388,0.003,30.907,1,29.850,27.345
1174,39.360658,0.483,29.759,0.599,0.003,30.858,1,29.852,28.452
1175,39.392173,0.554,30.309,0.554,0.003,31.434,1,29.853,29.060
1176,39.421726,0.552,28.395,0.547,0.003,29.513,1,29.856,29.761
1177,39.452090,0.520,29.244,0.523,0.004,30.306,1,29.859,30.180
1178,39.485100,2.780,29.654,0.549,0.003,33.004,1,29.859,30.191
1179,39.518244,2.036,30.505,0.526,0.004,33.087,1,29.859,30.191
1180,39.551720,2.004,30.893,0.590,0.003,33.508,1,29.859,30.153
1181,39.586078,3.009,30.702,0.573,0.003,34.304,1,29.859,30.056
1182,39.619561,1.646,31.208,0.714,0.004,33.590,1,29.858,30.029
1183,39.661134,2.727,38.071,0.581,0.003,41.398,1,29.852,29.475
1184,39.691565,0.551,29.245,0.633,0.003,30.448,1,29.855,29.691
1185,39.722611,0.558,29.797,0.588,0.003,30.963,1,29.857,29.849
1186,39.754085,0.604,30.227,0.736,0.004,31.589,1,29.858,29.954
1187,39.785683,0.534,30.269,0.498,0.004,31.320,1,29.860,30.061
1188,39.819148,2.552,30.360,0.594,0.003,33.527,1,29.860,30.046
1189,39.852792,2.835,30.158,0.619,0.003,33.634,1,29.859,30.028
1190,39.885543,1.827,30.246,0.555,0.003,32.648,1,29.860,30.056
1191,39.920264,2.759,31.352,0.625,0.003,34.757,1,29.859,29.991
1192,39.956511,1.181,34.382,0.533,0.003,36.116,1,29.857,29.876
1193,39.987173,0.519,29.558,0.605,0.003,30.700,1,29.859,29.983
1194,40.017280,1.035,28.409,0.471,0.003,29.934,1,29.862,30.110
1195,40.050463,3.485,29.178,0.499,0.003,33.181,1,29.862,30.110
1196,40.084218,3.605,29.600,0.524,0.003,33.750,1,29.862,30.090
1197,40.118754,3.904,30.056,0.518,0.004,34.496,1,29.861,30.047
1198,40.151977,2.744,29.907,0.571,0.003,33.243,1,29.861,30.047
1199,40.184405,2.488,29.313,0.556,0.003,32.378,1,29.862,30.074
1200,40.219237,3.514,30.708,0.588,0.004,34.832,1,29.861,30.025
1201,40.264394,1.957,42.477,0.787,0.003,45.240,1,29.852,22.054
1202,40.295005,0.458,29.321,0.555,0.003,30.352,1,29.854,26.412
1203,40.326373,0.535,30.225,0.527,0.003,31.305,1,29.856,28.021
1204,40.357941,0.513,30.481,0.552,0.002,31.565,1,29.857,28.848
1205,40.388471,0.520,29.408,0.539,0.003,30.487,1,29.860,29.556
1206,40.419024,0.529,29.433,0.541,0.003,30.522,1,29.862,30.041
1207,40.454429,3.992,30.819,0.631,0.003,35.464,1,29.860,29.759
1208,40.485482,0.544,29.821,0.522,0.003,30.906,1,29.862,30.056
1209,40.518958,2.550,30.351,0.511,0.003,33.432,1,29.862,30.037
1210,40.552220,2.784,29.913,0.543,0.003,33.259,1,29.862,30.037
1211,40.585989,2.961,30.213,0.554,0.003,33.749,1,29.862,29.997
1212,40.619034,2.154,30.282,0.516,0.004,32.971,1,29.862,30.022
1213,40.651769,1.646,30.519,0.576,0.003,32.762,1,29.863,30.057
1214,40.686379,3.751,30.228,0.576,0.003,34.575,1,29.862,29.971
1215,40.717262,1.070,29.182,0.532,0.003,30.802,1,29.864,30.123
1216,40.753884,4.572,31.467,0.704,0.003,36.764,1,29.862,29.921
1217,40.788140,2.397,31.096,0.622,0.003,34.135,1,29.861,29.881
1218,40.820890,0.557,31.514,0.589,0.003,32.680,1,29.862,29.918
1219,40.857685,0.533,35.619,0.583,0.003,36.755,1,29.859,29.760
1220,40.889720,0.558,30.835,0.570,0.004,31.983,1,29.860,29.831
1221,40.921385,0.539,30.501,0.565,0.003,31.624,1,29.862,29.910
1222,40.952739,0.552,30.182,0.612,0.004,31.368,1,29.863,29.993
1223,40.985358,1.114,30.834,0.537,0.003,32.504,1,29.864,30.024
1224,41.020977,4.872,30.159,0.556,0.003,35.607,1,29.862,29.937
1225,41.052104,0.540,29.979,0.531,0.003,31.068,1,29.864,30.019
1226,41.086597,3.316,30.595,0.562,0.003,34.493,1,29.863,29.977
1227,41.118873,0.957,30.702,0.545,0.003,32.224,1,29.864,30.014
1228,41.151534,1.490,30.569,0.644,0.004,32.723,1,29.865,30.032
1229,41.186586,3.946,30.406,0.578,0.004,34.953,1,29.864,29.980
1230,41.218668,0.706,30.741,0.573,0.004,32.040,1,29.865,30.018
1231,41.266310,1.377,45.559,0.406,0.003,47.360,1,29.855,21.070
1232,41.296959,0.488,29.717,0.496,0.003,30.716,1,29.857,25.575
1233,41.327948,0.479,29.971,0.492,0.003,30.958,1,29.858,27.476
1234,41.355238,0.464,26.286,0.952,0.003,27.718,1,29.863,29.211
1235,41.386005,0.516,29.251,0.546,0.003,30.333,1,29.865,29.887
1236,41.411924,0.716,24.602,0.130,0.003,25.469,0,29.871,31.120
1237,41.454070,7.472,34.488,0.570,0.003,42.551,1,29.864,29.738
1238,41.480757,0.522,25.543,0.134,0.004,26.219,0,29.869,30.577
1239,41.513975,8.511,24.517,0.134,0.003,33.184,0,29.869,30.523
1240,41.553119,6.931,32.021,0.598,0.004,39.573,1,29.865,29.899
1241,41.586448,0.573,32.101,0.635,0.003,33.329,1,29.865,29.905
1242,41.620964,1.562,32.260,0.629,0.004,34.471,1,29.864,29.826
1243,41.655132,0.563,32.920,0.608,0.005,34.112,1,29.864,29.783
1244,41.688195,0.539,31.861,0.913,0.005,33.334,1,29.864,29.796
1245,41.720594,0.534,30.894,0.616,0.005,32.065,1,29.865,29.883
1246,41.754770,1.203,32.300,0.586,0.005,34.110,1,29.864,29.845
1247,41.788129,0.614,32.105,0.557,0.004,33.296,1,29.865,29.854
1248,41.820725,0.528,31.460,0.606,0.006,32.616,1,29.865,29.897
1249,41.855521,0.881,33.249,0.672,0.003,34.823,2,29.864,29.830
1250,41.888255,0.540,31.468,0.760,0.003,32.790,1,29.865,29.861
1251,41.919134,0.564,29.494,0.477,0.003,30.553,1,29.867,29.985
1252,41.952656,1.474,31.522,0.528,0.003,33.542,1,29.867,29.976
1253,41.985746,2.092,30.417,0.874,0.003,33.404,1,29.867,29.973
1254,42.020833,2.662,31.492,0.599,0.003,34.774,1,29.866,29.919
1255,42.058405,0.564,36.352,0.618,0.003,37.555,1,29.863,29.770
1256,42.089349,0.566,29.703,0.551,0.003,30.839,1,29.865,29.863
1257,42.120618,0.546,30.120,0.617,0.004,31.302,1,29.866,29.934
1258,42.152164,0.567,30.309,0.540,0.003,31.434,1,29.868,29.996
1259,42.184737,1.383,30.596,0.604,0.003,32.603,1,29.868,30.018
1260,42.218565,2.749,30.416,0.560,0.002,33.745,1,29.868,30.004
1261,42.265730,2.948,43.527,0.635,0.003,47.132,1,29.858,21.173
1262,42.289644,0.576,22.647,0.559,0.003,23.799,1,29.865,28.142
1263,42.310778,0.528,19.995,0.515,0.003,21.055,1,29.874,32.553
1264,42.345475,10.147,23.984,0.532,0.003,34.681,1,29.873,31.528
1265,42.381297,8.355,26.884,0.702,0.004,35.963,1,29.871,30.701
1266,42.417358,6.141,29.160,0.554,0.002,35.874,1,29.869,30.185
1267,42.452920,3.735,31.220,0.601,0.005,35.578,1,29.868,29.865
1268,42.486348,1.288,31.482,0.604,0.005,33.398,1,29.868,29.871
1269,42.519631,1.650,30.970,0.627,0.003,33.268,1,29.868,29.888
1270,42.552325,1.462,30.550,1.228,0.004,33.262,1,29.868,29.903
1271,42.586711,1.553,31.544,0.582,0.003,33.701,1,29.868,29.878
1272,42.620217,1.030,31.837,0.568,0.004,33.456,1,29.868,29.877
1273,42.658693,0.542,37.313,0.596,0.003,38.469,1,29.865,29.535
1274,42.690456,0.637,30.473,0.555,0.003,31.685,1,29.866,29.669
1275,42.722554,0.550,30.937,0.591,0.003,32.098,1,29.867,29.761
1276,42.755366,0.610,31.555,0.692,0.003,32.879,1,29.867,29.799
1277,42.787998,0.554,31.329,0.638,0.003,32.541,1,29.868,29.851
1278,42.820517,0.547,31.280,0.578,0.003,32.424,1,29.868,29.902
1279,42.853036,0.527,31.362,0.580,0.003,32.488,1,29.869,29.946
1280,42.884879,0.528,30.686,0.767,0.003,32.004,1,29.870,30.007
1281,42.920318,3.138,31.475,0.559,0.003,35.192,1,29.869,29.926
1282,42.952707,0.536,31.240,0.622,0.003,32.418,1,29.870,29.965
1283,42.978956,0.666,24.904,0.128,0.003,25.719,0,29.875,30.265
1284,43.013161,8.988,25.037,0.140,0.004,34.187,0,29.874,30.220
1285,43.046077,7.433,25.283,0.140,0.003,32.878,0,29.875,30.227
1286,43.079500,7.948,25.276,0.137,0.003,33.383,0,29.875,30.215
1287,43.112869,8.097,25.007,0.139,0.003,33.266,0,29.875,30.206
1288,43.146183,7.910,25.205,0.137,0.004,33.275,0,29.875,30.199
1289,43.179067,7.497,25.189,0.140,0.003,32.848,0,29.875,30.206
1290,43.213429,9.088,25.075,0.140,0.003,34.326,0,29.875,30.168
1291,43.257797,7.186,36.898,0.139,0.003,44.246,0,29.867,22.547
1292,43.290136,0.570,31.573,0.132,0.003,32.296,0,29.868,26.081
1293,43.306040,0.530,15.185,0.095,0.002,15.825,0,29.880,32.415
1294,43.338227,15.487,16.567,0.098,0.003,32.168,0,29.881,32.066
1295,43.375379,15.795,21.217,0.139,0.004,37.172,0,29.879,30.877
1296,43.408405,12.437,20.180,0.139,0.003,32.779,0,29.879,30.775
1297,43.446519,12.984,24.930,0.138,0.003,38.075,0,29.876,30.033
1298,43.479252,7.332,25.203,0.138,0.003,32.696,0,29.876,30.097
1299,43.512789,8.360,24.979,0.138,0.002,33.498,0,29.876,30.066
1300,43.545868,7.625,25.256,0.138,0.004,33.042,0,29.876,30.082
1301,43.578858,7.729,25.062,0.137,0.003,32.950,0,29.877,30.103
1302,43.612776,8.574,25.146,0.135,0.003,33.878,0,29.876,30.050
1303,43.646194,8.216,25.008,0.137,0.003,33.382,0,29.877,30.041
1304,43.679084,7.603,25.091,0.138,0.003,32.855,0,29.877,30.066
1305,43.712646,8.038,25.325,0.138,0.003,33.524,0,29.877,30.048
1306,43.746007,8.196,24.968,0.137,0.003,33.323,0,29.877,30.043
1307,43.780684,9.380,25.101,0.141,0.003,34.643,0,29.876,29.970
1308,43.812954,6.960,25.110,0.135,0.004,32.229,0,29.877,30.025
1309,43.845821,7.437,25.234,0.138,0.003,32.829,0,29.877,30.045
1310,43.879635,6.578,27.039,0.203,0.003,33.842,0,29.877,30.019
1311,43.913319,8.560,24.860,0.138,0.003,33.580,0,29.877,30.005
1312,43.945603,6.976,25.110,0.136,0.003,32.244,0,29.878,30.048
1313,43.979344,8.363,25.182,0.142,0.003,33.712,0,29.878,30.030
1314,44.012684,7.958,25.177,0.139,0.004,33.299,0,29.878,30.029
1315,44.045292,7.757,24.651,0.140,0.004,32.570,0,29.878,30.054
1316,44.078520,8.290,24.739,0.135,0.003,33.186,0,29.878,30.055
1317,44.112189,8.604,24.869,0.138,0.003,33.634,0,29.878,30.042
1318,44.145381,8.552,24.442,0.138,0.003,33.154,0,29.878,30.045
1319,44.178496,8.290,24.627,0.144,0.004,33.083,0,29.879,30.050
1320,44.212357,9.100,24.557,0.140,0.002,33.818,0,29.878,30.033
1321,44.262831,7.760,42.399,0.102,0.002,50.279,0,29.867,19.833
1322,44.280462,0.471,17.019,0.134,0.004,17.643,0,29.878,29.375
1323,44.305294,8.226,16.414,0.100,0.002,24.758,0,29.883,32.298
1324,44.338970,15.634,17.899,0.100,0.002,33.649,0,29.883,31.606
1325,44.378858,14.725,25.020,0.139,0.003,39.906,0,29.879,30.032
1326,44.412037,8.208,24.771,0.137,0.003,33.139,0,29.879,30.050
1327,44.445886,9.042,24.611,0.139,0.003,33.814,0,29.879,29.977
1328,44.479778,6.984,26.709,0.142,0.003,33.856,0,29.879,29.917
1329,44.513040,8.404,24.655,0.142,0.003,33.224,0,29.879,29.933
1330,44.544967,6.950,24.773,0.140,0.004,31.889,0,29.880,30.066
1331,44.579476,9.506,24.801,0.141,0.003,34.473,0,29.879,29.964
1332,44.612289,7.731,24.836,0.141,0.003,32.731,0,29.880,30.006
1333,44.645583,8.466,24.625,0.142,0.004,33.257,0,29.880,30.008
1334,44.678526,8.013,24.727,0.146,0.003,32.910,0,29.880,30.032
1335,44.711909,8.483,24.692,0.139,0.003,33.336,0,29.880,30.028
1336,44.744440,8.333,23.997,0.094,0.002,32.443,0,29.881,30.074
1337,44.777486,8.236,24.675,0.140,0.003,33.072,0,29.881,30.082
1338,44.812099,9.691,24.721,0.141,0.003,34.579,0,29.880,30.013
1339,44.845353,8.249,24.802,0.138,0.003,33.213,0,29.880,30.017
1340,44.878274,8.029,24.691,0.131,0.003,32.875,0,29.881,30.035
1341,44.912325,9.252,24.602,0.133,0.003,34.013,0,29.880,30.002
1342,44.945546,8.155,24.873,0.140,0.003,33.192,0,29.881,30.006
1343,44.978597,8.148,24.698,0.141,0.004,33.013,0,29.881,30.017
1344,45.011991,8.215,24.975,0.141,0.003,33.356,0,29.881,30.014
1345,45.045316,8.335,24.787,0.307,0.003,33.455,0,29.881,30.008
1346,45.077490,6.816,24.986,0.143,0.003,31.970,0,29.882,30.054
1347,45.113398,10.976,24.722,0.138,0.003,35.863,0,29.880,29.966
1348,45.145575,7.264,24.712,0.140,0.003,32.139,0,29.881,30.004
1349,45.178762,7.894,25.090,0.142,0.004,33.153,0,29.881,30.008
1350,45.211943,8.030,24.943,0.145,0.004,33.144,0,29.881,30.013
1351,45.263443,8.480,42.747,0.136,0.003,51.388,0,29.869,19.426
1352,45.287181,0.621,22.921,0.141,0.004,23.705,0,29.876,26.589
1353,45.313421,1.485,24.552,0.137,0.004,26.197,0,29.881,29.570
1354,45.344160,5.871,24.670,0.138,0.003,30.704,0,29.882,30.258
1355,45.378517,9.192,24.965,0.140,0.003,34.321,0,29.882,30.020
1356,45.413332,9.672,24.940,0.136,0.003,34.774,0,29.881,29.797
1357,45.445092,6.653,24.908,0.140,0.003,31.726,0,29.882,30.026
1358,45.478632,8.270,25.067,0.140,0.003,33.503,0,29.882,30.000
1359,45.511792,8.195,24.761,0.141,0.003,33.121,0,29.882,30.017
1360,45.545590,8.880,24.714,0.138,0.003,33.756,0,29.882,29.974
1361,45.578053,7.685,24.579,0.142,0.003,32.430,0,29.883,30.047
1362,45.611966,9.025,24.686,0.139,0.004,33.875,0,29.882,30.000
1363,45.644846,8.092,24.586,0.141,0.003,32.843,0,29.883,30.031
1364,45.678096,7.695,25.353,0.140,0.003,33.214,0,29.883,30.034
1365,45.717312,9.702,29.310,1.158,0.003,40.196,1,29.879,29.623
1366,45.745079,1.893,24.657,0.146,0.004,26.717,0,29.883,30.012
1367,45.777488,8.450,23.752,0.140,0.003,32.366,0,29.884,30.061
1368,45.811555,9.195,24.673,0.176,0.004,34.068,0,29.883,30.019
1369,45.845022,8.390,24.837,0.142,0.004,33.394,0,29.883,30.013
1370,45.879251,9.116,24.909,0.143,0.004,34.196,0,29.883,29.972
1371,45.911896,7.743,24.695,0.144,0.003,32.605,0,29.883,30.003
1372,45.944705,7.822,24.779,0.138,0.004,32.763,0,29.884,30.024
1373,45.978230,8.356,24.969,0.142,0.003,33.491,0,29.884,30.016
1374,46.012161,8.819,24.907,0.139,0.003,33.888,0,29.883,29.993
1375,46.044517,7.721,24.435,0.139,0.003,32.321,0,29.884,30.028
1376,46.078975,9.654,24.601,0.138,0.003,34.417,0,29.883,29.988
1377,46.111338,7.436,24.727,0.143,0.003,32.329,0,29.884,30.021
1378,46.145234,8.919,24.773,0.139,0.003,33.856,0,29.884,30.002
1379,46.178491,8.335,24.722,0.142,0.003,33.222,0,29.884,30.004
1380,46.211847,8.389,24.764,0.142,0.003,33.318,0,29.884,30.003
1381,46.259620,8.664,38.833,0.123,0.002,47.640,0,29.875,20.946
1382,46.291734,0.461,31.490,0.142,0.003,32.112,0,29.876,25.039
1383,46.315747,0.569,23.243,0.146,0.004,23.979,0,29.882,28.876
1384,46.345324,4.662,24.707,0.139,0.003,29.532,0,29.884,29.971
1385,46.378596,7.590,25.482,0.142,0.003,33.239,0,29.884,29.988
1386,46.412145,7.592,25.753,0.143,0.004,33.512,0,29.884,29.957
1387,46.445471,8.414,24.707,0.142,0.003,33.285,0,29.884,29.964
1388,46.477929,7.313,24.941,0.139,0.003,32.417,0,29.885,30.068
1389,46.511103,8.193,24.780,0.144,0.003,33.141,0,29.885,30.076
1390,46.544952,8.847,24.795,0.138,0.003,33.804,0,29.885,30.022
1391,46.577724,7.769,24.803,0.138,0.003,32.736,0,29.885,30.066
1392,46.610908,8.255,24.730,0.137,0.004,33.145,0,29.886,30.072
1393,46.645210,9.373,24.731,0.141,0.004,34.268,0,29.885,29.999
1394,46.677487,7.390,24.683,0.137,0.003,32.235,0,29.886,30.067
1395,46.712387,9.851,24.850,0.142,0.003,34.869,0,29.885,29.968
1396,46.745006,7.778,24.637,0.137,0.003,32.576,0,29.885,30.011
1397,46.777866,8.481,24.182,0.140,0.003,32.826,0,29.886,30.035
1398,46.810424,8.261,24.095,0.139,0.003,32.519,0,29.886,30.072
1399,46.845103,9.812,24.667,0.143,0.003,34.646,0,29.886,30.004
1400,46.879578,8.394,25.877,0.201,0.003,34.496,0,29.885,29.950
1401,46.913968,10.008,24.114,0.142,0.003,34.287,0,29.884,29.910
1402,46.945018,6.121,24.726,0.136,0.003,31.007,0,29.886,30.007
1403,46.978322,8.358,24.744,0.142,0.003,33.267,0,29.886,30.008
1404,47.010913,7.635,24.750,0.136,0.004,32.544,0,29.887,30.036
1405,47.044743,9.103,24.530,0.140,0.003,33.796,0,29.886,30.016
1406,47.078676,9.146,24.585,0.141,0.003,33.895,0,29.886,29.995
1407,47.110995,7.346,24.773,0.142,0.004,32.283,0,29.887,30.029
1408,47.145299,9.538,24.560,0.139,0.003,34.263,0,29.886,29.997
1409,47.178642,8.371,24.772,0.142,0.003,33.307,0,29.886,29.996
1410,47.212291,8.775,24.672,0.140,0.003,33.611,0,29.886,29.987
1411,47.259277,7.710,39.005,0.103,0.002,46.837,0,29.878,21.306
1412,47.284769,0.478,24.871,0.140,0.003,25.509,0,29.883,27.600
1413,47.312532,3.022,24.543,0.143,0.004,27.731,0,29.886,29.931
1414,47.345404,7.957,24.711,0.140,0.003,32.830,0,29.887,30.053
1415,47.377647,7.205,24.836,0.138,0.004,32.202,0,29.887,30.241
1416,47.411653,9.028,24.780,0.176,0.004,34.009,0,29.887,30.093
1417,47.445375,8.747,24.737,0.137,0.004,33.644,0,29.887,30.034
1418,47.478351,7.344,25.435,0.289,0.003,33.092,0,29.887,30.053
1419,47.512368,8.885,24.779,0.142,0.004,33.831,0,29.887,29.994
1420,47.543744,8.075,23.098,0.102,0.003,31.293,0,29.888,30.175
1421,47.572625,6.538,22.199,0.143,0.003,28.902,0,29.891,30.528
1422,47.612217,14.540,24.846,0.142,0.003,39.552,0,29.887,30.007
1423,47.645381,8.104,24.679,0.137,0.004,32.945,0,29.887,30.018
1424,47.677236,7.049,24.605,0.140,0.004,31.819,0,29.888,30.112
1425,47.712047,10.020,24.590,0.141,0.003,34.774,0,29.888,30.015
1426,47.744992,8.201,24.542,0.135,0.004,32.902,0,29.888,30.037
1427,47.778702,9.055,24.460,0.140,0.003,33.677,0,29.888,30.014
1428,47.807589,5.925,22.762,0.192,0.002,28.901,0,29.891,30.235
1429,47.846097,13.090,25.163,0.143,0.003,38.420,0,29.887,29.978
1430,47.879272,7.944,25.023,0.141,0.004,33.132,0,29.888,29.987
1431,47.910735,6.394,24.865,0.141,0.004,31.425,0,29.889,30.067
1432,47.945234,8.865,25.432,0.137,0.003,34.458,0,29.888,30.017
1433,47.977903,7.914,24.557,0.140,0.003,32.634,0,29.889,30.042
1434,48.010417,7.839,24.476,0.135,0.003,32.472,0,29.889,30.071
1435,48.044559,9.497,24.450,0.138,0.004,34.107,0,29.889,30.039
1436,48.078913,7.808,26.348,0.136,0.003,34.314,0,29.888,30.002
1437,48.112308,8.634,24.566,0.141,0.003,33.362,0,29.888,30.000
1438,48.146569,7.472,26.589,0.140,0.003,34.224,0,29.888,29.970
1439,48.181041,8.125,26.143,0.156,0.005,34.450,0,29.887,29.935
1440,48.211957,5.692,25.005,0.142,0.003,30.862,0,29.889,30.010
1441,48.261454,7.979,41.244,0.106,0.002,49.349,0,29.879,20.224
1442,48.285816,0.463,23.752,0.139,0.003,24.373,0,29.884,27.085
1443,48.312027,1.363,24.652,0.136,0.002,26.172,0,29.889,29.985
1444,48.345167,8.143,24.801,0.141,0.003,33.109,0,29.889,30.031
1445,48.378612,8.407,24.833,0.142,0.003,33.408,0,29.889,30.005
1446,48.412055,8.263,24.976,0.143,0.003,33.407,0,29.889,29.987
1447,48.445220,8.080,24.878,0.141,0.003,33.123,0,29.889,30.011
1448,48.477582,7.142,25.017,0.140,0.003,32.323,0,29.890,30.119
1449,48.512064,9.420,24.860,0.158,0.003,34.462,0,29.889,29.989
1450,48.544294,7.358,24.654,0.142,0.003,32.176,0,29.890,30.091
1451,48.577357,8.116,24.743,0.139,0.004,33.021,0,29.890,30.105
1452,48.610505,8.314,24.634,0.136,0.003,33.106,0,29.891,30.111
1453,48.644787,9.512,24.573,0.143,0.003,34.251,0,29.890,30.036
1454,48.681167,8.504,27.672,0.139,0.004,36.339,0,29.888,29.838
1455,48.712007,5.849,24.790,0.138,0.003,30.800,0,29.890,29.998
1456,48.744172,7.211,24.755,0.142,0.004,32.133,0,29.891,30.064
1457,48.778369,9.289,24.703,0.142,0.003,34.157,0,29.890,30.014
1458,48.810611,7.224,24.816,0.143,0.003,32.206,0,29.891,30.068
1459,48.844867,9.537,24.516,0.141,0.003,34.216,0,29.890,30.021
1460,48.877155,7.362,24.726,0.141,0.004,32.251,0,29.891,30.067
1461,48.910628,8.472,24.798,0.144,0.003,33.437,0,29.891,30.058
1462,48.945299,9.829,24.638,0.138,0.003,34.628,0,29.890,30.000
1463,48.977455,7.174,24.783,0.138,0.004,32.118,0,29.891,30.047
1464,49.010462,8.128,24.682,0.138,0.003,32.970,0,29.891,30.057
1465,49.044036,8.655,24.720,0.140,0.003,33.537,0,29.891,30.046
1466,49.077305,8.345,24.723,0.137,0.003,33.227,0,29.892,30.046
1467,49.111358,9.082,24.773,0.140,0.003,34.018,0,29.891,30.021
1468,49.144032,7.870,24.603,0.137,0.003,32.633,0,29.892,30.041
1469,49.178656,9.499,24.925,0.138,0.003,34.587,0,29.891,30.000
1470,49.212478,8.943,24.680,0.138,0.003,33.784,0,29.891,29.985
1471,49.262250,7.395,42.106,0.103,0.003,49.623,0,29.881,20.112
1472,49.282174,0.453,19.327,0.101,0.002,19.895,0,29.889,28.718
1473,49.304967,5.685,16.966,0.134,0.003,22.806,0,29.895,32.443
1474,49.344780,16.500,23.119,0.136,0.003,39.779,0,29.892,30.237
1475,49.377217,7.503,24.737,0.139,0.004,32.403,0,29.892,30.353
1476,49.412496,10.559,24.518,0.138,0.004,35.237,0,29.891,29.999
1477,49.445167,7.922,24.551,0.138,0.004,32.634,0,29.892,30.085
1478,49.477231,7.225,24.640,0.141,0.003,32.028,0,29.892,30.218
1479,49.510907,8.953,24.523,0.139,0.003,33.636,0,29.892,30.159
1480,49.544315,8.534,24.677,0.136,0.003,33.370,0,29.892,30.137
1481,49.577263,8.102,24.649,0.140,0.003,32.915,0,29.893,30.156
1482,49.610198,8.092,24.642,0.140,0.004,32.898,0,29.893,30.173
1483,49.644413,9.427,24.586,0.142,0.003,34.179,0,29.893,30.098
1484,49.682176,8.078,29.482,2.214,0.004,39.797,2,29.889,29.676
1485,49.717581,2.080,31.052,0.743,0.006,33.902,1,29.888,29.662
1486,49.750760,1.122,31.249,0.623,0.004,33.015,1,29.889,29.698
1487,49.783428,1.044,30.941,0.619,0.004,32.626,1,29.889,29.751
1488,49.816517,2.093,30.320,0.619,0.003,33.052,1,29.889,29.776
1489,49.851513,3.359,30.962,0.630,0.005,34.975,1,29.888,29.710
1490,49.888713,0.515,36.002,0.589,0.003,37.125,1,29.886,29.556
1491,49.921345,0.560,31.425,0.603,0.004,32.610,1,29.887,29.606
1492,49.953114,0.540,30.570,0.574,0.004,31.704,1,29.888,29.687
1493,49.985285,0.535,31.008,0.605,0.004,32.169,1,29.888,29.744
1494,50.017850,0.905,30.995,0.582,0.003,32.503,1,29.889,29.784
1495,50.051661,1.259,31.913,0.685,0.003,33.880,1,29.889,29.772
1496,50.084274,1.224,30.645,0.608,0.004,32.498,1,29.889,29.808
1497,50.115901,0.550,30.414,0.568,0.003,31.551,1,29.890,29.873
1498,50.151638,3.887,31.226,0.654,0.003,35.789,1,29.889,29.798
1499,50.186132,0.542,33.239,0.981,0.004,34.783,1,29.888,29.759
1500,50.220989,0.615,33.205,0.580,0.003,34.421,1,29.888,29.734
1501,50.267159,0.548,44.918,0.787,0.004,46.276,1,29.880,21.568
1502,50.292103,0.585,23.511,0.533,0.003,24.648,1,29.885,28.147
1503,50.314015,0.472,20.858,0.505,0.003,21.852,1,29.892,32.279
1504,50.340063,4.849,20.642,0.481,0.003,25.991,1,29.896,33.624
1505,50.377918,12.035,25.288,0.535,0.003,37.879,1,29.894,31.873
1506,50.412781,7.513,26.762,0.605,0.003,34.901,1,29.893,31.282
1507,50.451583,6.677,31.463,0.673,0.004,38.834,1,29.890,30.346
1508,50.489024,0.674,36.035,0.618,0.005,37.350,1,29.887,29.844
1509,50.520166,0.559,29.906,0.643,0.003,31.130,1,29.889,30.077
1510,50.550634,0.553,29.214,0.568,0.003,30.354,1,29.890,30.338
1511,50.582871,1.360,30.259,0.506,0.003,32.143,1,29.891,30.404
1512,50.615985,2.077,30.479,0.574,0.004,33.151,1,29.891,30.382
1513,50.650163,2.886,30.663,0.581,0.005,34.153,1,29.891,30.292
1514,50.682109,0.588,30.722,0.571,0.003,31.899,1,29.892,30.362
1515,50.718036,3.477,31.824,0.583,0.003,35.905,1,29.890,30.179
1516,50.749925,0.541,30.710,0.727,0.003,32.000,1,29.891,30.242
1517,50.784553,2.236,31.598,0.598,0.003,34.454,1,29.891,30.165
1518,50.817174,0.537,31.430,0.632,0.004,32.621,1,29.891,30.190
1519,50.851432,2.496,31.071,0.621,0.003,34.208,1,29.891,30.136
1520,50.884132,0.777,31.248,0.605,0.003,32.650,1,29.891,30.159
1521,50.916832,0.753,31.286,0.584,0.004,32.644,1,29.892,30.180
1522,50.950917,2.184,31.261,0.643,0.003,34.109,1,29.891,30.138
1523,50.985908,1.227,33.062,0.951,0.004,35.263,1,29.890,30.054
1524,51.020598,0.566,33.114,0.545,0.003,34.245,1,29.890,30.016
1525,51.053545,0.537,31.811,0.573,0.003,32.940,1,29.890,30.029
1526,51.090179,0.542,35.466,0.554,0.003,36.580,1,29.888,29.914
1527,51.120482,0.547,29.150,0.558,0.003,30.274,1,29.890,30.018
1528,51.151798,0.539,30.166,0.661,0.003,31.388,1,29.891,30.079
1529,51.183305,0.529,30.259,0.649,0.003,31.456,1,29.892,30.134
1530,51.217475,3.039,30.427,0.572,0.003,34.059,1,29.892,30.106
1531,51.263460,0.959,44.327,0.838,0.003,46.147,1,29.884,21.628
1532,51.294384,0.591,29.432,0.454,0.002,30.495,1,29.886,26.049
1533,51.325103,0.519,29.699,0.496,0.003,30.732,1,29.888,27.897
1534,51.356610,0.620,30.339,0.525,0.003,31.503,1,29.889,28.762
1535,51.386907,0.515,29.208,0.571,0.003,30.313,1,29.891,29.513
1536,51.418888,0.596,30.758,0.569,0.003,31.943,1,29.891,29.792
1537,51.450100,0.588,29.999,0.581,0.003,31.188,1,29.893,30.092
1538,51.482939,1.620,30.579,0.582,0.003,32.801,1,29.893,30.136
1539,51.517000,1.862,31.560,0.716,0.004,34.161,2,29.893,30.034
1540,51.550401,2.197,30.425,0.594,0.004,33.236,1,29.893,30.036
1541,51.583868,1.995,30.823,0.611,0.003,33.449,1,29.893,30.020
1542,51.616238,0.945,30.758,0.588,0.003,32.311,1,29.893,30.093
1543,51.652204,3.377,31.944,0.572,0.004,35.915,1,29.892,29.905
1544,51.692133,0.536,38.767,0.541,0.002,39.859,1,29.888,29.498
1545,51.722529,0.469,29.346,0.718,0.002,30.550,1,29.890,29.692
1546,51.752836,0.584,28.951,0.559,0.004,30.114,1,29.892,29.888
1547,51.784684,0.542,30.693,0.658,0.004,31.915,1,29.893,29.967
1548,51.814637,0.587,28.645,0.531,0.003,29.782,1,29.895,30.145
1549,51.848734,4.515,28.997,0.564,0.003,34.097,1,29.894,30.100
1550,51.881895,1.661,30.713,0.577,0.003,32.970,1,29.894,30.102
1551,51.916159,2.966,30.663,0.566,0.003,34.217,1,29.894,30.057
1552,51.949611,2.083,30.748,0.602,0.004,33.454,1,29.894,30.048
1553,51.982698,1.860,30.565,0.557,0.003,33.003,1,29.894,30.058
1554,52.016977,3.135,30.531,0.658,0.004,34.346,1,29.894,30.016
1555,52.050094,1.959,30.442,0.647,0.003,33.069,1,29.894,30.024
1556,52.083186,1.463,30.926,0.645,0.003,33.055,1,29.894,30.031
1557,52.115948,1.293,30.767,0.606,0.003,32.687,1,29.895,30.050
1558,52.149670,2.615,30.445,0.590,0.003,33.671,1,29.894,30.036
1559,52.183875,1.813,31.746,0.613,0.005,34.195,1,29.894,30.007
1560,52.215565,0.542,30.477,0.798,0.004,31.839,1,29.895,30.051
1561,52.260497,1.153,42.858,0.586,0.003,44.618,1,29.888,22.369
1562,52.286591,0.543,24.913,0.499,0.003,25.973,1,29.893,28.283
1563,52.303787,0.523,16.124,0.129,0.003,16.794,0,29.902,34.271
1564,52.341647,15.849,21.828,0.554,0.003,38.251,1,29.899,31.791
1565,52.379746,10.666,26.826,0.526,0.003,38.041,1,29.897,30.507
1566,52.413965,4.800,28.838,0.538,0.004,34.198,1,29.896,30.284
1567,52.451123,5.180,31.385,0.489,0.003,37.074,1,29.894,29.758
1568,52.482474,0.557,30.256,0.546,0.003,31.377,1,29.895,30.003
1569,52.516514,1.537,31.906,0.611,0.003,34.072,2,29.895,29.925
1570,52.549876,2.105,30.595,0.547,0.005,33.267,1,29.895,29.936
1571,52.582921,1.409,31.039,0.543,0.004,33.011,1,29.895,29.966
1572,52.618383,1.699,33.163,0.603,0.003,35.487,1,29.894,29.806
1573,52.652842,0.559,33.239,0.606,0.004,34.424,1,29.894,29.743
1574,52.684976,0.548,30.924,0.571,0.003,32.062,1,29.894,29.840
1575,52.716884,0.547,30.737,6.873,0.004,38.180,1,29.892,29.564
1576,52.755893,0.536,31.538,0.607,0.003,32.701,1,29.892,29.623
1577,52.787729,0.571,30.602,0.629,0.003,31.821,1,29.893,29.721
1578,52.818985,0.561,30.009,0.549,0.003,31.138,1,29.894,29.843
1579,52.850261,0.565,30.110,0.581,0.002,31.275,1,29.895,29.947
1580,52.891235,0.524,39.817,0.658,0.004,41.019,1,29.891,29.607
1581,52.921901,0.584,29.369,0.607,0.005,30.581,1,29.893,29.740
1582,52.952957,0.543,29.849,0.570,0.003,30.982,1,29.894,29.845
1583,52.984641,0.526,30.535,0.663,0.003,31.743,2,29.895,29.912
1584,53.016230,0.561,30.310,0.554,0.004,31.444,1,29.896,29.985
1585,53.047564,0.517,30.208,0.636,0.003,31.381,1,29.897,30.054
1586,53.083048,4.532,30.262,0.558,0.004,35.372,1,29.896,29.981
1587,53.115508,1.186,30.660,0.649,0.003,32.516,1,29.897,30.007
1588,53.149621,1.995,31.414,0.560,0.004,33.990,1,29.896,29.985
1589,53.183371,1.813,31.323,0.811,0.003,33.970,1,29.896,29.965
1590,53.216058,0.547,31.267,0.565,0.002,32.398,1,29.897,29.993
1591,53.262122,2.148,43.228,0.606,0.004,46.004,1,29.890,21.694
1592,53.293853,0.558,30.512,0.363,0.003,31.448,1,29.891,25.779
1593,53.325116,0.444,30.418,0.588,0.003,31.469,1,29.892,27.505
1594,53.356495,0.510,30.227,0.603,0.003,31.359,1,29.893,28.477
1595,53.386825,0.548,29.124,0.553,0.003,30.245,1,29.895,29.284
1596,53.418208,0.592,30.189,0.549,0.002,31.349,1,29.896,29.685
1597,53.449508,0.528,30.170,0.554,0.003,31.271,1,29.897,29.988
1598,53.489931,1.523,38.293,0.570,0.003,40.404,1,29.893,29.211
1599,53.520753,0.559,29.640,0.608,0.003,30.827,1,29.895,29.535
1600,53.552673,0.560,30.694,0.558,0.003,31.832,1,29.895,29.709
1601,53.584167,0.528,30.357,0.634,0.003,31.538,2,29.897,29.878
1602,53.615400,0.520,30.027,0.630,0.003,31.197,1,29.898,30.045
1603,53.648936,2.578,30.274,0.720,0.003,33.594,1,29.898,30.021
1604,53.682243,1.818,30.709,0.584,0.002,33.131,1,29.898,30.030
1605,53.716046,1.639,31.525,0.615,0.004,33.800,1,29.898,29.998
1606,53.749706,1.583,31.406,0.611,0.004,33.620,1,29.897,29.980
1607,53.783174,1.360,31.440,0.679,0.004,33.502,1,29.897,29.971
1608,53.816718,1.439,31.367,0.619,0.003,33.445,1,29.897,29.965
1609,53.849087,0.546,31.148,0.594,0.003,32.307,1,29.898,30.014
1610,53.883468,2.209,31.522,0.678,0.003,34.430,1,29.897,29.962
1611,53.917020,1.805,31.013,0.611,0.003,33.451,1,29.897,29.957
1612,53.949644,0.551,31.404,0.639,0.003,32.613,1,29.898,29.987
1613,53.983077,1.203,31.537,0.640,0.004,33.401,1,29.898,29.984
1614,54.015774,0.783,31.213,0.608,0.003,32.624,1,29.898,30.009
1615,54.050069,1.456,32.173,0.610,0.003,34.261,1,29.898,29.974
1616,54.089818,0.544,38.538,0.595,0.003,39.697,1,29.894,29.756
1617,54.120826,0.578,29.779,0.607,0.003,30.984,1,29.896,29.841
1618,54.151971,0.545,29.937,0.696,0.004,31.201,1,29.897,29.913
1619,54.185293,0.544,32.024,0.610,0.003,33.199,1,29.897,29.919
1620,54.217145,0.553,30.633,0.569,0.004,31.776,1,29.898,29.968
1621,54.264025,0.529,45.656,0.604,0.003,46.810,1,29.891,21.321
1622,54.296075,0.565,30.826,0.446,0.003,31.854,1,29.891,25.383
1623,54.326854,0.526,29.762,0.379,0.003,30.682,1,29.893,27.396
1624,54.358044,0.529,30.241,0.503,0.003,31.290,1,29.894,28.405
1625,54.387533,0.470,28.473,0.644,0.003,29.604,1,29.896,29.334
1626,54.418508,0.543,29.735,0.525,0.004,30.822,1,29.898,29.805
1627,54.450697,0.526,31.088,0.627,0.003,32.259,2,29.898,29.966
1628,54.481458,0.574,29.509,0.542,0.003,30.644,1,29.900,30.272
1629,54.515205,1.959,31.194,0.648,0.003,33.821,1,29.900,30.188
1630,54.547279,1.355,30.015,0.553,0.003,31.942,1,29.900,30.293
1631,54.579977,2.257,29.838,0.788,0.004,32.904,2,29.901,30.300
1632,54.615243,3.798,30.621,0.626,0.004,35.067,1,29.900,30.140
1633,54.648147,1.530,30.688,0.580,0.003,32.819,1,29.900,30.162
1634,54.689809,2.606,38.421,0.521,0.003,41.567,1,29.896,29.623
1635,54.720409,0.542,29.486,0.507,0.003,30.552,1,29.897,29.810
1636,54.752147,0.517,30.665,0.564,0.004,31.765,1,29.898,29.907
1637,54.783886,0.534,30.588,0.566,0.003,31.707,1,29.899,29.997
1638,54.815619,0.525,30.590,0.616,0.004,31.751,1,29.900,30.075
1639,54.846746,0.509,29.949,0.548,0.003,31.024,1,29.901,30.179
1640,54.880110,3.418,29.345,0.433,0.003,33.216,1,29.901,30.174
1641,54.913722,3.187,29.940,0.546,0.003,33.692,1,29.901,30.149
1642,54.946919,2.264,30.333,0.542,0.003,33.159,1,29.901,30.148
1643,54.980237,2.784,29.939,0.557,0.003,33.300,1,29.901,30.142
1644,55.014775,2.690,31.239,0.549,0.003,34.496,1,29.901,30.090
1645,55.048250,1.743,31.131,0.719,0.003,33.614,1,29.901,30.075
1646,55.079872,1.602,29.244,0.598,0.004,31.465,1,29.902,30.136
1647,55.114471,3.406,30.538,0.569,0.003,34.535,1,29.901,30.090
1648,55.147603,2.281,30.227,0.645,0.003,33.173,1,29.901,30.091
1649,55.180813,2.158,30.351,0.522,0.003,33.052,1,29.901,30.095
1650,55.215848,3.873,30.587,0.552,0.003,35.033,1,29.901,30.040
1651,55.262350,1.738,44.087,0.371,0.003,46.214,1,29.894,21.594
1652,55.288967,0.472,25.734,0.519,0.003,26.742,1,29.897,27.370
1653,55.310781,0.535,20.708,0.512,0.003,21.773,1,29.903,31.619
1654,55.341346,7.287,22.714,0.515,0.003,30.534,1,29.905,31.886
1655,55.377324,10.069,25.345,0.470,0.003,35.902,1,29.904,30.982
1656,55.410804,6.003,26.956,0.529,0.004,33.510,1,29.904,30.782
1657,55.447028,5.782,29.856,0.589,0.003,36.251,1,29.902,30.276
1658,55.483377,3.916,31.739,0.680,0.003,36.356,1,29.900,29.890
1659,55.516365,0.546,31.706,0.638,0.004,32.911,1,29.901,29.941
1660,55.549763,1.047,31.653,0.749,0.004,33.472,1,29.901,29.931
1661,55.582364,0.746,31.040,0.613,0.004,32.421,1,29.901,30.008
1662,55.615399,1.480,30.886,0.636,0.003,33.023,1,29.901,30.028
1663,55.648847,1.874,30.882,0.637,0.004,33.414,1,29.901,30.018
1664,55.681002,1.349,30.108,0.627,0.003,32.105,1,29.902,30.093
1665,55.716506,2.740,32.080,0.596,0.004,35.436,1,29.901,29.959
1666,55.749051,1.392,30.502,0.613,0.004,32.529,1,29.902,30.005
1667,55.780785,0.553,30.509,0.618,0.004,31.702,1,29.902,30.089
1668,55.812971,2.197,29.311,0.558,0.004,32.086,1,29.903,30.145
1669,55.848424,4.273,30.567,0.584,0.003,35.446,1,29.902,30.035
1670,55.890647,3.576,38.006,0.491,0.003,42.091,1,29.897,29.642
1671,55.921594,0.528,29.884,0.551,0.003,30.981,1,29.899,29.756
1672,55.951648,0.548,28.901,0.587,0.003,30.055,1,29.901,29.899
1673,55.981795,0.539,28.967,0.514,0.003,30.039,1,29.902,30.030
1674,56.014204,2.008,29.834,0.576,0.003,32.439,1,29.903,30.061
1675,56.047530,2.546,30.150,0.792,0.003,33.508,1,29.903,30.051
1676,56.083006,3.841,30.788,0.597,0.004,35.246,1,29.902,29.982
1677,56.115369,0.546,30.970,0.653,0.004,32.192,1,29.902,30.013
1678,56.148360,1.323,30.957,0.623,0.003,32.923,1,29.903,30.025
1679,56.181778,1.621,31.115,0.613,0.004,33.371,1,29.903,30.021
1680,56.215057,1.756,30.852,0.567,0.004,33.196,1,29.903,30.024
1681,56.261699,2.174,43.728,0.384,0.002,46.304,1,29.896,21.531
1682,56.291456,0.486,28.846,0.591,0.002,29.941,1,29.898,26.175
1683,56.322886,0.520,30.271,0.479,0.003,31.287,1,29.899,27.848
1684,56.353494,0.588,29.493,0.530,0.003,30.629,1,29.900,28.904
1685,56.384244,0.531,29.639,0.533,0.003,30.720,1,29.902,29.561
1686,56.413848,0.535,28.487,0.523,0.003,29.565,1,29.904,30.191
1687,56.446009,1.878,29.708,0.493,0.003,32.097,1,29.904,30.321
1688,56.484240,2.193,35.497,0.583,0.003,38.293,1,29.902,29.719
1689,56.516547,0.538,31.131,0.525,0.003,32.211,1,29.902,29.857
1690,56.548563,0.524,30.919,0.745,0.003,32.209,1,29.903,29.970
1691,56.581143,1.735,30.038,0.557,0.004,32.351,1,29.904,30.050
1692,56.615463,2.689,31.018,0.620,0.003,34.347,1,29.903,29.967
1693,56.648771,1.623,31.013,0.539,0.004,33.195,1,29.903,29.977
1694,56.680855,1.124,30.368,0.578,0.004,32.091,1,29.904,30.056
1695,56.715446,2.800,31.155,0.629,0.003,34.605,1,29.903,29.974
1696,56.748186,0.993,31.062,0.564,0.003,32.638,1,29.904,30.012
1697,56.783018,3.048,31.165,0.577,0.003,34.810,1,29.903,29.932
1698,56.815281,1.117,30.515,0.657,0.003,32.308,1,29.904,29.985
1699,56.847769,1.662,30.115,0.556,0.004,32.354,1,29.904,30.031
1700,56.882088,3.445,30.262,0.561,0.003,34.288,1,29.904,29.984
1701,56.915290,1.500,31.087,0.596,0.003,33.202,1,29.904,29.989
1702,56.949346,1.944,31.464,1.113,0.003,34.542,1,29.903,29.939
1703,56.982052,0.552,30.985,0.605,0.002,32.161,1,29.904,29.986
1704,57.015183,1.425,31.046,0.594,0.003,33.085,1,29.904,29.995
1705,57.048188,1.238,31.118,0.692,0.003,33.069,1,29.904,30.003
1706,57.087792,1.811,37.046,0.623,0.003,39.501,1,29.901,29.790
1707,57.119144,0.553,30.121,0.647,0.002,31.340,1,29.902,29.862
1708,57.151263,0.550,30.868,0.651,0.002,32.089,1,29.903,29.906
1709,57.185234,0.548,32.719,0.565,0.003,33.850,1,29.903,29.892
1710,57.216652,0.526,30.277,1.218,0.004,32.041,1,29.903,29.933
1711,57.260743,0.571,42.177,0.607,0.004,43.375,1,29.898,23.006
1712,57.292689,0.582,30.701,0.374,0.003,31.672,1,29.899,26.603
1713,57.323342,0.466,29.774,0.611,0.004,30.870,1,29.900,28.283
1714,57.355473,0.828,30.637,0.617,0.003,32.101,1,29.901,28.942
1715,57.388493,0.530,31.821,0.553,0.002,32.923,1,29.901,29.212
1716,57.418981,0.526,29.358,0.577,0.003,30.481,1,29.903,29.751
1717,57.450498,0.608,30.273,0.548,0.003,31.449,1,29.904,30.022
1718,57.481761,0.525,30.137,0.552,0.003,31.234,1,29.905,30.254
1719,57.515015,2.319,30.330,0.570,0.002,33.237,1,29.905,30.232
1720,57.548359,2.550,30.172,0.758,0.004,33.503,1,29.905,30.190
1721,57.580942,1.193,30.567,0.614,0.003,32.396,1,29.905,30.247
1722,57.615503,2.904,30.986,0.693,0.003,34.604,1,29.905,30.127
1723,57.648141,1.164,30.726,0.600,0.003,32.511,1,29.905,30.172
1724,57.689781,2.539,38.447,0.580,0.003,41.586,1,29.901,29.631
1725,57.720079,0.625,29.039,0.605,0.003,30.289,1,29.903,29.833
1726,57.752604,0.564,31.299,0.601,0.003,32.483,1,29.903,29.889
1727,57.785030,0.552,31.219,0.594,0.003,32.383,1,29.904,29.943
1728,57.818113,0.538,31.898,0.576,0.003,33.030,1,29.904,29.960
1729,57.851288,0.543,32.001,0.673,0.003,33.237,1,29.904,29.965
1730,57.884090,0.549,31.526,0.597,0.003,32.692,1,29.904,29.994
1731,57.916511,0.550,31.218,0.556,0.003,32.344,1,29.905,30.035
1732,57.948425,0.550,30.754,0.555,0.003,31.877,1,29.906,30.092
1733,57.983136,2.524,31.578,0.604,0.004,34.727,1,29.905,30.032
1734,58.018793,2.689,32.307,0.611,0.004,35.628,1,29.904,29.943
1735,58.052259,0.613,32.185,0.768,0.004,33.590,1,29.904,29.935
1736,58.085557,0.543,31.929,0.607,0.003,33.099,1,29.904,29.944
1737,58.120506,0.558,33.727,0.558,0.003,34.864,1,29.903,29.894
1738,58.152235,0.552,30.564,0.524,0.003,31.658,1,29.904,29.950
1739,58.183958,0.552,30.595,0.573,0.004,31.740,1,29.905,30.001
1740,58.215109,0.529,29.997,0.666,0.003,31.212,1,29.906,30.063
1741,58.260700,1.381,43.423,0.553,0.003,45.377,1,29.900,21.995
1742,58.300243,0.556,38.381,0.692,0.004,39.649,1,29.897,23.489
1743,58.330912,0.578,29.344,0.567,0.003,30.508,1,29.898,25.931
1744,58.360313,0.665,28.112,0.455,0.003,29.250,1,29.900,27.590
1745,58.390950,0.529,29.604,0.368,0.002,30.515,1,29.902,28.485
1746,58.420548,0.476,28.718,0.589,0.003,29.802,1,29.904,29.219
1747,58.452261,0.561,30.510,0.552,0.003,31.642,1,29.904,29.533
1748,58.483401,0.517,30.020,0.665,0.003,31.222,1,29.906,29.820
1749,58.515998,0.903,30.969,0.625,0.003,32.519,1,29.906,29.917
1750,58.547176,0.560,29.934,0.729,0.004,31.244,1,29.907,30.110
1751,58.582391,2.658,31.769,0.577,0.003,35.025,1,29.906,29.958
1752,58.614134,0.863,30.250,0.558,0.003,31.689,1,29.907,30.082
1753,58.647392,2.632,30.013,0.651,0.003,33.316,1,29.907,30.075
1754,58.680440,1.892,30.453,0.551,0.003,32.915,1,29.907,30.094
1755,58.716446,4.016,31.386,0.556,0.003,35.977,1,29.906,29.927
1756,58.749617,0.544,32.019,0.585,0.004,33.168,1,29.906,29.939
1757,58.782519,0.562,31.697,0.595,0.003,32.874,1,29.907,29.965
1758,58.814189,0.610,30.412,0.571,0.003,31.612,1,29.907,30.052
1759,58.848720,2.232,31.676,0.575,0.003,34.502,1,29.907,29.992
1760,58.885031,0.543,35.141,0.602,0.003,36.306,1,29.905,29.858
1761,58.918402,0.560,32.154,0.558,0.003,33.291,1,29.905,29.865
1762,58.950925,0.545,31.365,0.604,0.003,32.533,1,29.906,29.902
1763,58.982925,0.613,30.727,0.600,0.004,31.961,1,29.907,29.958
1764,59.014960,0.840,30.538,0.560,0.003,31.957,1,29.907,30.010
1765,59.047951,2.053,30.322,0.711,0.003,33.108,1,29.908,30.017
1766,59.080412,1.138,30.556,0.555,0.003,32.267,1,29.908,30.052
1767,59.115232,3.178,31.034,0.626,0.004,34.859,1,29.907,29.998
1768,59.147790,1.290,30.583,0.585,0.003,32.478,1,29.908,30.024
1769,59.182926,3.535,30.958,0.539,0.003,35.052,1,29.907,29.969
1770,59.215270,0.588,31.164,0.649,0.003,32.423,1,29.907,29.996
1771,59.260744,1.151,43.541,0.563,0.004,45.276,1,29.901,22.039
1772,59.292091,0.577,30.151,0.372,0.003,31.116,1,29.903,26.133
1773,59.321577,0.459,28.617,0.540,0.003,29.633,1,29.905,28.253
1774,59.351836,0.547,29.119,0.566,0.003,30.250,1,29.906,29.311
1775,59.383979,0.538,30.985,0.654,0.003,32.197,1,29.907,29.638
1776,59.414709,0.564,29.456,0.534,0.004,30.572,1,29.908,30.104
1777,59.447761,3.017,29.450,0.576,0.004,33.064,1,29.908,30.120
1778,59.484685,1.459,34.832,0.613,0.003,36.926,1,29.907,29.699
1779,59.516252,0.558,30.339,0.567,0.004,31.484,1,29.908,29.912
1780,59.548823,1.281,30.668,0.758,0.004,32.730,1,29.908,29.972
1781,59.581602,0.737,31.226,0.574,0.004,32.557,1,29.908,30.035
1782,59.615148,1.716,31.201,0.606,0.004,33.544,1,29.908,30.013
1783,59.647812,1.248,30.752,0.592,0.003,32.612,1,29.909,30.060
1784,59.681019,2.118,30.447,0.628,0.003,33.213,1,29.909,30.061
1785,59.714146,1.863,30.578,0.580,0.002,33.041,1,29.909,30.073
1786,59.746506,1.432,30.297,0.578,0.003,32.327,1,29.909,30.123
1787,59.780332,2.466,30.727,0.555,0.003,33.767,1,29.909,30.091
1788,59.808330,2.552,24.840,0.136,0.003,27.547,0,29.912,30.378
1789,59.847403,7.812,31.072,0.651,0.002,39.554,1,29.909,30.057
1790,59.881403,2.263,31.031,0.547,0.004,33.862,1,29.909,30.029
1791,59.914330,1.230,31.096,0.541,0.003,32.886,1,29.909,30.046
1792,59.941693,1.687,25.086,0.142,0.003,26.934,0,29.912,30.307
1793,59.978174,6.475,29.804,1.079,0.003,37.382,1,29.910,30.131
1794,60.014987,4.422,31.251,0.556,0.004,36.251,1,29.909,30.015
1795,60.048317,1.654,31.064,0.533,0.003,33.272,1,29.909,30.015
1796,60.085540,0.901,35.736,0.588,0.003,37.245,1,29.907,29.878
1797,60.117328,0.559,30.588,0.755,0.003,31.923,1,29.908,29.928
1798,60.149767,0.565,31.059,0.634,0.004,32.278,1,29.908,29.964
1799,60.175990,0.556,24.978,0.142,0.004,25.697,0,29.912,30.202
1800,60.213169,7.056,29.924,1.122,0.003,38.122,1,29.910,30.049
1801,60.251872,2.714,34.739,0.143,0.004,37.619,0,29.908,26.517
1802,60.279194,0.541,26.580,0.133,0.003,27.274,0,29.911,30.758
1803,60.308830,4.549,24.896,0.134,0.003,29.601,0,29.913,31.692
1804,60.348126,7.585,31.327,0.611,0.004,39.545,1,29.909,29.754
1805,60.381145,1.358,30.993,0.603,0.004,32.975,1,29.910,29.861
1806,60.412625,1.337,29.483,0.570,0.003,31.410,1,29.911,30.167
1807,60.447975,3.633,31.089,0.546,0.003,35.288,1,29.910,29.887
1808,60.481805,1.997,31.233,0.578,0.003,33.829,1,29.910,29.842
1809,60.514203,0.558,31.206,0.624,0.003,32.408,1,29.910,29.948
1810,60.547355,1.536,30.936,0.665,0.003,33.157,1,29.910,29.966
1811,60.580603,1.524,31.003,0.578,0.003,33.127,1,29.910,29.983
1812,60.614063,1.639,31.186,0.604,0.003,33.450,1,29.910,29.973
1813,60.647463,1.584,31.155,0.671,0.003,33.431,1,29.910,29.966
1814,60.683662,1.260,34.209,0.657,0.003,36.147,1,29.909,29.786
1815,60.716118,0.570,31.170,0.577,0.003,32.336,1,29.909,29.857
1816,60.747312,0.541,30.021,0.686,0.003,31.268,1,29.910,29.980
1817,60.779828,1.763,30.012,0.581,0.003,32.375,1,29.911,30.030
1818,60.813142,2.517,30.162,0.572,0.003,33.270,1,29.911,30.030
1819,60.847466,2.641,31.059,0.695,0.004,34.417,1,29.911,29.975
1820,60.880548,1.357,30.973,0.554,0.003,32.904,1,29.911,29.994
1821,60.913681,1.744,30.782,0.606,0.003,33.153,1,29.911,30.001
1822,60.947384,2.177,30.863,0.618,0.003,33.678,1,29.911,29.985
1823,60.981427,2.138,31.231,0.598,0.003,33.988,1,29.910,29.959
1824,61.014230,1.166,30.983,0.582,0.003,32.753,1,29.911,29.981
1825,61.048013,2.055,31.087,0.543,0.004,33.707,1,29.911,29.967
1826,61.080815,0.969,31.236,0.561,0.003,32.785,1,29.911,29.986
1827,61.114416,1.835,31.148,0.629,0.002,33.633,1,29.911,29.975
1828,61.147187,1.238,30.847,0.611,0.003,32.717,1,29.911,29.995
1829,61.179724,1.467,30.405,0.572,0.003,32.463,1,29.912,30.021
1830,61.215546,3.978,31.217,0.696,0.003,35.912,1,29.910,29.942
1831,61.261062,0.570,44.120,0.721,0.004,45.435,1,29.904,21.965
1832,61.298384,0.583,35.955,0.384,0.002,36.938,1,29.903,24.239
1833,61.330324,0.508,31.007,0.526,0.003,32.058,1,29.903,26.179
1834,61.360672,0.853,28.919,0.541,0.003,30.331,1,29.905,27.594
1835,61.391999,0.537,30.198,0.367,0.002,31.116,1,29.906,28.391
1836,61.421371,0.477,28.491,0.506,0.003,29.490,1,29.908,29.180
1837,61.450750,0.524,28.300,0.524,0.003,29.367,1,29.910,29.785
1838,61.480980,0.570,29.085,0.556,0.004,30.230,1,29.911,30.157
1839,61.514216,2.333,30.292,0.570,0.003,33.215,1,29.912,30.148
1840,61.545737,2.048,28.853,0.535,0.004,31.457,1,29.912,30.301
1841,61.581340,3.576,31.433,0.555,0.003,35.583,1,29.911,30.084
1842,61.613855,1.590,30.318,0.543,0.003,32.470,1,29.912,30.140
1843,61.647050,2.113,30.483,0.552,0.003,33.168,1,29.912,30.138
1844,61.680742,2.394,30.692,0.979,0.003,34.085,1,29.912,30.077
1845,61.713529,1.095,30.597,0.553,0.003,32.265,1,29.912,30.131
1846,61.747604,2.647,30.820,0.776,0.003,34.265,1,29.912,30.068
1847,61.781457,1.731,31.288,1.064,0.003,34.103,1,29.911,30.021
1848,61.814553,1.002,30.972,1.207,0.003,33.203,1,29.911,30.025
1849,61.848636,1.633,31.187,0.610,0.003,33.451,1,29.911,30.016
1850,61.883272,0.565,33.405,0.681,0.003,34.673,1,29.911,29.954
1851,61.915744,0.573,31.160,0.655,0.004,32.410,1,29.911,29.994
1852,61.947514,0.562,30.494,0.636,0.003,31.712,1,29.912,30.059
1853,61.981236,1.931,31.099,0.601,0.003,33.653,1,29.912,30.043
1854,62.014109,0.795,31.421,0.730,0.004,32.967,1,29.912,30.053
1855,62.047006,0.932,31.176,0.603,0.004,32.732,1,29.913,30.071
1856,62.073790,2.009,24.111,0.136,0.003,26.279,0,29.916,30.315
1857,62.108041,8.551,25.505,0.143,0.003,34.222,0,29.916,30.272
1858,62.142869,9.322,25.299,0.139,0.004,34.784,0,29.915,30.213
1859,62.182649,7.438,32.141,0.649,0.004,40.252,1,29.912,29.988
1860,62.216295,0.653,32.285,0.630,0.004,33.590,1,29.911,29.980
1861,62.262220,0.583,44.581,0.528,0.003,45.710,1,29.906,21.830
1862,62.292651,0.581,29.271,0.509,0.003,30.380,1,29.907,26.239
1863,62.324057,0.528,30.318,0.492,0.003,31.353,1,29.908,27.879
1864,62.355025,0.483,29.951,0.546,0.003,30.997,1,29.909,28.853
1865,62.384785,0.597,28.564,0.575,0.003,29.755,1,29.911,29.687
1866,62.416868,0.552,30.902,0.562,0.003,32.035,1,29.912,29.926
1867,62.448320,0.542,30.295,0.532,0.003,31.387,1,29.912,30.184
1868,62.480968,0.520,31.545,0.516,0.003,32.599,1,29.913,30.241
1869,62.505718,0.868,23.322,0.134,0.004,24.343,0,29.917,31.151
1870,62.544554,8.674,29.972,0.609,0.003,39.279,1,29.914,30.467
1871,62.576411,6.447,24.708,0.148,0.004,31.359,0,29.915,30.588
1872,62.608984,6.901,25.464,0.139,0.004,32.527,0,29.916,30.598
1873,62.641992,7.418,25.389,0.141,0.003,32.971,0,29.916,30.574
1874,62.674569,6.784,25.591,0.139,0.004,32.539,0,29.916,30.583
1875,62.708255,7.680,25.800,0.142,0.004,33.646,0,29.916,30.521
1876,62.747331,7.908,30.959,1.305,0.004,40.198,1,29.913,30.092
1877,62.782290,1.332,32.262,0.622,0.003,34.238,1,29.913,30.037
1878,62.816446,0.589,32.888,0.586,0.003,34.082,1,29.912,29.995
1879,62.851142,0.557,33.499,0.711,0.004,34.789,1,29.912,29.925
1880,62.886369,0.578,33.877,0.546,0.003,35.019,1,29.911,29.852
1881,62.919938,0.543,32.426,0.607,0.003,33.595,1,29.911,29.846
1882,62.950692,0.568,29.523,0.624,0.003,30.735,1,29.912,29.957
1883,62.982694,0.628,30.691,0.685,0.003,32.025,1,29.913,30.009
1884,63.011839,0.581,27.826,0.543,0.003,28.969,1,29.915,30.172
1885,63.044330,2.633,29.263,0.531,0.003,32.446,1,29.915,30.196
1886,63.077848,4.071,28.864,0.889,0.002,33.842,1,29.915,30.169
1887,63.111248,3.731,28.736,0.541,0.003,33.027,1,29.915,30.173
1888,63.143500,3.305,28.352,1.043,0.003,32.720,1,29.915,30.185
1889,63.179982,4.512,30.873,0.606,0.003,36.015,1,29.914,30.094
1890,63.206432,1.537,24.245,0.142,0.003,25.945,0,29.918,30.314
1891,63.256666,9.251,40.712,0.113,0.003,50.096,0,29.910,19.924
1892,63.281954,0.468,24.664,0.143,0.003,25.295,0,29.914,26.486
1893,63.308717,1.430,25.130,0.135,0.003,26.718,0,29.917,29.336
1894,63.341573,7.613,25.049,0.135,0.003,32.818,0,29.917,29.603
1895,63.373998,6.992,25.239,0.137,0.004,32.389,0,29.918,29.842
1896,63.408477,9.084,25.199,0.136,0.003,34.440,0,29.917,29.699
1897,63.442204,8.411,25.117,0.138,0.003,33.689,0,29.917,29.692
1898,63.473777,6.349,25.027,0.136,0.004,31.532,0,29.918,29.926
1899,63.507605,8.274,25.359,0.195,0.004,33.850,0,29.918,29.879
1900,63.541097,8.147,25.090,0.138,0.004,33.396,0,29.918,29.882
1901,63.573747,7.328,25.127,0.135,0.003,32.611,0,29.918,29.949
1902,63.607299,8.085,25.271,0.136,0.003,33.514,0,29.918,29.937
1903,63.640828,8.035,25.300,0.139,0.003,33.494,0,29.918,29.928
1904,63.674289,8.100,25.164,0.134,0.003,33.420,0,29.918,29.925
1905,63.705942,6.371,25.087,0.140,0.003,31.620,0,29.919,30.030
1906,63.740811,9.427,25.243,0.137,0.003,34.829,0,29.918,29.942
1907,63.773961,7.764,25.188,0.136,0.003,33.109,0,29.918,29.955
1908,63.808054,8.867,25.030,0.136,0.004,34.056,0,29.918,29.920
1909,63.840977,7.553,25.175,0.138,0.003,32.887,0,29.918,29.944
1910,63.873806,7.452,25.181,0.135,0.004,32.790,0,29.918,29.969
1911,63.907354,8.262,25.091,0.140,0.004,33.514,0,29.918,29.961
1912,63.940888,8.264,25.071,0.137,0.004,33.495,0,29.918,29.955
1913,63.973592,7.437,25.069,0.138,0.003,32.664,0,29.919,29.981
1914,64.007130,8.247,25.093,0.137,0.004,33.499,0,29.918,29.975
1915,64.041039,8.560,25.153,0.142,0.003,33.875,0,29.918,29.955
1916,64.080263,7.467,31.557,0.602,0.004,39.646,1,29.915,29.739
1917,64.113458,0.883,31.653,0.622,0.003,33.178,1,29.915,29.752
1918,64.147424,1.785,31.501,0.632,0.003,33.938,1,29.915,29.741
1919,64.180517,1.389,31.017,0.726,0.004,33.155,1,29.915,29.754
1920,64.214656,2.026,31.326,0.630,0.004,34.005,1,29.915,29.741
1921,64.262726,0.631,46.671,0.587,0.004,47.910,1,29.908,20.827
1922,64.297003,0.717,32.916,0.552,0.003,34.204,1,29.908,24.315
1923,64.327539,0.571,29.360,0.578,0.003,30.527,1,29.909,26.592
1924,64.357534,0.550,28.816,0.367,0.003,29.748,1,29.911,28.050
1925,64.387490,0.463,29.086,0.618,0.002,30.184,1,29.912,28.934
1926,64.417146,0.536,28.451,0.566,0.003,29.573,1,29.914,29.643
1927,64.448547,0.550,30.232,0.562,0.003,31.363,1,29.915,29.939
1928,64.479727,0.548,30.017,0.568,0.003,31.152,1,29.916,30.189
1929,64.512977,2.647,29.982,0.584,0.003,33.234,1,29.916,30.175
1930,64.548421,3.151,31.651,0.549,0.003,35.371,1,29.915,29.970
1931,64.580775,0.552,31.198,0.555,0.003,32.324,1,29.916,30.052
1932,64.613001,0.545,30.889,0.553,0.003,32.008,1,29.916,30.131
1933,64.646895,1.936,31.351,0.583,0.003,33.892,1,29.916,30.080
1934,64.679815,1.068,31.210,0.712,0.003,33.011,1,29.916,30.093
1935,64.712312,1.290,30.436,0.580,0.003,32.327,1,29.917,30.145
1936,64.745762,2.528,30.287,0.619,0.004,33.455,1,29.917,30.127
1937,64.780312,2.797,31.075,0.590,0.003,34.483,1,29.916,30.056
1938,64.812889,0.844,31.089,0.571,0.003,32.523,1,29.917,30.092
1939,64.846738,1.941,31.285,0.607,0.003,33.855,1,29.916,30.061
1940,64.879377,1.028,30.946,0.651,0.003,32.646,1,29.917,30.088
1941,64.915933,1.727,34.122,0.539,0.003,36.408,1,29.915,29.950
1942,64.949454,0.541,32.389,0.591,0.004,33.541,1,29.915,29.942
1943,64.984500,0.548,33.853,0.600,0.004,35.021,1,29.915,29.878
1944,65.016823,0.573,31.092,0.607,0.004,32.295,1,29.915,29.920
1945,65.050786,0.578,32.720,0.602,0.004,33.919,1,29.915,29.901
1946,65.084069,0.632,31.992,0.606,0.003,33.250,1,29.915,29.907
1947,65.116523,0.563,31.227,0.561,0.003,32.371,1,29.915,29.941
1948,65.150293,2.863,30.292,0.612,0.003,33.787,1,29.915,29.927
1949,65.182215,0.570,30.684,0.657,0.003,31.931,1,29.916,29.972
1950,65.214154,0.534,30.693,0.551,0.003,31.796,1,29.917,30.018
1951,65.262119,1.744,45.545,0.609,0.004,47.920,1,29.910,20.828
1952,65.292252,0.582,28.883,0.582,0.003,30.067,1,29.911,25.603
1953,65.323103,0.572,29.641,0.366,0.002,30.594,1,29.913,27.586
1954,65.351846,0.499,27.838,0.542,0.002,28.896,1,29.915,29.055
1955,65.381779,0.535,28.807,0.479,0.003,29.837,1,29.916,29.843
1956,65.411347,0.723,28.319,0.541,0.003,29.602,1,29.918,30.430
1957,65.445664,4.450,29.274,0.520,0.003,34.262,1,29.918,30.242
1958,65.478275,2.252,29.786,0.565,0.003,32.624,1,29.918,30.289
1959,65.513038,2.719,31.424,0.566,0.003,34.729,1,29.917,30.112
1960,65.547260,2.692,30.911,0.593,0.003,34.216,1,29.917,30.018
1961,65.579518,0.936,30.673,0.693,0.004,32.323,1,29.918,30.096
1962,65.612815,1.528,31.019,0.616,0.004,33.183,1,29.918,30.097
1963,65.641297,2.920,24.888,0.136,0.003,27.965,0,29.920,30.465
1964,65.673215,6.819,24.905,0.130,0.003,31.875,0,29.921,30.526
1965,65.706569,8.180,24.987,0.137,0.003,33.326,0,29.921,30.489
1966,65.740229,8.470,24.994,0.135,0.003,33.622,0,29.921,30.439
1967,65.773905,8.500,24.983,0.137,0.004,33.643,0,29.921,30.394
1968,65.806693,7.535,25.055,0.134,0.003,32.746,0,29.921,30.400
1969,65.840372,8.194,25.290,0.137,0.003,33.643,0,29.921,30.362
1970,65.873742,8.403,24.772,0.136,0.004,33.333,0,29.921,30.342
1971,65.911390,7.588,29.864,1.315,0.003,38.792,1,29.918,30.086
1972,65.947007,2.318,31.920,0.602,0.003,34.863,1,29.918,30.018
1973,65.979654,0.608,31.377,0.644,0.004,32.651,1,29.918,30.043
1974,66.007085,1.623,25.102,0.135,0.003,26.882,0,29.921,30.284
1975,66.046375,7.610,31.487,0.639,0.004,39.760,1,29.918,30.037
1976,66.079128,1.025,31.031,0.683,0.003,32.760,1,29.918,30.055
1977,66.108503,1.626,27.007,0.148,0.003,28.803,0,29.920,30.204
1978,66.141507,7.748,25.048,0.136,0.003,32.953,0,29.921,30.207
1979,66.173365,6.401,25.261,0.138,0.004,31.823,0,29.921,30.247
1980,66.206824,8.024,25.236,0.137,0.003,33.419,0,29.921,30.234
1981,66.254309,8.750,38.460,0.139,0.003,47.371,0,29.915,21.065
1982,66.279836,0.561,24.770,0.141,0.003,25.493,0,29.919,27.396
1983,66.308161,2.919,25.181,0.138,0.003,28.259,0,29.921,29.608
1984,66.340847,7.413,25.073,0.140,0.004,32.650,0,29.921,29.848
1985,66.373490,7.165,25.276,0.132,0.002,32.595,0,29.922,30.004
1986,66.407522,8.603,25.239,0.138,0.003,34.037,0,29.921,29.898
1987,66.440773,7.808,25.207,0.134,0.004,33.175,0,29.921,29.923
1988,66.478361,7.077,30.316,1.212,0.003,38.628,1,29.919,29.347
1989,66.514073,1.742,32.700,0.605,0.003,35.069,1,29.918,29.249
1990,66.547113,0.563,31.813,0.661,0.003,33.057,1,29.918,29.343
1991,66.580039,0.557,31.649,0.607,0.003,32.834,1,29.919,29.438
1992,66.613024,0.730,31.591,0.584,0.003,32.925,1,29.919,29.511
1993,66.645549,1.035,30.855,0.549,0.004,32.459,1,29.919,29.604
1994,66.678961,1.855,30.954,0.575,0.003,33.404,1,29.919,29.626
1995,66.716450,1.829,35.029,0.635,0.003,37.515,1,29.917,29.405
1996,66.750048,0.562,32.344,0.761,0.003,33.689,1,29.917,29.421
1997,66.783863,0.569,32.421,0.609,0.004,33.621,1,29.917,29.437
1998,66.817028,0.567,31.930,0.595,0.004,33.115,1,29.917,29.477
1999,66.850407,0.573,32.152,0.583,0.003,33.328,1,29.917,29.502
2000,66.883740,0.570,32.122,0.607,0.003,33.320,1,29.917,29.526
2001,66.916917,0.566,31.947,0.608,0.003,33.142,1,29.917,29.555
2002,66.950179,0.564,32.032,0.586,0.004,33.203,1,29.918,29.578
2003,66.983540,0.572,32.145,0.672,0.003,33.409,1,29.917,29.592
2004,67.016664,0.570,31.825,0.557,0.003,32.972,1,29.918,29.621
2005,67.048692,0.552,30.864,0.582,0.004,32.019,1,29.918,29.681
2006,67.080936,0.568,31.037,0.577,0.004,32.201,1,29.919,29.730
2007,67.112584,0.545,30.473,0.612,0.003,31.649,1,29.920,29.794
2008,67.145261,1.438,30.567,0.552,0.003,32.578,1,29.920,29.824
2009,67.180141,3.172,31.099,0.647,0.004,34.942,1,29.919,29.780
2010,67.212722,0.919,30.956,0.604,0.003,32.501,1,29.920,29.811
2011,67.259392,2.193,43.737,0.587,0.004,46.539,1,29.914,21.442
2012,67.283738,0.568,23.132,0.541,0.003,24.261,1,29.918,28.193
2013,67.306817,0.504,21.981,0.516,0.003,23.020,1,29.922,31.917
2014,67.339018,8.062,23.572,0.542,0.003,32.196,1,29.923,31.691
2015,67.376331,10.122,26.596,0.555,0.003,37.293,1,29.921,30.572
2016,67.411338,4.908,29.489,0.620,0.003,35.038,1,29.921,30.209
2017,67.447069,4.355,30.699,0.668,0.004,35.745,1,29.919,29.864
2018,67.480337,1.528,31.011,0.589,0.003,33.149,1,29.920,29.897
2019,67.512656,0.550,31.125,1.143,0.004,32.841,1,29.920,29.954
2020,67.547048,1.795,31.395,0.553,0.003,33.763,1,29.920,29.917
2021,67.579327,0.743,30.928,0.651,0.003,32.342,1,29.920,30.002
2022,67.613947,1.287,32.624,0.554,0.004,34.486,1,29.920,29.913
2023,67.647915,0.543,32.819,0.579,0.003,33.960,1,29.919,29.874
2024,67.679828,0.529,30.751,0.568,0.003,31.867,1,29.920,29.975
2025,67.714499,1.297,32.749,0.552,0.003,34.617,1,29.919,29.898
2026,67.747952,0.541,32.307,0.715,0.004,33.585,1,29.919,29.888
2027,67.775018,0.615,25.372,0.143,0.003,26.153,0,29.922,30.259
2028,67.813351,6.549,31.582,1.040,0.003,39.192,1,29.920,29.947
2029,67.846200,0.558,31.191,0.619,0.003,32.389,1,29.920,29.993
2030,67.879741,1.711,31.152,0.660,0.003,33.544,1,29.920,29.982
2031,67.916270,0.717,35.095,0.615,0.003,36.448,1,29.919,29.849
2032,67.948583,0.561,31.079,0.629,0.003,32.291,1,29.919,29.896
2033,67.981974,0.564,32.139,0.623,0.004,33.348,1,29.919,29.899
2034,68.015818,0.568,32.595,0.654,0.003,33.838,1,29.919,29.883
2035,68.049420,0.555,32.337,0.618,0.004,33.531,1,29.919,29.879
2036,68.082192,0.542,31.558,0.598,0.004,32.718,1,29.919,29.904
2037,68.115978,0.543,32.589,0.606,0.003,33.758,1,29.919,29.892
2038,68.149497,0.546,32.308,0.610,0.004,33.486,1,29.919,29.890
2039,68.182776,0.543,32.069,0.597,0.004,33.230,1,29.919,29.896
2040,68.216323,0.621,32.272,0.616,0.003,33.530,1,29.919,29.892
2041,68.263045,0.566,45.409,0.639,0.003,46.633,1,29.913,21.398
2042,68.293955,0.487,29.742,0.659,0.003,30.907,1,29.915,25.752
2043,68.325980,0.542,30.767,0.511,0.003,31.838,1,29.915,27.387
2044,68.358739,0.539,31.659,0.542,0.003,32.757,1,29.915,28.104
2045,68.390540,0.625,30.582,0.362,0.002,31.584,1,29.916,28.744
2046,68.420667,0.473,29.255,0.533,0.004,30.278,1,29.918,29.376
2047,68.450199,0.590,28.357,0.537,0.003,29.501,1,29.919,29.942
2048,68.480243,0.518,28.941,0.567,0.003,30.044,1,29.921,30.319
2049,68.517828,0.542,36.423,0.587,0.003,37.571,1,29.919,29.854
2050,68.549195,0.570,30.153,0.562,0.003,31.305,1,29.920,30.048
2051,68.580462,0.533,30.122,0.588,0.004,31.263,1,29.921,30.212
2052,68.611894,0.566,30.221,0.575,0.002,31.380,1,29.922,30.340
2053,68.645108,2.468,30.117,0.567,0.003,33.171,1,29.922,30.323
2054,68.681151,2.185,33.236,0.589,0.003,36.030,1,29.921,30.121
2055,68.712881,0.544,30.543,0.577,0.004,31.686,1,29.921,30.211
2056,68.746614,1.716,31.384,0.624,0.003,33.746,1,29.921,30.172
2057,68.780208,0.697,32.215,0.768,0.004,33.703,1,29.921,30.141
2058,68.814183,0.569,32.578,0.605,0.004,33.773,1,29.921,30.108
2059,68.846552,0.571,31.134,0.574,0.003,32.298,1,29.921,30.150
2060,68.878967,0.609,31.000,0.555,0.003,32.184,1,29.922,30.185
2061,68.912101,1.355,31.168,0.591,0.003,33.135,1,29.922,30.184
2062,68.945824,1.900,31.178,0.594,0.003,33.692,1,29.922,30.159
2063,68.979048,1.451,31.123,0.612,0.004,33.245,1,29.922,30.156
2064,69.011910,1.003,31.148,0.620,0.004,32.793,1,29.922,30.167
2065,69.044818,1.355,30.874,0.526,0.003,32.776,1,29.922,30.179
2066,69.078702,2.262,31.041,0.575,0.003,33.898,1,29.922,30.151
2067,69.121491,3.070,39.090,0.385,0.002,42.559,1,29.918,29.837
2068,69.152588,0.450,30.225,0.582,0.002,31.275,1,29.919,29.908
2069,69.183781,0.553,30.000,0.644,0.003,31.218,1,29.920,29.975
2070,69.214792,0.567,29.742,0.571,0.003,30.899,1,29.921,30.048
2071,69.258156,0.587,42.081,0.622,0.003,43.312,1,29.917,23.040
2072,69.283113,0.566,23.712,0.735,0.004,25.034,1,29.920,29.209
2073,69.304414,0.525,19.985,0.505,0.003,21.031,1,29.926,33.503
2074,69.336153,9.928,21.259,0.534,0.002,31.738,1,29.926,32.973
2075,69.373837,11.605,25.497,0.554,0.002,37.675,1,29.925,31.443
2076,69.410127,7.414,28.271,0.559,0.003,36.262,1,29.923,30.720
2077,69.446032,4.353,30.939,0.581,0.004,35.895,1,29.922,30.272
2078,69.479587,1.858,31.059,0.685,0.003,33.625,1,29.922,30.200
2079,69.512012,0.566,31.116,0.581,0.003,32.282,1,29.923,30.281
2080,69.546888,1.881,32.360,0.571,0.003,34.832,1,29.922,30.113
2081,69.579964,0.595,31.853,0.570,0.003,33.038,1,29.922,30.124
2082,69.611000,0.534,29.880,0.549,0.003,30.981,1,29.923,30.290
2083,69.644963,2.927,30.432,0.548,0.003,33.926,1,29.923,30.223
2084,69.678229,2.409,30.254,0.559,0.004,33.242,1,29.923,30.211
2085,69.719371,1.553,38.977,0.666,0.003,41.216,1,29.920,29.723
2086,69.750257,0.564,29.600,0.574,0.003,30.758,1,29.921,29.881
2087,69.781959,0.564,30.505,0.742,0.003,31.833,1,29.921,29.965
2088,69.814291,0.566,30.963,0.603,0.003,32.153,1,29.922,30.024
2089,69.846659,0.563,31.144,0.615,0.003,32.342,1,29.922,30.068
2090,69.878305,0.628,30.350,0.572,0.004,31.570,1,29.923,30.143
2091,69.911094,1.375,30.783,0.637,0.003,32.816,1,29.923,30.157
2092,69.945532,2.051,31.690,0.565,0.004,34.327,1,29.923,30.107
2093,69.979726,1.262,32.311,0.627,0.004,34.222,1,29.923,30.066
2094,70.012450,0.569,31.470,0.601,0.003,32.659,1,29.923,30.087
2095,70.046364,1.813,31.443,0.634,0.003,33.913,1,29.923,30.062
2096,70.079055,0.547,31.455,0.598,0.072,32.691,1,29.923,30.083
2097,70.111623,0.561,31.278,0.642,0.003,32.501,1,29.923,30.104
2098,70.144970,1.402,31.247,0.605,0.003,33.276,1,29.923,30.101
2099,70.178903,1.651,31.619,0.610,0.004,33.901,1,29.923,30.079
2100,70.213476,2.482,31.424,0.614,0.004,34.542,1,29.923,30.039
2101,70.260963,0.566,46.175,0.624,0.003,47.386,1,29.917,21.060
2102,70.294594,0.578,32.373,0.800,0.004,33.772,1,29.917,24.603
2103,70.324683,0.578,28.653,0.584,0.003,29.834,1,29.918,26.987
2104,70.355458,0.577,29.558,0.427,0.002,30.576,1,29.919,28.213
2105,70.384682,0.459,28.302,0.623,0.003,29.402,1,29.921,29.205
2106,70.416233,0.560,30.314,0.553,0.002,31.444,1,29.922,29.603
2107,70.447100,0.533,29.731,0.616,0.002,30.898,1,29.923,29.964
2108,70.478213,0.527,29.917,0.577,0.004,31.040,1,29.924,30.225
2109,70.510800,1.411,30.546,0.534,0.003,32.510,1,29.924,30.280
2110,70.543742,2.213,30.141,0.584,0.003,32.959,1,29.924,30.283
2111,70.577639,2.746,30.514,0.570,0.003,33.848,1,29.924,30.211
2112,70.611411,2.089,31.058,0.660,0.004,33.830,1,29.924,30.153
2113,70.642533,1.427,28.975,0.611,0.003,31.035,1,29.925,30.300
2114,70.679850,4.973,31.669,0.657,0.003,37.323,1,29.923,30.017
2115,70.711832,0.576,30.690,0.646,0.003,31.933,1,29.924,30.098
2116,70.743145,1.176,29.430,0.620,0.003,31.248,1,29.925,30.208
2117,70.778093,3.338,30.932,0.760,0.004,35.055,1,29.924,30.102
2118,70.810793,1.723,30.152,0.630,0.004,32.527,1,29.925,30.135
2119,70.846689,3.104,32.102,0.628,0.003,35.857,1,29.924,30.006
2120,70.879129,0.770,30.982,0.641,0.003,32.414,1,29.924,30.045
2121,70.919077,0.662,38.588,0.648,0.003,39.919,1,29.921,29.761
2122,70.949373,0.563,29.024,0.572,0.003,30.179,1,29.923,29.898
2123,70.979924,0.531,29.397,0.606,0.003,30.552,1,29.924,30.009
2124,71.010295,0.547,29.164,0.523,0.003,30.251,1,29.925,30.124
2125,71.044271,3.505,29.896,0.569,0.004,33.991,1,29.925,30.094
2126,71.078779,3.284,30.598,0.593,0.003,34.496,1,29.924,30.048
2127,71.109696,0.587,29.681,0.544,0.003,30.831,1,29.925,30.129
2128,71.144073,3.525,30.254,0.553,0.003,34.352,1,29.925,30.091
2129,71.180135,3.621,31.836,0.670,0.004,36.149,1,29.924,29.999
2130,71.212139,1.524,29.750,0.651,0.003,31.948,1,29.924,30.039
2131,71.259709,1.640,45.142,0.605,0.004,47.409,1,29.918,21.048
2132,71.291802,0.583,30.847,0.613,0.003,32.062,1,29.919,25.122
2133,71.323989,0.531,30.993,0.561,0.003,32.104,1,29.920,26.847
2134,71.355868,0.566,30.698,0.382,0.002,31.661,1,29.920,27.885
2135,71.386073,0.484,29.300,0.503,0.003,30.303,1,29.922,28.773
2136,71.415040,0.526,27.886,0.531,0.003,28.962,1,29.923,29.591
2137,71.445284,0.579,29.082,0.520,0.003,30.199,1,29.925,30.043
2138,71.477732,1.906,29.972,0.552,0.003,32.450,1,29.925,30.134
2139,71.518526,2.606,37.580,0.568,0.004,40.776,1,29.922,29.384
2140,71.550559,0.632,30.776,0.587,0.003,32.016,1,29.923,29.556
2141,71.581199,0.646,29.349,0.549,0.003,30.562,1,29.924,29.815
2142,71.612278,0.548,29.929,0.565,0.003,31.061,1,29.925,29.997
2143,71.643982,1.184,29.900,0.561,0.003,31.665,1,29.926,30.111
2144,71.677222,2.591,30.034,0.556,0.003,33.201,1,29.926,30.109
2145,71.709178,2.158,29.186,0.560,0.003,31.926,1,29.926,30.185
2146,71.744752,4.292,30.662,2.087,0.003,37.062,1,29.925,29.961
2147,71.780209,0.541,32.774,0.753,0.003,34.089,1,29.924,29.921
2148,71.811757,0.569,30.165,0.579,0.003,31.333,1,29.925,30.023
2149,71.846126,2.481,31.256,0.581,0.003,34.338,1,29.925,29.973
2150,71.879924,0.547,32.615,0.542,0.003,33.723,1,29.925,29.955
2151,71.911084,0.550,30.016,0.568,0.003,31.152,1,29.926,30.049
2152,71.941903,1.350,28.739,0.540,0.003,30.649,1,29.927,30.152
2153,71.976031,4.334,29.198,0.547,0.003,34.101,1,29.926,30.114
2154,72.010183,3.365,30.186,0.534,0.003,34.106,1,29.926,30.078
2155,72.043567,2.819,29.977,0.647,0.003,33.465,1,29.926,30.069
2156,72.076769,2.490,30.008,0.559,0.003,33.077,1,29.926,30.074
2157,72.116435,2.284,36.770,0.549,0.003,39.625,1,29.924,29.861
2158,72.147409,0.537,29.833,0.654,0.003,31.044,1,29.925,29.938
2159,72.180424,0.531,31.775,0.602,0.003,32.927,1,29.925,29.952
2160,72.211744,0.546,30.118,0.579,0.003,31.261,1,29.926,30.014
2161,72.258897,1.467,44.985,0.519,0.004,46.992,1,29.920,21.240
2162,72.282543,0.599,22.476,0.658,0.004,23.752,1,29.924,28.222
2163,72.304480,0.588,20.634,0.524,0.003,21.765,1,29.929,32.373
2164,72.336668,8.544,23.070,0.551,0.003,32.185,1,29.929,32.029
2165,72.372685,9.753,25.658,0.576,0.003,36.007,1,29.928,31.070
2166,72.413760,9.950,30.494,0.591,0.003,41.058,1,29.925,29.700
2167,72.447261,0.570,32.281,0.606,0.003,33.477,1,29.925,29.720
2168,72.479942,0.544,31.474,0.586,0.003,32.623,1,29.925,29.829
2169,72.511078,0.547,29.950,0.541,0.004,31.057,1,29.926,30.072
2170,72.543510,1.933,29.853,0.635,0.003,32.440,1,29.927,30.138
2171,72.577406,2.341,30.866,0.543,0.004,33.770,1,29.926,30.086
2172,72.611938,2.140,31.792,0.560,0.003,34.513,1,29.926,29.988
2173,72.643204,1.255,29.396,0.653,0.004,31.326,1,29.927,30.126
2174,72.679383,4.180,31.272,0.731,0.004,36.206,1,29.926,29.929
2175,72.720832,0.829,39.829,0.683,0.002,41.357,1,29.922,29.459
2176,72.754806,0.504,32.716,0.368,0.003,33.634,1,29.922,29.475
2177,72.784693,0.517,28.963,0.675,0.003,30.172,1,29.924,29.667
2178,72.816309,0.529,30.360,0.546,0.003,31.453,1,29.924,29.776
2179,72.847359,0.526,29.925,0.587,0.003,31.057,1,29.925,29.892
2180,72.879894,0.538,31.355,0.653,0.003,32.566,1,29.926,29.931
2181,72.911610,0.572,30.433,0.667,0.003,31.693,1,29.926,30.002
2182,72.942964,0.543,30.088,0.577,0.003,31.226,1,29.927,30.087
2183,72.978225,3.844,30.785,0.636,0.003,35.289,1,29.926,30.005
2184,73.012857,2.048,31.887,0.605,0.003,34.562,1,29.926,29.958
2185,73.044150,0.528,30.102,0.863,0.003,31.514,1,29.927,30.024
2186,73.077410,1.510,30.830,0.869,0.003,33.230,1,29.927,30.025
2187,73.112461,2.489,31.453,0.615,0.003,34.578,1,29.926,29.975
2188,73.144427,0.542,30.753,0.560,0.003,31.873,1,29.927,30.022
2189,73.178953,2.584,31.329,0.608,0.003,34.541,1,29.926,29.983
2190,73.210826,0.846,30.364,0.903,0.003,32.134,1,29.927,30.018
2191,73.261876,2.252,47.774,0.387,0.003,50.428,1,29.920,19.794
2192,73.291797,0.484,29.010,0.661,0.003,30.174,1,29.921,24.779
2193,73.324429,0.547,31.368,0.517,0.003,32.451,1,29.922,26.501
2194,73.354998,0.537,29.462,0.375,0.002,30.387,1,29.923,27.849
2195,73.386013,0.511,30.091,0.558,0.003,31.179,1,29.924,28.600
2196,73.415365,0.596,28.146,0.639,0.003,29.400,1,29.925,29.374
2197,73.446578,0.550,29.971,0.564,0.003,31.106,1,29.926,29.737
2198,73.477547,0.592,29.758,0.548,0.004,30.919,1,29.927,30.035
2199,73.510084,1.860,30.075,0.569,0.003,32.523,1,29.928,30.109
2200,73.544106,2.203,31.195,0.555,0.004,33.973,1,29.927,30.037
2201,73.578924,2.912,31.296,0.645,0.003,34.874,1,29.927,29.905
2202,73.611167,0.608,30.932,0.607,0.003,32.166,1,29.927,29.998
2203,73.640358,2.139,26.390,0.143,0.003,28.693,0,29.929,30.320
2204,73.671821,5.663,25.598,0.135,0.003,31.419,0,29.930,30.421
2205,73.705343,8.091,25.234,0.139,0.004,33.486,0,29.930,30.380
2206,73.739197,8.544,25.111,0.140,0.003,33.817,0,29.930,30.326
2207,73.772239,7.387,25.453,0.140,0.003,33.004,0,29.930,30.323
2208,73.805125,7.547,25.135,0.140,0.003,32.847,0,29.930,30.327
2209,73.840019,9.024,25.666,0.137,0.004,34.853,0,29.930,30.235
2210,73.872441,6.768,25.458,0.138,0.003,32.386,0,29.930,30.265
2211,73.909828,7.420,29.766,0.140,0.003,37.349,0,29.928,30.076
2212,73.938875,4.755,24.091,0.190,0.004,29.061,0,29.930,30.248
2213,73.973039,8.166,25.747,0.142,0.003,34.080,0,29.930,30.206
2214,74.005841,7.264,25.334,0.140,0.003,32.761,0,29.930,30.218
2215,74.040349,8.027,26.279,0.138,0.003,34.470,0,29.930,30.166
2216,74.072572,6.396,25.624,0.140,0.003,32.184,0,29.930,30.199
2217,74.105279,7.208,25.297,0.139,0.004,32.670,0,29.930,30.212
2218,74.140035,8.661,25.887,0.138,0.003,34.712,0,29.930,30.158
2219,74.173795,7.649,25.912,0.137,0.003,33.721,0,29.930,30.140
2220,74.205871,6.504,25.374,0.138,0.004,32.041,0,29.930,30.173
2221,74.255280,7.265,41.869,0.139,0.003,49.297,0,29.924,20.245
2222,74.283309,0.623,27.209,0.141,0.003,27.995,0,29.926,25.831
2223,74.308879,0.642,24.727,0.141,0.003,25.531,0,29.929,29.127
2224,74.339392,4.922,25.389,0.141,0.004,30.478,0,29.930,29.960
2225,74.375387,8.232,27.556,0.353,0.004,36.168,0,29.929,29.461
2226,74.406003,5.010,25.188,0.130,0.003,30.350,0,29.930,29.983
2227,74.438389,6.866,25.329,0.140,0.003,32.358,0,29.931,30.107
2228,74.473044,7.494,26.961,0.138,0.004,34.616,0,29.930,29.945
2229,74.511425,7.116,31.064,0.137,0.003,38.339,0,29.928,29.456
2230,74.537962,2.379,23.967,0.139,0.003,26.509,0,29.931,30.113
2231,74.572561,9.543,24.852,0.140,0.004,34.560,0,29.931,29.999
2232,74.605984,7.903,25.319,0.137,0.003,33.383,0,29.931,29.993
2233,74.639962,6.552,27.227,0.140,0.004,33.943,0,29.930,29.949
2234,74.671793,6.396,25.236,0.143,0.004,31.798,0,29.931,30.048
2235,74.705014,8.275,24.741,0.139,0.003,33.178,0,29.931,30.052
2236,74.737890,8.227,24.451,0.136,0.003,32.835,0,29.931,30.075
2237,74.772198,7.848,26.264,0.137,0.004,34.272,0,29.931,30.019
2238,74.804256,7.571,24.288,0.134,0.003,32.016,0,29.931,30.082
2239,74.839788,8.868,26.466,0.146,0.003,35.504,0,29.931,29.973
2240,74.872836,6.124,26.716,0.141,0.003,33.006,0,29.931,29.987
2241,74.904646,6.629,24.926,0.143,0.004,31.773,0,29.931,30.053
2242,74.937768,7.923,24.993,0.142,0.003,33.082,0,29.931,30.059
2243,74.973183,9.896,25.314,0.140,0.004,35.376,0,29.931,29.975
2244,75.007088,7.329,26.371,0.139,0.004,33.863,0,29.930,29.955
2245,75.039511,7.568,24.654,0.144,0.038,32.424,0,29.931,29.989
2246,75.071771,7.228,24.788,0.144,0.004,32.185,0,29.931,30.027
2247,75.109827,8.807,29.043,0.137,0.003,38.011,0,29.929,29.869
2248,75.136828,3.452,23.354,0.137,0.003,26.967,0,29.932,30.077
2249,75.169067,7.390,24.649,0.150,0.004,32.215,0,29.932,30.108
2250,75.206925,11.300,26.344,0.137,0.003,37.805,0,29.931,29.969
2251,75.258311,6.544,44.570,0.131,0.003,51.270,0,29.924,19.468
2252,75.284260,0.557,25.206,0.139,0.003,25.922,0,29.927,25.866
2253,75.308291,0.568,23.266,0.137,0.003,23.991,0,29.930,29.600
2254,75.339467,6.297,24.681,0.137,0.003,31.139,0,29.931,30.182
2255,75.371837,7.242,24.929,0.142,0.003,32.337,0,29.932,30.321
2256,75.404495,7.403,25.050,0.139,0.003,32.617,0,29.932,30.371
2257,75.439107,9.555,24.856,0.140,0.004,34.575,0,29.931,30.150
2258,75.471083,7.387,24.387,0.138,0.003,31.936,0,29.932,30.286
2259,75.510038,8.781,29.972,1.269,0.003,40.047,1,29.929,29.583
2260,75.545583,2.278,31.938,0.624,0.003,34.863,1,29.929,29.487
2261,75.578328,0.573,31.489,0.591,0.004,32.673,1,29.929,29.582
2262,75.611738,1.307,31.456,0.625,0.004,33.410,1,29.929,29.609
2263,75.644626,0.809,31.394,0.667,0.003,32.892,1,29.929,29.666
2264,75.677289,0.566,31.371,0.607,0.003,32.564,1,29.929,29.735
2265,75.715254,1.481,35.818,0.722,0.003,38.042,1,29.928,29.475
2266,75.747406,0.802,30.574,0.645,0.003,32.041,1,29.928,29.576
2267,75.779591,0.551,30.933,0.674,0.003,32.180,1,29.929,29.659
2268,75.811738,0.562,30.852,0.682,0.003,32.117,1,29.929,29.735
2269,75.843999,0.691,30.826,0.574,0.003,32.112,1,29.930,29.804
2270,75.876197,1.555,30.013,0.559,0.004,32.148,1,29.930,29.865
2271,75.908453,1.149,30.491,0.524,0.003,32.184,1,29.931,29.919
2272,75.945946,4.137,32.779,0.676,0.003,37.614,1,29.929,29.748
2273,75.977439,0.536,30.223,1.935,0.004,32.718,1,29.929,29.781
2274,76.010766,0.844,30.483,0.643,0.003,31.992,1,29.930,29.838
2275,76.044186,1.690,31.029,1.165,0.003,33.904,1,29.930,29.823
2276,76.077677,0.800,31.471,0.642,0.003,32.936,1,29.930,29.842
2277,76.112630,2.977,31.273,0.649,0.003,34.922,1,29.929,29.795
2278,76.146297,0.585,32.373,0.617,0.003,33.596,1,29.929,29.792
2279,76.178912,0.543,31.398,0.528,0.003,32.488,1,29.929,29.824
2280,76.213775,1.921,32.363,0.586,0.003,34.890,1,29.929,29.783
2281,76.259037,0.552,44.003,0.601,0.003,45.177,1,29.924,22.093
2282,76.290372,0.583,30.049,0.532,0.003,31.183,1,29.925,26.133
2283,76.328389,0.545,36.888,0.504,0.003,37.953,1,29.923,26.197
2284,76.357064,0.571,27.557,0.508,0.003,28.652,1,29.925,27.933
2285,76.388039,0.543,29.875,0.378,0.003,30.810,1,29.926,28.729
2286,76.416699,0.476,27.767,0.523,0.003,28.783,1,29.928,29.579
2287,76.446846,0.541,29.033,0.559,0.003,30.151,1,29.929,30.039
2288,76.476907,0.582,28.869,0.922,0.003,30.392,1,29.930,30.366
2289,76.508322,0.925,29.518,0.515,0.003,30.976,1,29.931,30.564
2290,76.542208,3.207,30.113,0.545,0.004,33.886,1,29.931,30.452
2291,76.576520,3.115,30.597,0.721,0.004,34.454,1,29.931,30.314
2292,76.610389,3.027,30.060,2.309,0.003,35.417,1,29.930,30.126
2293,76.642925,0.567,29.602,1.068,0.003,31.255,1,29.931,30.259
2294,76.676183,2.059,30.081,0.504,0.003,32.662,1,29.931,30.282
2295,76.705201,3.281,25.177,0.133,0.003,28.611,0,29.933,30.552
2296,76.740131,7.938,26.804,0.138,0.003,34.904,0,29.932,30.424
2297,76.772424,5.121,26.972,0.139,0.003,32.256,0,29.933,30.456
2298,76.806575,7.245,26.707,0.141,0.004,34.117,0,29.932,30.388
2299,76.839220,5.495,26.947,0.137,0.003,32.603,0,29.933,30.401
2300,76.871975,6.859,25.699,0.138,0.004,32.719,0,29.933,30.407
2301,76.908671,7.324,29.172,0.103,0.002,36.618,0,29.932,30.242
2302,76.937424,0.728,27.880,0.137,0.004,28.767,0,29.933,30.421
2303,76.975273,11.160,26.489,0.140,0.004,37.812,0,29.932,30.222
2304,77.007048,4.716,26.859,0.139,0.004,31.737,0,29.932,30.272
2305,77.039625,5.651,26.728,0.204,0.003,32.605,0,29.933,30.286
2306,77.070940,6.014,25.036,0.137,0.003,31.210,0,29.933,30.349
2307,77.106075,7.875,27.065,0.139,0.003,35.100,0,29.933,30.274
2308,77.137465,5.780,25.410,0.139,0.003,31.351,0,29.934,30.328
2309,77.170272,7.582,25.028,0.136,0.003,32.768,0,29.934,30.334
2310,77.206807,9.468,26.867,0.141,0.003,36.503,0,29.933,30.224
2311,77.254015,5.494,41.427,0.107,0.002,47.047,0,29.927,21.205
2312,77.272028,0.458,17.408,0.128,0.003,18.013,0,29.933,30.678
2313,77.298350,8.652,17.480,0.263,0.004,26.422,0,29.936,32.733
2314,77.339357,15.267,25.339,0.137,0.004,40.767,0,29.933,30.182
2315,77.372312,6.147,26.606,0.127,0.003,32.900,0,29.933,30.216
2316,77.406478,8.666,25.317,0.134,0.003,34.141,0,29.933,30.053
2317,77.438125,6.237,25.216,0.140,0.003,31.616,0,29.934,30.263
2318,77.471514,7.833,25.355,0.136,0.003,33.348,0,29.934,30.224
2319,77.509076,7.509,29.770,0.137,0.003,37.439,0,29.932,29.777
2320,77.538622,3.608,25.744,0.137,0.003,29.513,0,29.933,30.139
2321,77.572434,8.235,25.379,0.131,0.003,33.767,0,29.933,30.087
2322,77.606367,6.695,27.049,0.138,0.003,33.904,0,29.933,30.034
2323,77.638460,6.526,25.369,0.137,0.003,32.055,0,29.934,30.118
2324,77.671331,7.322,25.352,0.138,0.003,32.834,0,29.934,30.140
2325,77.704795,8.055,25.210,0.136,0.003,33.425,0,29.934,30.122
2326,77.739547,7.840,26.711,0.174,0.004,34.750,0,29.933,30.032
2327,77.770120,6.099,24.236,0.132,0.003,30.489,0,29.934,30.180
2328,77.803290,8.619,24.360,0.130,0.003,33.131,0,29.934,30.178
2329,77.837528,9.761,24.290,0.127,0.002,34.199,0,29.934,30.126
2330,77.871146,7.433,26.004,0.127,0.003,33.586,0,29.934,30.106
2331,77.905153,7.830,25.991,0.126,0.003,33.968,0,29.934,30.072
2332,77.939436,8.332,25.770,0.124,0.002,34.248,0,29.933,30.030
2333,77.969323,5.292,24.416,0.125,0.002,29.853,0,29.935,30.165
2334,78.002619,8.773,24.346,0.128,0.003,33.266,0,29.935,30.159
2335,78.038344,11.194,24.346,0.138,0.003,35.701,0,29.934,30.065
2336,78.069725,6.601,24.581,0.130,0.003,31.336,0,29.935,30.131
2337,78.103013,8.480,24.617,0.130,0.003,33.250,0,29.935,30.128
2338,78.138348,9.161,25.986,0.132,0.003,35.302,0,29.934,30.058
2339,78.169759,6.481,24.739,0.130,0.002,31.372,0,29.935,30.117
2340,78.205451,9.323,26.179,0.127,0.003,35.653,0,29.934,30.042
2341,78.249723,6.614,37.396,0.136,0.003,44.171,0,29.930,22.590
2342,78.275771,0.563,25.291,0.137,0.004,26.012,0,29.933,28.442
2343,78.305591,3.524,26.100,0.132,0.004,29.779,0,29.934,29.960
2344,78.337168,6.802,24.582,0.136,0.004,31.544,0,29.935,30.369
2345,78.372001,8.296,26.342,0.138,0.003,34.798,0,29.934,30.021
2346,78.405380,7.033,26.149,0.126,0.003,33.331,0,29.934,30.013
2347,78.440032,7.188,27.278,0.236,0.004,34.727,0,29.934,29.828
2348,78.472351,5.930,26.091,0.139,0.003,32.184,0,29.934,29.974
2349,78.505519,6.572,26.396,0.140,0.004,33.130,0,29.934,29.993
2350,78.536969,6.527,24.720,0.138,0.003,31.407,0,29.935,30.164
2351,78.569874,7.997,24.709,0.140,0.003,32.869,0,29.935,30.185
2352,78.608371,8.477,29.820,1.103,0.003,39.422,1,29.933,29.712
2353,78.644306,3.273,31.499,0.642,0.004,35.440,1,29.932,29.589
2354,78.677110,0.566,31.533,0.638,0.002,32.758,1,29.932,29.651
2355,78.713858,2.056,33.996,0.620,0.003,36.694,1,29.931,29.476
2356,78.744489,0.565,29.388,0.657,0.003,30.631,1,29.932,29.654
2357,78.776748,0.563,30.981,0.581,0.003,32.143,1,29.932,29.734
2358,78.809405,1.082,30.940,0.538,0.003,32.580,1,29.933,29.784
2359,78.845831,4.635,31.198,0.586,0.003,36.440,1,29.932,29.649
2360,78.878049,0.567,31.008,0.689,0.004,32.284,1,29.932,29.711
2361,78.912577,2.542,31.240,0.607,0.004,34.411,1,29.932,29.678
2362,78.944412,0.562,30.608,0.533,0.003,31.722,1,29.932,29.756
2363,78.975881,0.768,30.116,0.844,0.004,31.751,1,29.933,29.826
2364,79.010162,2.525,30.852,0.654,0.004,34.052,1,29.933,29.805
2365,79.043967,2.288,30.808,0.608,0.003,33.726,1,29.932,29.798
2366,79.078383,2.012,31.739,0.605,0.003,34.377,1,29.932,29.769
2367,79.110916,0.788,31.082,0.642,0.003,32.533,1,29.932,29.802
2368,79.144543,1.566,31.360,0.591,0.003,33.537,1,29.932,29.802
2369,79.177413,0.831,31.393,0.613,0.004,32.858,1,29.933,29.822
2370,79.210906,1.421,31.398,0.586,0.003,33.427,1,29.933,29.824
2371,79.258781,2.408,44.751,0.604,0.003,47.785,1,29.927,20.885
2372,79.291331,0.661,31.227,0.579,0.003,32.486,1,29.927,24.874
2373,79.327915,0.546,35.405,0.478,0.003,36.447,1,29.926,25.666
2374,79.358664,0.512,29.715,0.534,0.003,30.780,1,29.927,27.083
2375,79.389379,0.577,29.550,0.661,0.003,30.808,1,29.928,28.006
2376,79.419491,0.538,28.860,0.420,0.003,29.834,1,29.930,28.790
2377,79.448298,0.458,27.889,0.513,0.002,28.876,1,29.931,29.498
2378,79.477935,0.517,28.559,0.522,0.003,29.616,1,29.933,29.968
2379,79.509840,0.513,30.821,0.560,0.003,31.913,1,29.933,30.111
2380,79.541964,1.884,29.626,0.510,0.003,32.040,1,29.934,30.214
2381,79.574880,2.341,30.014,0.507,0.004,32.882,1,29.934,30.230
2382,79.610114,4.704,29.969,0.565,0.003,35.260,1,29.933,30.062
2383,79.642579,1.269,30.576,0.579,0.003,32.445,1,29.934,30.117
2384,79.678058,2.864,31.980,0.577,0.004,35.444,1,29.933,29.970
2385,79.711432,1.432,31.304,0.677,0.004,33.437,1,29.933,29.964
2386,79.743109,0.550,30.390,0.621,0.003,31.581,1,29.933,30.062
2387,79.776185,2.006,30.393,0.588,0.004,33.008,1,29.934,30.074
2388,79.811262,2.837,31.595,0.702,0.003,35.156,1,29.933,29.977
2389,79.842830,0.710,30.095,0.588,0.003,31.414,1,29.934,30.067
2390,79.876798,1.613,31.710,0.701,0.003,34.047,1,29.933,30.030
2391,79.912269,1.656,33.055,0.589,0.004,35.321,1,29.933,29.942
2392,79.942387,0.539,28.934,0.570,0.005,30.066,1,29.934,30.077
2393,79.975636,2.571,30.045,0.559,0.003,33.195,1,29.934,30.078
2394,80.010303,3.055,31.000,0.621,0.004,34.698,1,29.933,30.022
2395,80.042263,0.755,30.524,0.551,0.003,31.850,1,29.934,30.073
2396,80.075081,1.998,30.211,0.557,0.003,32.788,1,29.934,30.088
2397,80.111531,4.344,31.450,0.671,0.003,36.488,1,29.933,29.977
2398,80.144409,1.062,31.087,0.613,0.003,32.783,1,29.933,29.994
2399,80.176708,0.560,31.067,0.633,0.003,32.281,1,29.934,30.026
2400,80.210631,3.145,30.083,0.433,0.003,33.680,1,29.934,30.013
2401,80.257755,3.216,43.378,0.519,0.003,47.133,1,29.928,21.186
2402,80.281124,0.518,22.283,0.528,0.003,23.345,1,29.932,28.337
2403,80.302616,0.493,20.424,0.512,0.003,21.448,1,29.937,32.589
2404,80.335220,9.318,22.724,0.581,0.002,32.645,1,29.937,32.070
2405,80.373064,10.460,26.745,0.972,0.003,38.200,1,29.935,30.682
2406,80.408016,4.836,29.082,0.540,0.004,34.480,1,29.935,30.382
2407,80.441275,2.194,30.471,0.515,0.003,33.200,1,29.935,30.340
2408,80.472913,2.229,28.842,0.511,0.003,31.602,1,29.935,30.493
2409,80.505994,2.528,29.991,0.510,0.003,33.047,1,29.935,30.464
2410,80.542045,4.564,30.925,0.552,0.003,36.064,1,29.934,30.164
2411,80.572642,1.223,28.764,0.530,0.003,30.538,1,29.936,30.378
2412,80.606107,3.236,29.646,0.577,0.003,33.479,1,29.935,30.333
2413,80.642415,5.336,30.337,0.544,0.003,36.240,1,29.934,30.101
2414,80.675402,1.416,30.974,0.658,0.003,33.069,1,29.935,30.108
2415,80.708826,2.195,30.512,0.633,0.004,33.362,1,29.935,30.097
2416,80.744091,3.511,31.061,0.670,0.004,35.264,1,29.934,29.980
2417,80.776478,0.577,31.080,0.639,0.003,32.317,1,29.934,30.033
2418,80.811022,2.342,31.502,0.618,0.003,34.485,1,29.934,29.972
2419,80.843482,0.578,31.154,0.762,0.003,32.516,1,29.934,30.008
2420,80.875957,0.563,31.090,0.717,0.004,32.390,1,29.934,30.048
2421,80.908952,1.091,31.131,0.661,0.004,32.905,1,29.935,30.063
2422,80.942659,2.466,30.520,0.610,0.003,33.616,1,29.935,30.047
2423,80.975100,1.509,30.266,0.531,0.003,32.326,1,29.935,30.083
2424,81.008451,2.877,29.858,0.584,0.003,33.340,1,29.935,30.077
2425,81.042693,3.111,30.491,0.605,0.003,34.228,1,29.935,30.040
2426,81.077130,1.323,32.451,0.591,0.003,34.387,1,29.934,30.001
2427,81.113436,0.542,35.118,0.609,0.003,36.289,1,29.933,29.901
2428,81.144418,0.542,29.778,0.530,0.003,30.869,1,29.934,29.983
2429,81.175743,0.539,30.205,0.557,0.003,31.320,1,29.935,30.045
2430,81.209737,2.288,31.091,0.579,0.003,33.979,1,29.935,30.023
2431,81.255399,1.385,43.563,0.455,0.003,45.425,1,29.930,21.966
2432,81.291873,0.584,35.379,0.570,0.003,36.552,1,29.929,24.356
2433,81.321957,0.561,28.899,0.475,0.003,29.952,1,29.930,26.761
2434,81.351386,0.522,28.385,0.473,0.002,29.395,1,29.932,28.262
2435,81.380070,0.484,27.687,0.631,0.003,28.820,1,29.933,29.347
2436,81.409779,0.526,28.500,0.561,0.004,29.606,1,29.935,29.998
2437,81.440287,0.526,29.367,0.522,0.003,30.434,1,29.936,30.371
2438,81.474276,3.608,29.806,0.589,0.003,34.024,1,29.936,30.241
2439,81.508849,3.459,30.468,0.620,0.003,34.570,1,29.935,30.086
2440,81.542205,2.453,30.222,0.590,0.003,33.286,1,29.935,30.078
2441,81.574037,1.243,29.770,0.566,0.003,31.600,1,29.936,30.197
2442,81.608199,2.773,30.767,0.608,0.004,34.172,1,29.935,30.114
2443,81.643776,4.015,30.891,0.636,0.003,35.565,1,29.935,29.948
2444,81.676886,1.123,31.294,0.583,0.003,33.020,1,29.935,29.970
2445,81.709381,0.538,31.318,0.581,0.003,32.459,1,29.935,30.022
2446,81.742310,2.223,30.065,0.610,0.004,32.919,1,29.935,30.042
2447,81.775465,1.641,30.843,0.717,0.004,33.225,1,29.935,30.043
2448,81.808540,1.205,31.091,0.972,0.003,33.290,1,29.935,30.041
2449,81.845556,3.606,32.380,0.573,0.003,36.578,1,29.934,29.884
2450,81.878029,0.528,31.318,0.681,0.003,32.548,1,29.935,29.923
2451,81.910025,0.516,30.744,0.529,0.003,31.806,1,29.935,29.990
2452,81.944467,2.034,31.826,0.560,0.003,34.441,1,29.935,29.944
2453,81.974713,0.508,29.126,0.531,0.003,30.182,1,29.936,30.069
2454,82.006988,2.210,29.483,0.483,0.003,32.194,1,29.936,30.108
2455,82.040632,3.954,29.157,0.500,0.003,33.630,1,29.936,30.091
2456,82.074506,3.145,30.176,0.568,0.003,33.910,1,29.936,30.067
2457,82.108919,3.737,30.051,0.586,0.004,34.396,1,29.936,30.027
2458,82.144060,2.395,32.105,0.574,0.003,35.093,1,29.935,29.969
2459,82.176235,0.531,31.015,0.581,0.003,32.146,1,29.935,30.006
2460,82.208639,1.324,30.443,0.544,0.003,32.332,1,29.936,30.034
2461,82.259030,3.424,46.303,0.363,0.003,50.107,1,29.930,19.921
2462,82.289675,0.513,29.730,0.544,0.003,30.803,1,29.931,24.684
2463,82.321638,0.566,30.800,0.357,0.003,31.739,1,29.931,26.596
2464,82.354445,0.482,31.929,0.495,0.003,32.922,1,29.931,27.445
2465,82.386049,0.523,30.537,6.305,0.004,37.386,1,29.930,27.299
2466,82.420973,0.538,28.022,0.561,0.003,29.139,1,29.931,28.257
2467,82.451737,0.532,29.619,0.379,0.003,30.544,1,29.933,28.816
2468,82.480554,0.465,27.933,0.531,0.003,28.947,1,29.934,29.424
2469,82.511099,0.533,29.429,0.603,0.004,30.586,1,29.935,29.751
2470,82.540900,0.524,28.619,0.530,0.003,29.690,1,29.936,30.099
2471,82.574403,2.948,29.973,0.533,0.003,33.473,1,29.936,30.076
2472,82.608973,2.859,31.127,0.610,0.003,34.616,1,29.936,29.971
2473,82.643417,1.562,32.214,0.600,0.003,34.396,1,29.936,29.897
2474,82.676973,0.542,32.360,0.627,0.004,33.552,1,29.936,29.889
2475,82.710174,0.537,31.980,0.636,0.004,33.174,1,29.936,29.903
2476,82.742915,1.832,30.210,0.589,0.004,32.653,1,29.936,29.945
2477,82.774472,1.136,29.774,0.548,0.003,31.478,1,29.937,30.045
2478,82.808132,3.290,29.768,0.557,0.003,33.636,1,29.936,30.025
2479,82.843289,1.977,32.570,0.728,0.003,35.296,1,29.936,29.930
2480,82.876871,0.539,32.258,0.736,0.004,33.555,1,29.936,29.922
2481,82.908741,0.545,30.529,0.605,0.003,31.699,1,29.936,29.994
2482,82.943859,2.944,31.510,0.589,0.004,35.063,1,29.936,29.922
2483,82.977518,0.886,32.128,0.928,0.003,33.965,1,29.935,29.899
2484,83.010339,0.690,31.141,0.555,0.003,32.408,1,29.936,29.936
2485,83.043989,1.434,31.605,0.598,0.003,33.658,1,29.936,29.926
2486,83.077539,1.243,31.650,0.554,0.004,33.469,1,29.936,29.923
2487,83.110794,0.547,32.100,0.604,0.003,33.271,1,29.936,29.927
2488,83.144082,0.626,32.000,0.548,0.003,33.194,1,29.936,29.933
2489,83.176921,0.544,31.693,0.562,0.004,32.819,1,29.936,29.950
2490,83.208800,0.547,30.716,0.593,0.003,31.877,1,29.937,29.994
2491,83.255891,2.866,43.500,0.612,0.004,47.000,1,29.932,21.233
2492,83.288105,0.571,30.974,0.605,0.004,32.170,1,29.932,25.220
2493,83.319300,0.557,29.975,0.420,0.002,30.968,1,29.933,27.195
2494,83.348618,0.466,28.395,0.580,0.003,29.460,1,29.934,28.614
2495,83.378712,0.553,28.903,0.696,0.003,30.173,1,29.935,29.411
2496,83.410122,0.600,30.057,0.573,0.003,31.249,1,29.936,29.808
2497,83.442280,1.115,30.417,0.544,0.003,32.097,1,29.937,29.989
2498,83.475006,1.673,30.453,0.567,0.002,32.712,1,29.937,30.056
2499,83.509034,3.410,30.000,0.581,0.003,34.011,1,29.937,29.979
2500,83.543327,1.019,32.639,0.664,0.003,34.343,1,29.936,29.888
2501,83.575438,0.563,30.827,0.671,0.003,32.081,1,29.937,29.997
2502,83.608852,1.601,31.084,0.572,0.003,33.276,1,29.937,29.999
2503,83.641900,1.313,31.109,0.566,0.003,33.008,1,29.937,30.019
2504,83.675202,1.525,31.157,0.654,0.003,33.357,1,29.937,30.014
2505,83.708448,1.369,31.159,0.562,0.003,33.110,1,29.937,30.024
2506,83.741545,1.443,31.037,0.604,0.003,33.105,1,29.937,30.033
2507,83.774722,1.837,30.678,0.576,0.003,33.112,1,29.937,30.041
2508,83.808944,2.418,31.170,0.617,0.004,34.226,1,29.937,29.992
2509,83.843074,2.278,31.178,0.649,0.004,34.127,1,29.937,29.953
2510,83.875391,0.552,31.057,0.842,0.002,32.472,1,29.937,29.993
2511,83.908542,1.228,31.015,0.625,0.003,32.889,1,29.937,30.010
2512,83.941338,0.928,31.188,0.587,0.002,32.724,1,29.937,30.033
2513,83.975325,2.296,31.047,0.639,0.003,34.003,1,29.937,30.004
2514,84.007847,1.809,30.015,0.588,0.004,32.436,1,29.937,30.036
2515,84.045882,3.351,34.037,0.603,0.003,38.012,1,29.936,29.866
2516,84.078014,0.530,30.945,0.539,0.003,32.034,1,29.936,29.914
2517,84.109642,0.562,30.470,0.632,0.003,31.685,1,29.937,29.971
2518,84.143570,0.557,32.679,0.650,0.003,33.904,1,29.937,29.953
2519,84.174892,0.539,30.080,0.564,0.004,31.203,1,29.937,30.019
2520,84.208388,0.776,32.101,0.651,0.004,33.550,1,29.937,30.011
2521,84.254135,0.532,44.441,0.381,0.003,45.369,1,29.933,21.996
2522,84.286681,0.486,31.640,0.557,0.003,32.701,1,29.933,25.580
2523,84.318240,0.620,30.329,0.520,0.003,31.488,1,29.934,27.346
2524,84.349633,0.552,30.268,0.564,0.003,31.402,1,29.935,28.340
2525,84.380418,0.536,29.635,0.685,0.003,30.875,1,29.936,29.061
2526,84.413313,0.541,31.615,0.549,0.003,32.724,1,29.936,29.295
2527,84.444229,0.547,29.765,0.598,0.003,30.929,1,29.937,29.689
2528,84.475517,0.547,30.088,0.603,0.003,31.256,1,29.937,29.955
2529,84.508188,0.523,31.494,0.604,0.004,32.642,1,29.938,30.026
2530,84.540475,1.450,30.177,0.553,0.003,32.198,1,29.938,30.123
2531,84.575618,4.093,30.440,0.643,0.004,35.198,1,29.937,29.956
2532,84.607167,0.576,30.275,0.619,0.003,31.489,1,29.938,30.095
2533,84.639923,1.552,30.528,0.583,0.003,32.684,1,29.938,30.131
2534,84.674650,2.939,31.148,0.602,0.004,34.712,1,29.938,30.030
2535,84.708863,2.226,31.326,0.611,0.004,34.185,1,29.938,29.975
2536,84.747117,2.550,35.030,0.615,0.003,38.218,1,29.936,29.702
2537,84.778438,0.554,30.095,0.586,0.003,31.254,1,29.937,29.826
2538,84.809754,0.560,30.116,0.621,0.003,31.317,1,29.937,29.934
2539,84.841013,0.543,30.037,0.572,0.003,31.170,1,29.938,30.038
2540,84.873958,2.761,29.557,0.723,0.003,33.064,1,29.938,30.047
2541,84.907445,1.392,31.311,0.692,0.003,33.418,1,29.938,30.039
2542,84.941966,2.309,31.460,0.581,0.003,34.372,1,29.938,29.993
2543,84.973923,0.870,30.449,0.530,0.003,31.869,1,29.938,30.050
2544,85.006515,1.518,30.491,0.576,0.003,32.606,1,29.939,30.074
2545,85.041608,2.439,32.022,0.630,0.003,35.112,1,29.938,30.005
2546,85.074661,0.915,31.452,0.688,0.003,33.075,1,29.938,30.013
2547,85.107808,0.930,31.472,0.667,0.003,33.091,1,29.938,30.019
2548,85.138936,1.448,28.955,0.557,0.003,30.981,1,29.939,30.093
2549,85.178455,5.622,33.278,0.652,0.003,39.576,1,29.937,29.895
2550,85.212867,0.665,33.035,0.652,0.003,34.373,1,29.937,29.867
2551,85.260413,0.580,46.186,0.677,0.003,47.465,1,29.932,21.027
2552,85.294712,0.589,32.975,0.570,0.003,34.153,1,29.931,24.465
2553,85.328467,0.660,32.469,0.547,0.004,33.696,1,29.931,25.978
2554,85.358536,0.568,28.900,0.476,0.002,29.960,1,29.932,27.495
2555,85.388530,0.529,28.943,0.654,0.003,30.144,1,29.934,28.465
2556,85.420406,0.552,30.614,0.553,0.003,31.736,1,29.934,28.926
2557,85.450987,0.566,29.410,0.378,0.002,30.368,1,29.935,29.432
2558,85.479496,0.511,27.582,0.574,0.003,28.683,1,29.937,30.015
2559,85.509725,0.552,29.053,0.538,0.003,30.162,1,29.938,30.330
2560,85.540352,0.514,29.501,0.534,0.003,30.568,1,29.939,30.548
2561,85.574062,2.407,30.717,0.597,0.003,33.740,1,29.939,30.460
2562,85.606627,1.236,30.679,0.530,0.003,32.465,1,29.939,30.486
2563,85.639983,2.907,29.864,0.548,0.003,33.338,1,29.939,30.445
2564,85.673745,2.682,30.480,0.557,0.003,33.739,1,29.939,30.384
2565,85.705908,1.498,30.055,0.553,0.003,32.126,1,29.939,30.430
2566,85.740784,2.477,31.794,0.592,0.003,34.884,1,29.939,30.312
2567,85.774334,2.648,30.254,0.564,0.003,33.486,1,29.939,30.283
2568,85.806942,0.906,30.907,0.558,0.004,32.391,1,29.939,30.305
2569,85.841257,2.597,31.104,0.551,0.004,34.273,1,29.939,30.241
2570,85.875149,1.902,31.385,0.794,0.004,34.104,1,29.939,30.193
2571,85.908267,0.573,31.683,0.805,0.003,33.082,1,29.939,30.192
2572,85.950600,1.514,39.958,0.377,0.003,41.865,1,29.936,29.833
2573,85.980851,0.469,29.365,0.580,0.003,30.432,1,29.937,29.952
2574,86.011348,0.545,29.321,0.608,0.003,30.493,1,29.938,30.059
2575,86.044000,0.559,31.431,0.618,0.003,32.628,1,29.938,30.081
2576,86.075772,0.533,30.565,0.610,0.003,31.728,1,29.939,30.133
2577,86.107335,0.543,30.353,0.606,0.003,31.521,1,29.939,30.188
2578,86.140622,1.974,30.653,0.584,0.004,33.232,1,29.939,30.183
2579,86.175309,2.572,31.473,0.674,0.003,34.740,1,29.939,30.131
2580,86.207434,0.956,30.437,0.685,0.003,32.096,1,29.939,30.163
2581,86.254066,2.126,43.690,0.373,0.003,46.205,1,29.935,21.594
2582,86.278492,0.478,23.537,0.556,0.003,24.589,1,29.938,28.201
2583,86.300350,0.526,20.723,0.524,0.003,21.791,1,29.942,32.347
2584,86.338021,10.419,26.681,0.567,0.003,37.689,1,29.940,30.661
2585,86.369942,5.236,26.061,0.653,0.003,31.971,1,29.941,30.776
2586,86.407982,5.883,31.444,0.598,0.004,37.946,1,29.939,29.933
2587,86.442565,1.667,32.262,0.625,0.003,34.577,1,29.939,29.780
2588,86.475990,0.615,32.127,0.654,0.004,33.418,1,29.939,29.794
2589,86.508601,0.552,31.350,0.624,0.004,32.547,1,29.939,29.891
2590,86.550039,0.559,40.200,0.940,0.003,41.715,1,29.936,29.167
2591,86.580788,0.495,29.272,0.524,0.004,30.309,1,29.937,29.476
2592,86.611128,0.547,29.214,0.602,0.003,30.384,1,29.938,29.732
2593,86.642293,0.553,29.954,0.572,0.003,31.099,1,29.939,29.903
2594,86.673651,0.529,30.204,0.578,0.002,31.328,1,29.940,30.037
2595,86.708208,3.313,30.613,0.570,0.003,34.516,1,29.939,29.961
2596,86.742870,1.060,32.980,0.878,0.004,34.939,1,29.939,29.872
2597,86.773845,0.902,29.136,0.513,0.003,30.570,1,29.940,30.023
2598,86.804862,1.033,29.418,0.599,0.004,31.070,1,29.941,30.134
2599,86.841506,5.449,30.534,0.586,0.003,36.593,1,29.939,29.970
2600,86.873848,2.101,29.598,0.724,0.004,32.447,1,29.940,30.010
2601,86.907117,1.765,30.716,0.598,0.004,33.100,1,29.940,30.018
2602,86.939931,1.528,30.630,0.555,0.003,32.733,1,29.940,30.040
2603,86.975777,3.888,31.346,0.590,0.003,35.847,1,29.939,29.939
2604,87.006906,0.516,29.970,0.576,0.004,31.082,1,29.940,30.024
2605,87.040633,2.672,30.424,0.655,0.004,33.773,1,29.940,30.006
2606,87.073592,2.261,29.988,0.552,0.003,32.821,1,29.940,30.023
2607,87.107489,2.647,30.641,0.640,0.004,33.950,1,29.940,30.000
2608,87.149140,1.795,39.160,0.601,0.003,41.577,1,29.937,29.736
2609,87.180555,0.533,30.222,0.585,0.003,31.360,1,29.938,29.804
2610,87.210919,0.544,29.179,0.564,0.003,30.307,1,29.939,29.900
2611,87.256687,0.562,44.520,0.383,0.003,45.481,1,29.935,21.942
2612,87.289118,0.466,31.543,0.586,0.003,32.614,1,29.935,25.572
2613,87.318980,0.565,28.652,0.501,0.003,29.738,1,29.936,27.781
2614,87.349351,0.604,29.215,0.505,0.003,30.342,1,29.937,28.910
2615,87.378410,0.492,28.012,0.506,0.003,29.028,1,29.939,29.865
2616,87.408667,0.542,29.159,4.002,0.004,33.729,1,29.938,29.825
2617,87.442281,0.549,28.991,0.528,0.003,30.087,1,29.940,30.262
2618,87.474474,0.528,31.086,0.521,0.003,32.154,1,29.940,30.360
2619,87.506268,1.726,29.497,0.536,0.003,31.778,1,29.941,30.476
2620,87.539218,2.765,29.596,0.542,0.003,32.924,1,29.941,30.463
2621,87.573758,4.042,29.903,0.550,0.003,34.515,1,29.940,30.319
2622,87.606436,1.993,30.080,0.539,0.003,32.630,1,29.941,30.343
2623,87.641507,2.426,32.055,0.973,0.004,35.475,1,29.940,30.163
2624,87.673681,1.003,30.142,0.522,0.004,31.687,1,29.940,30.257
2625,87.707089,2.411,30.418,0.558,0.004,33.409,1,29.940,30.233
2626,87.748858,2.099,38.985,0.576,0.004,41.681,1,29.938,29.743
2627,87.778671,0.559,28.622,0.570,0.003,29.770,1,29.939,29.943
2628,87.810380,0.644,30.440,0.545,0.003,31.649,1,29.939,30.028
2629,87.841756,0.492,30.288,0.536,0.003,31.334,1,29.940,30.121
2630,87.873854,1.384,30.129,0.619,0.004,32.152,1,29.940,30.167
2631,87.906334,1.593,30.215,0.625,0.003,32.452,1,29.941,30.196
2632,87.940650,3.001,30.636,0.521,0.003,34.178,1,29.940,30.150
2633,87.974640,4.023,29.395,0.516,0.003,33.953,1,29.940,30.118
2634,88.006391,1.671,29.514,0.515,0.003,31.718,1,29.941,30.173
2635,88.039828,2.655,30.215,0.547,0.003,33.436,1,29.941,30.161
2636,88.073824,3.410,29.986,0.897,0.003,34.314,1,29.940,30.120
2637,88.106176,1.535,29.864,0.655,0.004,32.076,1,29.941,30.156
2638,88.140951,3.127,30.933,0.563,0.004,34.644,1,29.940,30.107
2639,88.174181,1.788,30.825,0.644,0.004,33.279,1,29.941,30.104
2640,88.207735,1.918,30.931,0.570,0.004,33.440,1,29.940,30.096
2641,88.256863,1.781,46.652,0.583,0.003,49.037,1,29.935,20.355
2642,88.288441,0.568,30.372,0.561,0.003,31.519,1,29.936,24.788
2643,88.319604,0.585,29.961,0.661,0.003,31.227,1,29.937,26.798
2644,88.352454,0.589,31.542,0.368,0.003,32.515,1,29.937,27.681
2645,88.383887,0.476,30.550,0.386,0.002,31.425,1,29.937,28.416
2646,88.412576,0.486,27.778,0.625,0.003,28.906,1,29.939,29.285
2647,88.442600,0.527,28.819,0.523,0.003,29.886,1,29.940,29.812
2648,88.472699,0.580,28.945,0.563,0.004,30.108,1,29.941,30.195
2649,88.507342,3.785,30.239,0.596,0.003,34.641,1,29.941,30.038
2650,88.539920,1.817,30.112,0.545,0.003,32.493,1,29.941,30.107
2651,88.573541,2.522,30.499,0.574,0.004,33.616,1,29.941,30.071
2652,88.608872,3.435,31.268,0.545,0.003,35.269,1,29.940,29.918
2653,88.640668,0.547,30.649,0.567,0.003,31.783,1,29.941,30.029
2654,88.674196,1.254,31.652,0.624,0.003,33.552,1,29.941,30.011
2655,88.707263,1.381,31.004,0.617,0.003,33.022,1,29.941,30.026
2656,88.739169,1.138,30.097,0.615,0.003,31.869,1,29.941,30.105
2657,88.772800,2.623,30.341,0.620,0.003,33.604,1,29.941,30.083
2658,88.807391,2.895,31.019,0.631,0.003,34.565,1,29.941,30.015
2659,88.848338,1.753,38.504,0.575,0.002,40.853,1,29.938,29.660
2660,88.879460,0.558,29.935,0.645,0.004,31.159,1,29.939,29.771
2661,88.910787,0.549,30.075,0.760,0.004,31.406,1,29.940,29.862
2662,88.943041,0.592,30.842,0.589,0.003,32.045,1,29.940,29.919
2663,88.975321,0.565,31.027,0.682,0.003,32.294,1,29.941,29.960
2664,89.007626,0.617,30.950,0.601,0.003,32.188,1,29.941,30.003
2665,89.040604,1.289,31.033,0.564,0.003,32.904,1,29.941,30.017
2666,89.073653,1.312,31.119,0.554,0.003,33.005,1,29.941,30.027
2667,89.107193,1.990,30.941,0.663,0.003,33.616,1,29.941,30.015
2668,89.141215,1.898,31.402,0.606,0.003,33.927,1,29.941,29.995
2669,89.173806,0.554,31.375,0.606,0.003,32.556,1,29.941,30.018
2670,89.207195,1.715,31.009,0.649,0.003,33.394,1,29.941,30.014
2671,89.255816,1.250,46.596,0.577,0.003,48.445,1,29.936,20.603
2672,89.278980,0.575,21.955,0.538,0.003,23.087,1,29.940,27.909
2673,89.299595,0.562,19.462,0.548,0.002,20.590,1,29.944,32.507
2674,89.332824,9.292,23.338,0.516,0.003,33.165,1,29.944,31.877
2675,89.369352,9.599,26.362,0.561,0.003,36.540,1,29.943,30.853
2676,89.402327,6.120,26.242,0.681,0.003,33.066,1,29.943,30.745
2677,89.448569,6.231,39.268,0.577,0.003,46.097,1,29.939,29.011
2678,89.480135,0.618,30.314,0.592,0.004,31.545,1,29.939,29.318
2679,89.511249,0.576,29.887,0.670,0.003,31.154,1,29.940,29.599
2680,89.543380,0.556,30.850,0.670,0.003,32.096,1,29.941,29.745
2681,89.575647,0.557,30.982,0.644,0.004,32.204,1,29.941,29.856
2682,89.608399,0.555,31.497,0.552,0.003,32.623,1,29.941,29.918
2683,89.639866,0.537,30.325,0.551,0.003,31.433,1,29.942,30.054
2684,89.676195,3.770,31.952,0.611,0.003,36.354,1,29.941,29.854
2685,89.707772,0.523,30.387,0.620,0.004,31.550,1,29.941,29.968
2686,89.739367,0.540,30.379,0.608,0.003,31.546,1,29.942,30.068
2687,89.772701,1.695,30.978,0.693,0.003,33.388,2,29.942,30.060
2688,89.808598,3.602,31.542,0.655,0.003,35.820,2,29.941,29.930
2689,89.841652,0.548,31.797,0.839,0.002,33.204,2,29.941,29.938
2690,89.875052,0.558,31.941,0.733,0.003,33.253,2,29.941,29.943
2691,89.907553,0.553,31.159,0.733,0.003,32.464,2,29.942,29.982
2692,89.939260,0.522,30.402,0.678,0.003,31.621,2,29.942,30.051
2693,89.976602,4.624,31.987,0.669,0.003,37.302,2,29.941,29.893
2694,90.009131,0.547,31.259,0.606,0.004,32.433,1,29.941,29.930
2695,90.050496,0.547,40.153,0.370,0.003,41.086,1,29.939,29.656
2696,90.082929,0.475,31.398,0.379,0.002,32.266,1,29.939,29.699
2697,90.112822,0.492,28.984,0.607,0.003,30.103,1,29.940,29.815
2698,90.144665,0.568,30.609,0.594,0.002,31.791,1,29.941,29.870
2699,90.176436,0.556,30.567,0.588,0.003,31.731,1,29.941,29.923
2700,90.208201,0.535,30.588,0.729,0.004,31.873,1,29.942,29.968
2701,90.256484,0.523,46.911,0.609,0.002,48.063,1,29.937,20.769
2702,90.288021,0.595,30.280,0.587,0.003,31.480,1,29.937,25.106
2703,90.317892,0.559,28.670,0.374,0.002,29.618,1,29.939,27.442
2704,90.348372,0.476,29.592,0.547,0.003,30.631,1,29.939,28.577
2705,90.378213,0.597,28.648,0.580,0.002,29.843,1,29.941,29.438
2706,90.402762,0.530,23.387,0.125,0.003,24.062,0,29.944,30.937
2707,90.440670,6.689,31.039,0.614,0.004,38.364,1,29.942,30.128
2708,90.467175,0.822,25.011,0.128,0.002,25.981,0,29.945,30.965
2709,90.501239,8.637,25.244,0.139,0.003,34.042,0,29.944,30.776
2710,90.534528,8.065,25.028,0.135,0.004,33.248,0,29.944,30.701
2711,90.567021,7.116,25.183,0.137,0.003,32.456,0,29.945,30.708
2712,90.601406,9.082,25.108,0.138,0.003,34.350,0,29.944,30.566
2713,90.641433,7.401,32.427,0.138,0.003,39.990,0,29.942,30.049
2714,90.668356,1.534,25.191,0.137,0.003,26.884,0,29.944,30.465
2715,90.701247,7.478,25.212,0.139,0.003,32.852,0,29.944,30.460
2716,90.734305,7.959,24.901,0.131,0.003,33.013,0,29.945,30.448
2717,90.767238,7.687,25.055,0.132,0.003,32.897,0,29.945,30.443
2718,90.800500,7.864,25.209,0.128,0.002,33.222,0,29.945,30.422
2719,90.833616,7.948,24.982,0.128,0.003,33.079,0,29.945,30.410
2720,90.866717,7.947,24.969,0.127,0.002,33.064,0,29.945,30.400
2721,90.900483,8.433,25.149,0.131,0.003,33.736,0,29.945,30.361
2722,90.933800,7.949,25.180,0.127,0.003,33.277,0,29.945,30.346
2723,90.967333,8.254,25.095,0.126,0.003,33.496,0,29.945,30.322
2724,91.000686,7.899,25.273,0.122,0.003,33.315,0,29.945,30.308
2725,91.033830,7.814,25.149,0.137,0.003,33.123,0,29.945,30.302
2726,91.067175,8.003,25.141,0.139,0.004,33.307,0,29.945,30.290
2727,91.100536,7.960,25.200,0.141,0.004,33.324,0,29.945,30.278
2728,91.134382,7.830,25.813,0.137,0.003,33.804,0,29.945,30.252
2729,91.166779,7.144,25.056,0.136,0.003,32.358,0,29.945,30.272
2730,91.201443,8.495,25.974,0.140,0.003,34.630,0,29.945,30.223
2731,91.248955,6.762,40.476,0.184,0.003,47.441,0,29.940,21.034
2732,91.265654,0.462,16.008,0.126,0.003,16.613,0,29.946,31.161
2733,91.292727,10.834,16.058,0.106,0.002,27.017,0,29.948,32.882
2734,91.327428,16.845,17.704,0.142,0.003,34.717,0,29.947,31.753
2735,91.367148,14.050,25.464,0.142,0.004,39.682,0,29.945,30.176
2736,91.401628,8.850,25.422,0.138,0.003,34.434,0,29.945,29.975
2737,91.434984,7.868,25.287,0.137,0.004,33.317,0,29.945,29.975
2738,91.467001,6.351,25.465,0.140,0.003,31.981,0,29.945,30.127
2739,91.500742,8.049,25.489,0.139,0.003,33.701,0,29.945,30.072
2740,91.533520,7.657,24.920,0.138,0.004,32.740,0,29.945,30.115
2741,91.566342,7.748,24.869,0.141,0.003,32.783,0,29.945,30.146
2742,91.599767,8.387,24.835,0.143,0.003,33.390,0,29.945,30.127
2743,91.633606,8.802,24.830,0.139,0.004,33.795,0,29.945,30.082
2744,91.666300,7.591,24.902,0.140,0.004,32.660,0,29.946,30.118
2745,91.700990,9.647,24.840,0.141,0.004,34.652,0,29.945,30.028
2746,91.732758,6.897,24.666,0.136,0.003,31.725,0,29.946,30.115
2747,91.766772,8.966,24.849,0.140,0.003,33.979,0,29.945,30.072
2748,91.799873,7.952,24.946,0.143,0.004,33.067,0,29.946,30.079
2749,91.839924,8.516,31.329,0.180,0.003,40.049,0,29.943,29.757
2750,91.866600,1.878,24.553,0.283,0.003,26.738,0,29.946,30.062
2751,91.900163,8.400,24.816,0.141,0.004,33.379,0,29.945,30.055
2752,91.933830,8.794,24.669,0.138,0.004,33.624,0,29.945,30.039
2753,91.967228,8.519,24.680,0.138,0.003,33.361,0,29.945,30.035
2754,92.000646,8.592,24.628,0.140,0.003,33.384,0,29.945,30.030
2755,92.033893,8.368,24.677,0.138,0.003,33.205,0,29.945,30.032
2756,92.066164,7.394,24.676,0.140,0.003,32.233,0,29.946,30.068
2757,92.100352,9.222,24.765,0.140,0.003,34.150,0,29.946,30.037
2758,92.133393,8.091,24.748,0.138,0.003,33.001,0,29.946,30.045
2759,92.166483,8.069,24.823,0.141,0.004,33.055,0,29.946,30.051
2760,92.200480,8.821,24.974,0.139,0.003,33.958,0,29.946,30.029
2761,92.243040,7.546,34.742,0.147,0.004,42.459,0,29.943,23.500
2762,92.268290,0.607,24.436,0.140,0.003,25.204,0,29.945,29.500
2763,92.300592,7.244,24.856,0.141,0.003,32.264,0,29.946,29.970
2764,92.333397,7.927,24.675,0.139,0.004,32.765,0,29.946,30.097
2765,92.365588,7.532,24.459,0.105,0.003,32.114,0,29.946,30.292
2766,92.400755,10.013,25.004,0.136,0.003,35.176,0,29.946,29.961
2767,92.437769,7.440,29.377,0.140,0.004,36.980,0,29.944,29.502
2768,92.466576,3.903,24.703,0.137,0.003,28.765,0,29.946,30.066
2769,92.500565,9.122,24.668,0.138,0.004,33.952,0,29.946,29.993
2770,92.533252,7.715,24.774,0.140,0.003,32.651,0,29.946,30.052
2771,92.568025,9.581,24.991,0.137,0.003,34.733,0,29.946,29.930
2772,92.600013,7.071,24.711,0.140,0.003,31.946,0,29.946,30.036
2773,92.633536,8.489,24.832,0.144,0.004,33.488,0,29.946,30.020
2774,92.666618,8.287,24.592,0.137,0.003,33.038,0,29.946,30.035
2775,92.699736,8.153,24.762,0.143,0.003,33.081,0,29.946,30.045
2776,92.733434,8.745,24.750,0.137,0.003,33.655,0,29.946,30.022
2777,92.766334,7.957,24.746,0.142,0.004,32.869,0,29.946,30.044
2778,92.799908,8.552,24.820,0.138,0.003,33.533,0,29.946,30.029
2779,92.832890,8.003,24.779,0.139,0.003,32.944,0,29.946,30.045
2780,92.866727,8.957,24.681,0.138,0.003,33.800,0,29.946,30.020
2781,92.899533,7.727,24.877,0.212,0.003,32.840,0,29.946,30.038
2782,92.932579,8.031,24.740,0.138,0.003,32.932,0,29.946,30.051
2783,92.966788,9.239,24.773,0.140,0.003,34.175,0,29.946,30.015
2784,92.999837,7.926,24.921,0.139,0.003,33.011,0,29.946,30.025
2785,93.037899,8.537,29.322,0.138,0.003,38.021,0,29.945,29.854
2786,93.066208,3.227,24.882,0.137,0.003,28.270,0,29.946,30.033
2787,93.100825,9.688,24.729,0.140,0.003,34.581,0,29.946,29.989
2788,93.133427,7.888,24.512,0.138,0.004,32.562,0,29.946,30.013
2789,93.166855,8.165,25.063,0.143,0.003,33.394,0,29.946,30.009
2790,93.201505,9.677,24.769,0.138,0.004,34.608,0,29.946,29.970
2791,93.248959,7.156,40.027,0.105,0.002,47.305,0,29.941,21.094
2792,93.272839,0.455,23.279,0.133,0.004,23.885,0,29.944,28.045
2793,93.300604,2.248,25.326,0.126,0.003,27.720,0,29.946,30.280
2794,93.333077,7.503,24.786,0.130,0.002,32.443,0,29.946,30.407
2795,93.366398,8.465,24.662,0.134,0.004,33.284,0,29.946,30.326
2796,93.399403,8.028,24.783,0.129,0.003,32.963,0,29.947,30.322
2797,93.433063,8.901,24.570,0.131,0.003,33.626,0,29.947,30.233
2798,93.466108,8.343,24.510,0.125,0.003,33.001,0,29.947,30.237
2799,93.499471,8.466,24.712,0.134,0.003,33.336,0,29.947,30.207
2800,93.533114,8.932,24.519,0.130,0.003,33.604,0,29.947,30.158
2801,93.570391,7.882,29.206,1.139,0.002,38.250,1,29.945,29.740
2802,93.599321,2.933,24.802,0.139,0.002,27.894,0,29.947,30.166
2803,93.637255,8.916,28.820,0.135,0.002,37.893,0,29.945,29.835
2804,93.665698,3.625,24.623,0.128,0.002,28.395,0,29.947,30.161
2805,93.698881,8.538,24.461,0.132,0.004,33.153,0,29.947,30.159
2806,93.733644,10.043,24.529,0.129,0.003,34.724,0,29.947,30.069
2807,93.765998,7.478,24.686,0.128,0.002,32.313,0,29.947,30.117
2808,93.799236,8.423,24.628,0.123,0.003,33.198,0,29.947,30.115
2809,93.833688,9.718,24.549,0.131,0.003,34.421,0,29.947,30.056
2810,93.865677,7.174,24.625,0.125,0.003,31.946,0,29.947,30.114
2811,93.899236,8.798,24.576,0.127,0.002,33.523,0,29.947,30.099
2812,93.932635,8.672,24.540,0.131,0.003,33.367,0,29.947,30.091
2813,93.965568,8.120,24.621,0.130,0.003,32.894,0,29.947,30.103
2814,93.998942,8.523,24.662,0.130,0.003,33.338,0,29.947,30.097
2815,94.032957,8.917,24.909,0.139,0.003,33.989,0,29.947,30.068
2816,94.066043,7.932,24.953,0.137,0.003,33.046,0,29.947,30.074
2817,94.099013,8.075,24.695,0.139,0.003,32.933,0,29.947,30.084
2818,94.132515,8.798,24.504,0.133,0.003,33.461,0,29.947,30.075
2819,94.165952,8.672,24.571,0.130,0.004,33.397,0,29.947,30.070
2820,94.199169,8.384,24.643,0.129,0.003,33.181,0,29.947,30.071
2821,94.242314,8.950,33.927,0.144,0.003,43.046,0,29.944,23.177
2822,94.262836,0.563,19.756,0.133,0.003,20.473,0,29.948,31.418
2823,94.291475,12.166,16.096,0.093,0.002,28.374,0,29.950,32.518
2824,94.324621,16.665,16.346,0.210,0.002,33.238,0,29.950,31.868
2825,94.366123,16.548,24.700,0.128,0.003,41.400,0,29.947,29.951
2826,94.399130,8.224,24.594,0.137,0.003,32.978,0,29.947,30.007
2827,94.432753,8.936,24.488,0.140,0.003,33.588,0,29.947,29.968
2828,94.465908,8.399,24.554,0.128,0.003,33.105,0,29.947,29.994
2829,94.498994,8.198,24.700,0.132,0.003,33.054,0,29.947,30.019
2830,94.532840,9.101,24.554,0.127,0.002,33.804,0,29.947,29.971
2831,94.566223,8.605,24.592,0.130,0.003,33.350,0,29.947,29.969
2832,94.598865,7.706,24.747,0.127,0.002,32.603,0,29.947,30.024
2833,94.632491,8.942,24.500,0.128,0.003,33.594,0,29.947,30.002
2834,94.665672,8.229,24.765,0.126,0.002,33.142,0,29.947,30.012
2835,94.698705,8.205,24.646,0.125,0.002,32.999,0,29.948,30.029
2836,94.732701,9.113,24.700,0.126,0.003,33.965,0,29.947,29.990
2837,94.765719,8.086,24.746,0.128,0.004,32.983,0,29.947,30.007
2838,94.798972,8.348,24.719,0.128,0.002,33.217,0,29.948,30.011
2839,94.832700,9.058,24.484,0.129,0.002,33.694,0,29.947,29.991
2840,94.867983,8.235,26.862,0.129,0.004,35.248,0,29.947,29.904
2841,94.899067,6.416,24.482,0.129,0.002,31.049,0,29.948,30.005
2842,94.932616,8.905,24.453,0.129,0.002,33.510,0,29.948,29.996
2843,94.966004,8.400,24.801,0.139,0.003,33.363,0,29.948,29.994
2844,94.999243,8.188,24.848,0.127,0.003,33.185,0,29.948,29.998
2845,95.032589,8.351,24.809,0.130,0.003,33.313,0,29.948,29.997
2846,95.065509,8.022,24.707,0.138,0.003,32.891,0,29.948,30.011
2847,95.098842,8.515,24.619,0.132,0.003,33.288,0,29.948,30.011
2848,95.132948,8.950,24.966,0.139,0.003,34.079,0,29.948,29.986
2849,95.165824,8.141,24.535,0.135,0.002,32.833,0,29.948,30.001
2850,95.198977,8.298,24.663,0.131,0.003,33.114,0,29.948,30.006
2851,95.246461,8.687,38.484,0.135,0.003,47.330,0,29.943,21.064
2852,95.270015,0.553,22.809,0.138,0.003,23.520,0,29.946,28.156
2853,95.300405,5.670,24.522,0.133,0.003,30.347,0,29.947,29.581
2854,95.332285,7.214,24.474,0.132,0.003,31.844,0,29.948,30.008
2855,95.365019,8.378,24.165,0.102,0.002,32.665,0,29.948,30.120
2856,95.398878,9.201,24.511,0.131,0.003,33.866,0,29.948,30.017
2857,95.432571,8.962,24.541,0.138,0.004,33.665,0,29.948,29.967
2858,95.467563,8.053,26.739,0.192,0.003,35.007,0,29.947,29.780
2859,95.500084,7.606,24.660,0.133,0.002,32.420,0,29.948,29.891
2860,95.532345,7.278,24.788,0.133,0.002,32.220,0,29.948,29.998
2861,95.565565,8.363,24.664,0.135,0.002,33.182,0,29.948,30.007
2862,95.598412,8.063,24.595,0.126,0.003,32.806,0,29.948,30.044
2863,95.630722,9.232,22.894,0.092,0.001,32.235,0,29.949,30.114
2864,95.660036,7.671,21.511,0.101,0.001,29.300,0,29.950,30.368
2865,95.696852,13.011,23.660,0.130,0.002,36.823,0,29.949,30.129
2866,95.732763,10.778,24.945,0.139,0.004,35.886,0,29.948,29.975
2867,95.765553,7.903,24.686,0.140,0.004,32.753,0,29.948,30.005
2868,95.800040,9.358,24.928,0.142,0.003,34.453,0,29.948,29.947
2869,95.832222,7.891,24.086,0.142,0.004,32.144,0,29.948,30.004
2870,95.865922,8.890,24.606,0.139,0.003,33.658,0,29.948,29.988
2871,95.899626,8.888,24.615,0.195,0.003,33.722,0,29.948,29.970
2872,95.933762,9.264,24.614,0.137,0.003,34.039,0,29.948,29.941
2873,95.966143,7.565,24.616,0.140,0.004,32.345,0,29.948,29.981
2874,96.000062,8.903,24.814,0.140,0.003,33.882,0,29.948,29.959
2875,96.033490,8.513,24.712,0.142,0.004,33.392,0,29.948,29.958
2876,96.065944,7.122,25.129,0.142,0.003,32.415,0,29.948,29.990
2877,96.101224,9.665,25.409,0.142,0.004,35.242,0,29.948,29.925
2878,96.132813,6.847,24.537,0.138,0.004,31.546,0,29.948,29.984
2879,96.166162,8.251,24.900,0.141,0.004,33.316,0,29.948,29.984
2880,96.199603,8.296,24.942,0.179,0.003,33.440,0,29.948,29.980
2881,96.247951,7.672,40.364,0.103,0.003,48.157,0,29.943,20.722
2882,96.265037,0.470,16.471,0.128,0.003,17.088,0,29.949,30.595
2883,96.292494,9.390,17.878,0.394,0.003,27.688,0,29.950,32.226
2884,96.324312,14.715,16.604,0.103,0.002,31.481,0,29.951,32.098
2885,96.365621,16.152,25.009,0.141,0.003,41.325,0,29.948,30.127
2886,96.398588,7.874,24.890,0.140,0.003,32.929,0,29.949,30.161
2887,96.432585,8.964,24.828,0.140,0.003,33.957,0,29.948,30.052
2888,96.466907,9.414,24.707,0.139,0.003,34.283,0,29.948,29.935
2889,96.498538,6.518,24.913,0.142,0.003,31.597,0,29.949,30.112
2890,96.533410,9.261,25.404,0.139,0.003,34.828,0,29.948,29.962
2891,96.566259,6.671,25.977,0.142,0.004,32.815,0,29.948,30.005
2892,96.598431,7.099,24.870,0.139,0.003,32.132,0,29.949,30.092
2893,96.631944,8.471,24.841,0.142,0.004,33.478,0,29.949,30.072
2894,96.663992,6.869,24.973,0.140,0.003,32.006,0,29.949,30.151
2895,96.698459,9.432,24.834,0.138,0.003,34.427,0,29.949,30.072
2896,96.731938,8.383,24.897,0.138,0.003,33.442,0,29.949,30.059
2897,96.765355,8.259,24.957,0.137,0.003,33.377,0,29.949,30.052
2898,96.798306,7.951,24.801,0.138,0.003,32.913,0,29.949,30.068
2899,96.832822,8.894,25.417,0.138,0.003,34.474,0,29.948,30.008
2900,96.865381,7.437,24.922,0.142,0.004,32.526,0,29.949,30.042
2901,96.898326,7.944,24.795,0.280,0.004,33.045,0,29.949,30.051
2902,96.931861,8.202,24.986,0.137,0.003,33.349,0,29.949,30.046
2903,96.965921,9.093,24.768,0.138,0.003,34.023,0,29.949,30.016
2904,96.998460,7.492,24.848,0.138,0.003,32.502,0,29.949,30.045
2905,97.032035,8.456,24.919,0.142,0.003,33.540,0,29.949,30.034
2906,97.065129,8.039,24.851,0.138,0.004,33.053,0,29.949,30.041
2907,97.098378,8.230,24.812,0.139,0.003,33.204,0,29.949,30.043
2908,97.132124,8.742,24.800,0.142,0.003,33.710,0,29.949,30.028
2909,97.165140,7.826,24.986,0.141,0.003,32.978,0,29.949,30.037
2910,97.198329,8.161,24.825,0.140,0.003,33.150,0,29.949,30.040
2911,97.245887,8.131,39.154,0.104,0.003,47.410,0,29.945,21.049
2912,97.264674,0.480,18.163,0.138,0.004,18.800,0,29.949,30.153
2913,97.289508,7.129,17.504,0.099,0.002,24.751,0,29.952,32.923
2914,97.333722,18.896,25.176,0.135,0.004,44.231,0,29.948,29.548
2915,97.365592,6.430,25.241,0.141,0.003,31.837,0,29.949,29.895
2916,97.399424,7.828,25.801,0.137,0.003,33.791,0,29.949,29.839
2917,97.431265,6.992,24.651,0.101,0.002,31.761,0,29.949,30.058
2918,97.463080,6.984,24.686,0.139,0.003,31.832,0,29.950,30.219
2919,97.498458,10.151,25.025,0.141,0.003,35.342,0,29.949,29.988
2920,97.531504,7.999,24.844,0.141,0.004,33.008,0,29.949,30.016
2921,97.564745,8.191,24.811,0.139,0.004,33.164,0,29.949,30.022
2922,97.598124,8.424,24.755,0.138,0.003,33.341,0,29.949,30.017
2923,97.631660,8.426,24.908,0.183,0.003,33.542,0,29.949,29.998
2924,97.664644,7.883,24.858,0.138,0.003,32.901,0,29.949,30.024
2925,97.698035,8.249,24.944,0.140,0.003,33.355,0,29.949,30.019
2926,97.731633,8.578,24.819,0.184,0.004,33.604,0,29.949,30.000
2927,97.765344,8.765,24.701,0.138,0.003,33.629,0,29.949,29.982
2928,97.798127,7.725,24.856,0.138,0.004,32.744,0,29.949,30.011
2929,97.832248,8.244,25.673,0.143,0.003,34.084,0,29.949,29.973
2930,97.866778,7.438,26.885,0.138,0.003,34.484,0,29.949,29.921
2931,97.899030,7.328,24.721,0.139,0.003,32.212,0,29.949,29.971
2932,97.932303,7.256,25.817,0.140,0.003,33.237,0,29.949,29.974
2933,97.965866,7.674,25.688,0.140,0.003,33.526,0,29.949,29.967
2934,97.998210,7.163,24.978,0.138,0.003,32.303,0,29.949,30.005
2935,98.032138,8.046,25.682,0.142,0.003,33.894,0,29.949,29.983
2936,98.065813,7.797,25.674,0.140,0.004,33.635,0,29.949,29.972
2937,98.098674,7.108,25.551,0.137,0.003,32.820,0,29.949,29.989
2938,98.132301,7.637,25.791,0.139,0.003,33.592,0,29.949,29.980
2939,98.167016,7.429,27.084,0.264,0.003,34.801,0,29.949,29.934
2940,98.198778,5.890,25.545,0.135,0.004,31.595,0,29.949,29.987
2941,98.252464,7.438,45.979,0.100,0.003,53.536,0,29.943,18.644
2942,98.277218,0.482,24.132,0.139,0.003,24.773,0,29.946,25.501
2943,98.302563,0.563,24.583,0.142,0.004,25.310,0,29.948,28.908
2944,98.332501,5.303,24.430,0.126,0.004,29.881,0,29.949,29.918
2945,98.365022,7.605,24.733,0.139,0.003,32.502,0,29.950,30.078
2946,98.398962,8.731,25.007,0.137,0.003,33.898,0,29.949,29.974
2947,98.431353,7.399,24.795,0.136,0.003,32.353,0,29.950,30.100
2948,98.467153,8.116,27.420,0.136,0.004,35.763,0,29.949,29.811
2949,98.500557,8.574,24.630,0.139,0.003,33.367,0,29.949,29.824
2950,98.532637,6.715,24.988,0.140,0.004,31.868,0,29.949,29.954
2951,98.565486,7.965,24.682,0.137,0.004,32.806,0,29.950,29.998
2952,98.598998,8.728,24.583,0.138,0.004,33.473,0,29.950,29.984
2953,98.631197,7.093,24.904,0.140,0.003,32.161,0,29.950,30.064
2954,98.665295,9.226,24.671,0.140,0.004,34.062,0,29.950,30.010
2955,98.697694,7.448,24.747,0.141,0.004,32.360,0,29.950,30.066
2956,98.730985,8.377,24.711,0.136,0.003,33.246,0,29.950,30.064
2957,98.766035,10.071,24.783,0.140,0.003,35.016,0,29.950,29.969
2958,98.797940,6.817,24.888,0.138,0.003,31.867,0,29.950,30.043
2959,98.832011,8.264,25.605,0.146,0.003,34.039,0,29.950,30.005
2960,98.865840,8.255,25.367,0.139,0.003,33.785,0,29.950,29.983
2961,98.898981,7.789,25.150,0.138,0.003,33.099,0,29.950,29.992
2962,98.931824,7.289,25.355,0.140,0.004,32.807,0,29.950,30.012
2963,98.966269,9.027,25.214,0.138,0.003,34.404,0,29.950,29.968
2964,99.003500,7.238,29.793,1.236,0.005,38.309,1,29.948,29.784
2965,99.038376,2.812,30.749,0.627,0.004,34.213,1,29.948,29.759
2966,99.073099,1.269,32.775,0.595,0.003,34.658,1,29.947,29.722
2967,99.105746,0.549,31.448,0.782,0.004,32.803,1,29.948,29.749
2968,99.138717,0.567,31.556,0.628,0.003,32.772,1,29.948,29.774
2969,99.171340,0.599,31.341,0.616,0.003,32.576,1,29.948,29.804
2970,99.204518,1.119,31.389,0.584,0.004,33.113,1,29.948,29.816
2971,99.258841,3.249,50.360,0.601,0.003,54.231,1,29.942,18.407
2972,99.282295,0.618,22.175,0.534,0.004,23.348,1,29.945,25.736
2973,99.305873,0.547,22.444,0.506,0.003,23.514,1,29.948,29.626
2974,99.327429,0.495,20.507,0.543,0.002,21.560,1,29.951,32.558
2975,99.365464,11.550,25.893,0.531,0.004,37.995,1,29.950,31.079
2976,99.396454,5.411,24.995,0.499,0.003,30.923,1,29.951,31.276
2977,99.439286,10.937,31.345,0.599,0.003,42.904,1,29.948,29.816
2978,99.470140,0.577,29.622,0.566,0.003,30.783,1,29.949,30.122
2979,99.503236,2.014,30.462,0.610,0.003,33.107,1,29.949,30.127
2980,99.536396,2.361,30.136,0.536,0.003,33.052,1,29.949,30.137
2981,99.572287,4.010,31.289,0.541,0.003,35.860,1,29.948,29.915
2982,99.604440,0.529,31.033,0.778,0.003,32.361,1,29.948,29.992
2983,99.637577,1.083,31.217,0.643,0.004,32.963,1,29.948,30.016
2984,99.673703,2.153,33.272,0.603,0.003,36.049,1,29.948,29.839
2985,99.705474,0.555,30.558,0.563,0.004,31.696,1,29.948,29.945
2986,99.736932,0.540,30.299,0.592,0.002,31.450,1,29.949,30.052
2987,99.770987,2.695,30.710,0.590,0.003,34.018,1,29.948,30.011
2988,99.803810,1.255,30.921,0.565,0.003,32.761,1,29.949,30.037
2989,99.837396,1.631,31.339,0.545,0.003,33.534,1,29.949,30.024
2990,99.872540,2.497,32.049,0.630,0.003,35.198,1,29.948,29.938
2991,99.905742,0.549,31.966,0.625,0.003,33.160,1,29.948,29.946
2992,99.938400,0.562,31.414,0.589,0.004,32.586,1,29.948,29.978
2993,99.971143,0.867,31.230,0.670,0.003,32.788,1,29.948,29.999
2994,100.003940,0.815,31.255,0.579,0.003,32.669,1,29.949,30.022
2995,100.038848,2.326,31.951,0.597,0.003,34.894,1,29.948,29.964
2996,100.070496,0.694,30.299,0.554,0.003,31.568,1,29.949,30.025
2997,100.105497,1.721,32.670,0.808,0.004,35.224,1,29.948,29.960
2998,100.136717,0.762,29.583,0.564,0.003,30.928,1,29.949,30.038
2999,100.170181,3.283,29.564,0.553,0.003,33.420,1,29.949,30.033
3000,100.204221,2.499,30.934,0.558,0.004,34.010,1,29.949,30.010
3001,100.253318,2.359,46.050,0.565,0.004,48.996,1,29.944,20.370
3002,100.280444,0.572,25.930,0.383,0.002,26.900,1,29.946,26.304
3003,100.302353,0.472,21.016,0.515,0.003,22.020,1,29.949,30.588
3004,100.326770,2.923,20.932,0.478,0.003,24.351,1,29.952,32.665
3005,100.365186,12.801,25.088,0.561,0.003,38.471,1,29.950,31.064
3006,100.400415,7.120,27.495,0.537,0.003,35.172,1,29.950,30.587
3007,100.437242,5.341,30.895,0.596,0.002,36.851,1,29.949,30.037
3008,100.471362,2.388,31.082,0.628,0.003,34.119,1,29.949,29.940
3009,100.503797,0.571,31.176,0.610,0.003,32.377,1,29.949,30.038
3010,100.537579,2.308,30.806,0.578,0.003,33.713,1,29.949,29.997
3011,100.571562,1.989,31.358,0.583,0.003,33.949,1,29.949,29.944
3012,100.604730,1.411,31.120,0.741,0.004,33.295,1,29.949,29.949
3013,100.636997,0.548,30.916,0.615,0.003,32.099,1,29.949,30.036
3014,100.671299,2.739,30.892,0.660,0.004,34.313,1,29.949,29.968
3015,100.703714,0.702,30.994,0.605,0.004,32.322,1,29.949,30.028
3016,100.737050,1.471,31.201,0.598,0.003,33.291,1,29.949,30.027
3017,100.770876,2.200,30.969,0.584,0.003,33.775,1,29.949,30.000
3018,100.804097,1.293,31.286,0.600,0.003,33.199,1,29.949,30.005
3019,100.838558,2.611,31.192,0.629,0.003,34.453,1,29.949,29.950
3020,100.873446,0.635,33.565,0.596,0.003,34.817,1,29.948,29.884
3021,100.905648,0.563,30.985,0.647,0.003,32.215,1,29.949,29.936
3022,100.937828,0.560,30.917,0.562,0.004,32.059,1,29.949,29.989
3023,100.971104,1.450,31.208,0.628,0.004,33.307,1,29.949,29.989
3024,101.003877,0.951,31.138,0.602,0.003,32.711,1,29.949,30.012
3025,101.036886,1.292,31.059,0.548,0.003,32.918,1,29.949,30.025
3026,101.071051,1.920,31.643,0.544,0.003,34.126,1,29.949,29.995
3027,101.104949,2.065,31.233,0.741,0.004,34.062,1,29.949,29.970
3028,101.137911,1.069,31.094,0.606,0.003,32.790,1,29.949,29.987
3029,101.170307,1.052,30.678,0.527,0.003,32.277,1,29.949,30.019
3030,101.204761,2.797,31.076,0.557,0.003,34.450,1,29.949,29.984
3031,101.251192,1.718,44.037,0.680,0.004,46.458,1,29.945,21.486
3032,101.282024,0.581,29.512,0.373,0.002,30.481,1,29.946,25.952
3033,101.312992,0.468,30.091,0.507,0.002,31.080,1,29.947,27.734
3034,101.343909,0.461,29.909,0.520,0.003,30.907,1,29.947,28.756
3035,101.373427,0.535,28.413,0.555,0.004,29.522,1,29.949,29.647
3036,101.404187,0.544,29.606,0.508,0.003,30.677,1,29.949,30.095
3037,101.439200,4.111,30.338,0.588,0.003,35.058,1,29.949,29.856
3038,101.472958,0.530,32.587,0.588,0.003,33.725,1,29.949,29.827
3039,101.504953,0.566,30.783,0.598,0.003,31.967,1,29.949,29.978
3040,101.539529,1.632,32.288,0.624,0.003,34.564,1,29.949,29.867
3041,101.571751,0.542,31.003,0.590,0.003,32.153,1,29.949,29.972
3042,101.603518,0.545,30.577,0.743,0.003,31.885,1,29.950,30.080
3043,101.638228,1.415,32.495,0.630,0.003,34.561,1,29.949,29.986
3044,101.671946,0.919,32.112,0.558,0.003,33.609,1,29.949,29.967
3045,101.705037,0.524,31.959,0.619,0.003,33.121,1,29.949,29.980
3046,101.738377,1.552,31.113,0.549,0.003,33.235,1,29.949,29.985
3047,101.769691,0.520,30.189,0.546,0.003,31.273,1,29.950,30.093
3048,101.803825,1.956,31.579,0.606,0.003,34.163,1,29.950,30.045
3049,101.836447,0.885,31.074,0.575,0.003,32.556,1,29.950,30.078
3050,101.870409,2.486,30.791,0.588,0.005,33.888,1,29.950,30.045
3051,101.904337,1.913,31.370,0.636,0.003,33.940,1,29.949,30.015
3052,101.939202,2.416,31.752,0.681,0.004,34.872,1,29.949,29.950
3053,101.971903,0.568,31.391,0.631,0.003,32.612,1,29.949,29.979
3054,102.004582,0.571,31.419,0.649,0.003,32.659,1,29.949,30.004
3055,102.037917,1.172,31.455,0.646,0.004,33.295,1,29.949,30.004
3056,102.073455,1.472,33.360,0.536,0.005,35.389,1,29.949,29.931
3057,102.104360,0.523,29.794,0.683,0.003,31.019,1,29.950,30.010
3058,102.135956,0.517,30.339,0.582,0.003,31.459,1,29.950,30.068
3059,102.170919,2.385,31.937,0.554,0.003,34.898,1,29.950,30.016
3060,102.203268,1.704,30.035,0.726,0.003,32.486,1,29.950,30.040
3061,102.249331,1.117,44.094,0.539,0.002,45.767,1,29.946,21.804
3062,102.270705,0.483,20.313,0.516,0.004,21.328,1,29.950,29.756
3063,102.291572,0.703,19.599,0.512,0.002,20.830,1,29.953,34.062
3064,102.328474,13.721,22.622,0.752,0.004,37.120,1,29.952,31.944
3065,102.364820,9.414,26.120,0.552,0.003,36.108,1,29.952,30.986
3066,102.400864,7.831,27.607,0.570,0.003,36.030,1,29.951,30.391
3067,102.435185,3.882,29.811,0.587,0.004,34.304,1,29.950,30.203
3068,102.468669,2.985,29.858,0.557,0.003,33.420,1,29.950,30.164
3069,102.501130,2.282,29.567,0.573,0.003,32.443,1,29.951,30.232
3070,102.535803,2.703,31.341,0.591,0.003,34.656,1,29.950,30.085
3071,102.571593,3.324,31.819,0.686,0.004,35.849,1,29.950,29.869
3072,102.605129,1.271,31.521,0.768,0.003,33.583,1,29.950,29.859
3073,102.637004,0.571,30.473,0.574,0.003,31.638,1,29.950,29.984
3074,102.675517,0.969,36.913,0.641,0.003,38.544,1,29.949,29.652
3075,102.708007,0.583,31.209,0.568,0.003,32.381,1,29.949,29.728
3076,102.739534,0.548,30.179,0.667,0.004,31.415,1,29.949,29.840
3077,102.771073,0.550,30.266,0.630,0.004,31.468,1,29.950,29.946
3078,102.802405,0.541,30.097,0.583,0.003,31.240,1,29.950,30.051
3079,102.836427,2.644,30.736,0.553,0.005,33.956,1,29.950,30.017
3080,102.871494,2.932,31.527,0.634,0.005,35.116,1,29.950,29.935
3081,102.904600,0.536,31.879,0.568,0.005,33.005,1,29.950,29.950
3082,102.937399,0.530,31.647,0.622,0.003,32.818,1,29.950,29.972
3083,102.971645,1.463,32.102,0.630,0.003,34.218,1,29.950,29.937
3084,103.004395,0.558,31.503,0.560,0.002,32.640,1,29.950,29.965
3085,103.037348,0.542,31.798,0.594,0.004,32.955,1,29.950,29.978
3086,103.069154,0.743,30.412,0.551,0.005,31.727,1,29.951,30.034
3087,103.103270,2.205,31.305,0.746,0.006,34.282,1,29.950,30.000
3088,103.135504,1.131,30.296,0.618,0.005,32.066,1,29.951,30.039
3089,103.169739,2.565,30.998,0.552,0.003,34.136,1,29.950,30.012
3090,103.203656,1.699,31.611,0.612,0.003,33.942,1,29.950,29.992
3091,103.250888,0.963,45.530,0.621,0.003,47.136,1,29.946,21.173
3092,103.277186,0.621,24.998,0.584,0.003,26.223,1,29.948,27.214
3093,103.297674,0.553,19.297,0.503,0.003,20.371,1,29.952,31.950
3094,103.326911,7.022,21.662,0.520,0.003,29.221,1,29.953,32.480
3095,103.367475,13.433,26.559,0.625,0.003,40.637,1,29.951,30.521
3096,103.400799,4.398,28.250,0.619,0.003,33.287,1,29.951,30.435
3097,103.435773,4.019,30.278,0.566,0.003,34.883,1,29.951,30.165
3098,103.469378,2.413,30.573,0.513,0.003,33.518,1,29.951,30.119
3099,103.502006,1.955,30.109,0.520,0.003,32.603,1,29.951,30.176
3100,103.536568,3.164,30.827,0.629,0.003,34.640,1,29.951,30.037
3101,103.571500,3.072,31.172,0.617,0.003,34.881,1,29.950,29.905
3102,103.603199,0.542,30.485,0.783,0.004,31.833,1,29.951,30.022
3103,103.635634,1.156,30.437,0.598,0.003,32.212,1,29.951,30.096
3104,103.669208,2.379,30.544,0.555,0.004,33.498,1,29.951,30.076
3105,103.703586,2.750,31.021,0.675,0.003,34.466,1,29.951,30.001
3106,103.737187,1.586,31.282,0.576,0.003,33.463,1,29.951,29.992
3107,103.769146,0.892,30.438,0.544,0.003,31.894,1,29.951,30.067
3108,103.805539,2.912,32.881,0.573,0.003,36.387,1,29.950,29.909
3109,103.839408,0.524,32.717,0.672,0.004,33.933,1,29.950,29.884
3110,103.876611,0.559,35.915,0.587,0.003,37.082,1,29.949,29.721
3111,103.907193,0.564,29.372,0.587,0.003,30.544,1,29.950,29.851
3112,103.939172,0.544,30.794,0.558,0.003,31.915,1,29.950,29.914
3113,103.970569,0.525,30.262,0.919,0.003,31.724,1,29.951,29.979
3114,104.004883,2.160,31.182,0.546,0.003,33.908,1,29.950,29.957
3115,104.036157,0.539,30.135,0.509,0.003,31.201,1,29.951,30.034
3116,104.069650,3.105,29.827,0.556,0.003,33.508,1,29.951,30.026
3117,104.103161,2.853,30.047,0.785,0.003,33.706,1,29.951,30.011
3118,104.135998,1.958,30.036,0.550,0.003,32.564,1,29.951,30.034
3119,104.171859,3.336,31.921,0.566,0.003,35.844,1,29.950,29.954
3120,104.202846,0.538,29.829,0.550,0.004,30.937,1,29.951,30.027
3121,104.249144,1.621,44.001,0.562,0.003,46.207,1,29.947,21.599
3122,104.282439,0.578,32.098,0.594,0.003,33.290,1,29.947,25.118
3123,104.315577,0.574,31.913,0.655,0.003,33.161,1,29.947,26.590
3124,104.348817,0.574,31.956,0.600,0.004,33.151,1,29.947,27.395
3125,104.381346,0.579,31.291,0.401,0.002,32.287,1,29.948,28.037
3126,104.414885,0.876,32.221,0.599,0.003,33.716,1,29.948,28.292
3127,104.451052,0.654,34.858,0.600,0.054,36.185,1,29.947,28.198
3128,104.482397,0.584,30.044,0.509,0.003,31.156,1,29.947,28.623
3129,104.514993,0.532,31.506,0.531,0.005,32.589,1,29.948,28.835
3130,104.548251,0.602,32.071,0.599,0.003,33.293,1,29.948,28.948
3131,104.582405,0.580,32.917,0.589,0.003,34.107,1,29.948,28.979
3132,104.615824,0.555,32.219,0.768,0.003,33.564,1,29.947,29.043
3133,104.649550,0.563,32.333,0.585,0.003,33.501,1,29.947,29.101
3134,104.680536,0.580,29.767,0.380,0.002,30.742,1,29.948,29.319
3135,104.709888,0.474,28.459,0.524,0.003,29.474,1,29.949,29.586
3136,104.739276,0.534,28.280,0.553,0.003,29.386,1,29.950,29.827
3137,104.769249,0.525,28.844,0.552,0.003,29.940,1,29.951,30.015
3138,104.802248,1.958,30.432,0.550,0.005,32.961,1,29.951,30.031
3139,104.835118,1.879,30.386,0.605,0.003,32.889,1,29.952,30.048
3140,104.868191,2.110,30.302,0.545,0.003,32.976,1,29.952,30.060
3141,104.902877,3.155,30.931,0.689,0.003,34.796,1,29.951,29.993
3142,104.936136,1.361,31.154,0.675,0.003,33.209,1,29.951,29.997
3143,104.970263,1.930,31.468,0.587,0.003,34.005,1,29.951,29.970
3144,105.003988,1.188,31.897,0.565,0.003,33.669,1,29.951,29.957
3145,105.035288,0.522,30.159,0.582,0.004,31.283,1,29.952,30.031
3146,105.077298,2.323,39.050,0.582,0.003,41.978,1,29.949,29.732
3147,105.108181,0.561,29.681,0.760,0.004,31.026,1,29.950,29.817
3148,105.139774,0.544,30.226,0.607,0.003,31.399,1,29.950,29.883
3149,105.172125,0.563,31.122,0.544,0.003,32.249,1,29.951,29.920
3150,105.203098,0.528,29.849,0.628,0.005,31.028,1,29.951,29.990
3151,105.248666,1.232,43.585,0.576,0.003,45.414,1,29.948,21.977
3152,105.280185,0.571,30.314,0.383,0.004,31.285,1,29.949,26.033
3153,105.310303,0.476,29.218,0.576,0.003,30.289,1,29.949,28.001
3154,105.340238,0.564,28.740,0.557,0.003,29.879,1,29.950,29.186
3155,105.371348,0.571,29.928,0.583,0.003,31.100,1,29.951,29.728
3156,105.402365,0.539,29.841,0.554,0.003,30.954,1,29.952,30.124
3157,105.436379,2.788,30.618,0.579,0.003,34.004,1,29.952,30.015
3158,105.469761,1.636,31.113,0.555,0.005,33.326,1,29.952,30.010
3159,105.503046,1.558,31.116,0.563,0.003,33.257,1,29.952,30.013
3160,105.536000,1.184,31.153,0.570,0.003,32.926,1,29.952,30.046
3161,105.568972,1.308,31.040,0.558,0.002,32.925,1,29.952,30.072
3162,105.601801,0.949,31.268,0.753,0.004,32.993,1,29.952,30.089
3163,105.635793,2.029,31.145,0.601,0.003,33.797,1,29.952,30.047
3164,105.676288,1.615,38.219,0.582,0.003,40.439,1,29.950,29.590
3165,105.707151,0.573,29.650,0.644,0.003,30.887,1,29.950,29.759
3166,105.739055,0.554,30.649,0.603,0.003,31.865,1,29.951,29.855
3167,105.771507,0.544,31.205,0.621,0.003,32.391,1,29.951,29.909
3168,105.803484,0.538,30.761,0.660,0.003,31.979,1,29.952,29.980
3169,105.834857,0.543,30.115,0.547,0.003,31.225,1,29.952,30.079
3170,105.869988,3.511,31.020,0.588,0.002,35.137,1,29.952,29.992
3171,105.902911,1.519,30.764,0.556,0.003,32.858,1,29.952,30.012
3172,105.936656,2.210,30.925,0.552,0.005,33.709,1,29.952,29.995
3173,105.970107,1.619,31.224,0.624,0.003,33.488,1,29.952,29.987
3174,106.002915,0.832,31.295,0.610,0.003,32.757,1,29.952,30.008
3175,106.035655,1.027,31.046,0.651,0.003,32.743,1,29.952,30.028
3176,106.068785,1.467,30.958,0.607,0.004,33.054,1,29.952,30.035
3177,106.101314,1.803,30.057,0.690,0.003,32.572,1,29.952,30.058
3178,106.136433,3.152,31.218,0.560,0.004,34.950,1,29.952,30.003
3179,106.170166,1.911,31.207,0.612,0.003,33.751,1,29.952,29.989
3180,106.203489,1.540,31.113,0.660,0.004,33.336,1,29.952,29.988
3181,106.251724,1.249,46.195,0.558,0.003,48.025,1,29.948,20.782
3182,106.287170,0.581,34.250,0.373,0.003,35.219,1,29.947,23.986
3183,106.318890,2.272,29.032,0.600,0.003,31.926,1,29.947,26.013
3184,106.348098,0.586,27.961,0.554,0.003,29.119,1,29.949,27.684
3185,106.378944,0.543,29.698,0.368,0.002,30.623,1,29.949,28.547
3186,106.407820,0.510,27.958,0.520,0.003,29.006,1,29.951,29.386
3187,106.437518,0.514,28.614,0.578,0.003,29.724,1,29.952,29.923
3188,106.468073,0.538,29.387,0.518,0.002,30.460,1,29.952,30.254
3189,106.502065,2.855,30.571,0.582,0.003,34.027,1,29.952,30.152
3190,106.535414,2.217,30.496,0.620,0.003,33.354,1,29.952,30.132
3191,106.568246,2.019,30.138,0.571,0.003,32.748,1,29.952,30.166
3192,106.601318,2.401,30.047,0.707,0.003,33.178,1,29.953,30.161
3193,106.635214,2.277,30.853,0.670,0.004,33.822,1,29.952,30.112
3194,106.671770,4.054,31.771,0.572,0.003,36.419,1,29.952,29.903
3195,106.703759,0.539,30.822,0.586,0.004,31.968,1,29.952,29.989
3196,106.736077,0.533,31.144,0.569,0.005,32.267,1,29.952,30.048
3197,106.768347,1.016,30.629,0.559,0.003,32.223,1,29.953,30.102
3198,106.796483,2.486,25.036,0.139,0.003,27.682,0,29.954,30.382
3199,106.828955,7.730,24.548,0.140,0.004,32.440,0,29.954,30.403
3200,106.871740,8.604,33.980,0.141,0.004,42.750,0,29.952,29.953
3201,106.897587,0.565,25.080,0.128,0.003,25.793,0,29.954,30.279
3202,106.930428,7.464,25.005,0.137,0.004,32.629,0,29.954,30.286
3203,106.968467,7.115,30.726,1.131,0.003,38.994,1,29.952,30.048
3204,106.996714,2.077,24.981,0.146,0.003,27.226,0,29.954,30.276
3205,107.029276,7.429,24.927,0.140,0.003,32.519,0,29.954,30.294
3206,107.062593,8.223,24.895,0.139,0.003,33.279,0,29.954,30.283
3207,107.097284,8.482,26.009,0.138,0.003,34.653,0,29.954,30.226
3208,107.130348,7.073,25.792,0.135,0.004,33.022,0,29.954,30.227
3209,107.163337,7.694,25.099,0.138,0.003,32.954,0,29.954,30.230
3210,107.196514,7.884,25.095,0.138,0.003,33.138,0,29.954,30.227
3211,107.247896,8.299,42.815,0.128,0.002,51.263,0,29.949,19.471
3212,107.265744,0.555,17.107,0.128,0.003,17.810,0,29.954,28.899
3213,107.292179,6.874,19.377,1.035,0.003,27.305,1,29.955,31.072
3214,107.329959,11.617,25.071,0.137,0.003,36.847,0,29.954,29.978
3215,107.362838,7.573,25.113,0.139,0.003,32.846,0,29.954,30.064
3216,107.396409,8.519,24.854,0.135,0.003,33.530,0,29.954,30.018
3217,107.429324,7.721,25.000,0.138,0.003,32.881,0,29.955,30.069
3218,107.468535,8.110,30.905,0.137,0.003,39.174,0,29.953,29.411
3219,107.495793,2.017,25.045,0.140,0.003,27.224,0,29.955,30.073
3220,107.529445,8.405,25.048,0.137,0.003,33.611,0,29.955,30.037
3221,107.563326,8.737,24.947,0.138,0.003,33.845,0,29.954,29.989
3222,107.594214,5.704,24.985,0.141,0.003,30.852,0,29.955,30.174
3223,107.629713,10.488,24.810,0.130,0.002,35.449,0,29.955,30.011
3224,107.662912,7.768,25.247,0.137,0.003,33.173,0,29.955,30.018
3225,107.696240,8.060,25.070,0.134,0.003,33.286,0,29.955,30.017
3226,107.729146,7.807,24.905,0.134,0.003,32.868,0,29.955,30.040
3227,107.762421,8.056,25.027,0.138,0.004,33.243,0,29.955,30.041
3228,107.796171,8.249,25.304,0.136,0.003,33.711,0,29.955,30.018
3229,107.829169,7.820,24.979,0.135,0.003,32.955,0,29.955,30.033
3230,107.862224,8.392,24.468,0.133,0.002,33.014,0,29.955,30.044
3231,107.895262,8.392,24.454,0.135,0.002,33.003,0,29.955,30.054
3232,107.928506,8.699,24.353,0.139,0.004,33.214,0,29.955,30.055
3233,107.962614,9.491,24.417,0.137,0.003,34.067,0,29.955,30.023
3234,107.996061,8.980,24.271,0.138,0.003,33.411,0,29.955,30.017
3235,108.029123,8.554,24.310,0.134,0.003,33.019,0,29.955,30.027
3236,108.070321,8.461,32.544,0.138,0.003,41.164,0,29.953,29.755
3237,108.095495,0.572,24.406,0.139,0.003,25.139,0,29.955,30.034
3238,108.128469,8.345,24.359,0.289,0.002,33.016,0,29.955,30.040
3239,108.162194,8.763,24.611,0.138,0.003,33.534,0,29.955,30.031
3240,108.195889,9.219,24.279,0.128,0.003,33.649,0,29.955,30.019
3241,108.247473,8.580,42.742,0.102,0.003,51.441,0,29.950,19.401
3242,108.272551,0.592,24.342,0.137,0.003,25.091,0,29.952,26.090
3243,108.297571,0.555,24.272,0.139,0.003,24.986,0,29.954,29.505
3244,108.329518,7.168,24.580,0.128,0.003,31.899,0,29.955,29.937
3245,108.367507,8.661,29.138,1.182,0.003,39.004,1,29.953,28.959
3246,108.402175,2.228,31.201,0.602,0.003,34.054,1,29.953,29.021
3247,108.436313,2.253,31.223,0.600,0.003,34.097,1,29.953,29.060
3248,108.468739,0.577,31.191,0.593,0.003,32.381,1,29.953,29.272
3249,108.502264,1.187,31.688,0.603,0.003,33.498,1,29.953,29.332
3250,108.536266,1.105,32.239,0.626,0.004,33.991,2,29.953,29.337
3251,108.569460,1.095,31.419,0.605,0.003,33.141,1,29.953,29.409
3252,108.602385,0.548,31.714,0.647,0.003,32.929,2,29.953,29.484
3253,108.635904,1.695,31.123,0.565,0.004,33.404,1,29.953,29.516
3254,108.675843,1.376,37.942,0.611,0.004,39.951,1,29.951,29.141
3255,108.707863,0.571,30.779,0.526,0.003,31.898,1,29.952,29.276
3256,108.738699,0.540,29.716,0.540,0.003,30.815,1,29.952,29.455
3257,108.771630,0.605,31.731,0.612,0.003,32.969,1,29.952,29.503
3258,108.804884,0.539,32.049,0.680,0.003,33.289,1,29.953,29.531
3259,108.839148,0.526,33.002,0.632,0.003,34.181,1,29.952,29.515
3260,108.870993,0.556,30.601,0.546,0.003,31.723,1,29.953,29.607
3261,108.902310,0.584,30.132,0.560,0.003,31.296,1,29.953,29.710
3262,108.935868,2.435,30.508,0.574,0.003,33.538,1,29.953,29.713
3263,108.968332,1.465,30.370,0.572,0.003,32.427,1,29.953,29.759
3264,109.001705,1.935,30.810,0.581,0.003,33.346,1,29.953,29.767
3265,109.035893,2.174,31.379,0.622,0.003,34.196,1,29.953,29.745
3266,109.069285,1.259,31.453,0.628,0.004,33.363,1,29.953,29.752
3267,109.101366,0.697,30.692,0.579,0.003,31.991,1,29.954,29.804
3268,109.134760,2.132,30.629,0.532,0.003,33.312,1,29.954,29.811
3269,109.169172,1.849,31.979,0.556,0.004,34.404,1,29.953,29.783
3270,109.203304,2.205,31.317,0.689,0.003,34.233,1,29.953,29.763
3271,109.253097,1.405,47.567,0.382,0.003,49.371,1,29.949,20.214
3272,109.288736,0.487,34.730,0.583,0.003,35.818,1,29.948,23.443
3273,109.320018,0.591,30.052,0.506,0.002,31.165,1,29.949,25.747
3274,109.350204,0.474,29.164,0.596,0.004,30.252,1,29.949,27.249
3275,109.381165,0.581,29.728,0.577,0.003,30.906,1,29.950,28.132
3276,109.412053,0.549,29.708,0.399,0.002,30.671,1,29.951,28.785
3277,109.441030,0.480,28.059,0.512,0.003,29.068,1,29.952,29.469
3278,109.471044,0.514,28.937,0.513,0.003,29.982,1,29.953,29.901
3279,109.501183,0.569,29.006,0.510,0.003,30.104,1,29.954,30.233
3280,109.534997,2.469,30.783,0.562,0.003,33.835,1,29.954,30.161
3281,109.567945,1.576,30.756,0.550,0.004,32.901,1,29.954,30.179
3282,109.601318,1.892,30.876,0.546,0.003,33.333,1,29.954,30.162
3283,109.638300,2.161,34.222,0.675,0.003,37.078,1,29.953,29.887
3284,109.670677,0.552,31.096,0.577,0.003,32.244,1,29.953,29.963
3285,109.701942,0.611,30.022,0.611,0.003,31.264,1,29.954,30.087
3286,109.734730,1.587,30.535,0.584,0.004,32.728,1,29.954,30.114
3287,109.768272,2.474,30.422,0.573,0.003,33.488,1,29.954,30.097
3288,109.802754,2.756,31.099,0.652,0.003,34.526,1,29.954,30.030
3289,109.857613,9.589,44.565,0.615,0.003,54.792,1,29.948,29.042
3290,109.890686,0.484,31.928,0.435,0.003,32.862,1,29.948,29.107
3291,109.936139,0.485,44.492,0.454,0.003,45.446,1,29.945,28.666
3292,109.968678,0.481,31.563,0.453,0.003,32.511,1,29.945,28.754
3293,110.008648,0.465,39.011,0.457,0.003,39.948,1,29.943,28.568
3294,110.035901,0.481,26.274,0.413,0.003,27.181,1,29.945,28.836
3295,110.075269,7.865,31.047,0.493,0.003,39.423,1,29.943,28.678
3296,110.104602,0.487,28.313,0.440,0.003,29.254,1,29.944,28.856
3297,110.137437,0.474,31.879,0.437,0.003,32.805,1,29.944,28.912
3298,110.165398,0.487,26.998,0.645,0.003,28.144,1,29.946,29.105
3299,110.198754,3.289,29.376,0.509,0.003,33.191,1,29.946,29.138
3300,110.234731,5.923,29.499,0.540,0.002,35.978,1,29.945,29.091
3301,110.280238,1.606,43.242,0.391,0.002,45.254,1,29.942,22.052
3302,110.309979,0.485,28.825,0.519,0.002,29.845,1,29.943,26.589
3303,110.341179,0.509,30.122,0.667,0.003,31.318,1,29.943,28.152
3304,110.372398,0.512,29.987,0.580,0.004,31.098,1,29.944,29.049
3305,110.403871,0.540,30.298,0.549,0.003,31.406,1,29.944,29.561
3306,110.434501,0.686,29.342,0.564,0.003,30.612,1,29.945,30.032
3307,110.474509,1.827,37.562,0.620,0.005,40.033,1,29.943,29.185
3308,110.505256,0.627,29.440,0.567,0.003,30.656,1,29.944,29.570
3309,110.536563,0.533,30.152,0.548,0.003,31.252,1,29.945,29.818
3310,110.569678,0.531,31.980,0.645,0.004,33.177,1,29.945,29.847
3311,110.602281,1.454,30.445,0.543,0.003,32.461,1,29.945,29.928
3312,110.633639,0.548,30.213,0.537,0.003,31.316,1,29.946,30.083
3313,110.669772,3.462,32.081,0.603,0.004,36.168,1,29.945,29.879
3314,110.701780,1.388,29.960,0.554,0.003,31.923,1,29.945,29.975
3315,110.731536,0.521,28.627,0.548,0.003,29.713,1,29.946,30.193
3316,110.764967,3.420,29.414,0.557,0.003,33.410,1,29.946,30.175
3317,110.802235,4.965,31.689,0.622,0.003,37.299,1,29.945,29.952
3318,110.836743,0.542,33.291,0.693,0.003,34.546,1,29.945,29.893
3319,110.870290,0.529,32.271,0.608,0.005,33.430,1,29.945,29.892
3320,110.903664,0.549,32.160,0.640,0.003,33.423,1,29.945,29.892
3321,110.935481,0.548,30.519,0.656,0.003,31.743,1,29.945,29.963
3322,110.966560,0.550,29.818,0.553,0.004,30.939,1,29.946,30.062
3323,111.001123,3.324,30.631,0.533,0.005,34.511,1,29.945,30.011
3324,111.034228,2.047,30.470,0.566,0.003,33.104,1,29.946,30.018
3325,111.076489,3.857,37.781,0.529,0.003,42.185,1,29.943,29.700
3326,111.106717,0.511,29.137,0.551,0.003,30.218,1,29.944,29.817
3327,111.137064,0.602,28.980,0.517,0.004,30.117,1,29.945,29.924
3328,111.167327,0.528,29.168,0.599,0.003,30.313,1,29.946,30.022
3329,111.199762,1.641,30.145,0.555,0.003,32.360,1,29.946,30.051
3330,111.236881,5.862,30.647,0.632,0.004,37.164,1,29.945,29.933
3331,111.284032,0.569,45.818,0.596,0.003,47.002,1,29.941,21.231
3332,111.312314,0.549,27.085,0.384,0.002,28.032,1,29.943,26.606
3333,111.341356,0.477,28.145,0.642,0.003,29.282,1,29.944,28.716
3334,111.371199,0.531,28.619,0.574,0.003,29.741,1,29.945,29.796
3335,111.401675,0.521,29.333,0.588,0.002,30.460,1,29.946,30.351
3336,111.432254,0.509,29.430,0.566,0.002,30.523,1,29.946,30.723
3337,111.466731,3.277,30.583,0.538,0.003,34.417,1,29.946,30.469
3338,111.502388,2.971,32.097,0.605,0.004,35.695,1,29.945,30.136
3339,111.536332,0.523,32.763,0.555,0.005,33.861,1,29.945,30.064
3340,111.567881,0.897,30.045,0.540,0.004,31.502,1,29.946,30.221
3341,111.601299,2.545,30.279,0.580,0.003,33.424,1,29.946,30.191
3342,111.635166,2.998,30.232,0.642,0.003,33.894,1,29.946,30.129
3343,111.669187,1.953,31.368,0.575,0.003,33.917,1,29.945,30.076
3344,111.699172,0.517,28.841,0.558,0.003,29.935,1,29.946,30.290
3345,111.732752,3.616,29.349,0.560,0.003,33.546,1,29.946,30.255
3346,111.766491,2.906,30.217,0.592,0.003,33.735,1,29.946,30.214
3347,111.799864,2.150,30.575,0.612,0.003,33.359,1,29.946,30.198
3348,111.835338,3.730,31.077,0.839,0.004,35.670,1,29.946,30.068
3349,111.868490,0.564,31.686,0.633,0.004,32.904,1,29.946,30.083
3350,111.902056,1.426,31.448,0.598,0.003,33.494,1,29.946,30.069
3351,111.934731,1.318,30.702,0.612,0.003,32.653,1,29.946,30.094
3352,111.966777,1.034,30.343,0.565,0.003,31.962,1,29.946,30.145
3353,112.001590,3.099,31.093,0.600,0.004,34.815,1,29.946,30.079
3354,112.035032,1.865,30.920,0.603,0.003,33.409,1,29.946,30.071
3355,112.066908,0.621,30.551,0.570,0.003,31.763,1,29.946,30.122
3356,112.101002,2.916,30.555,0.635,0.003,34.128,1,29.946,30.089
3357,112.134419,1.765,30.957,0.591,0.003,33.334,1,29.946,30.084
3358,112.166917,0.903,30.947,0.596,0.003,32.466,1,29.946,30.108
3359,112.200048,1.614,30.865,0.600,0.003,33.101,1,29.946,30.110
3360,112.236086,4.096,31.284,0.592,0.003,35.994,1,29.946,30.025
3361,112.284388,0.573,47.014,0.416,0.003,48.020,1,29.942,20.784
3362,112.315285,0.489,29.952,0.661,0.003,31.120,1,29.942,25.235
3363,112.346957,0.591,30.364,0.776,0.003,31.752,1,29.943,27.017
3364,112.378853,0.610,30.452,0.681,0.004,31.763,1,29.943,28.003
3365,112.410666,0.653,30.424,0.555,0.003,31.650,1,29.944,28.648
3366,112.442192,0.597,30.320,0.516,0.003,31.451,1,29.944,29.124
3367,112.473807,0.494,30.557,0.564,0.003,31.632,1,29.945,29.451
3368,112.505811,0.540,30.847,0.574,0.003,31.981,1,29.945,29.663
3369,112.537709,0.541,30.730,0.546,0.003,31.836,1,29.945,29.844
3370,112.568429,0.521,29.601,0.584,0.003,30.724,1,29.946,30.091
3371,112.600156,0.527,30.564,0.585,0.003,31.696,1,29.947,30.216
3372,112.634513,3.258,30.459,0.594,0.003,34.332,1,29.946,30.119
3373,112.665125,1.030,28.932,0.573,0.003,30.555,1,29.947,30.302
3374,112.700362,4.317,30.291,0.563,0.003,35.193,1,29.947,30.157
3375,112.735382,2.902,31.498,0.699,0.004,35.122,1,29.946,30.037
3376,112.768323,0.572,31.610,0.602,0.003,32.804,1,29.946,30.062
3377,112.800794,0.986,30.827,0.638,0.004,32.473,1,29.946,30.102
3378,112.835577,2.699,31.388,0.801,0.003,34.911,1,29.946,30.016
3379,112.872064,0.540,35.085,0.613,0.004,36.259,1,29.945,29.875
3380,112.904187,0.569,30.882,0.587,0.003,32.058,1,29.946,29.936
3381,112.935783,0.538,30.417,0.667,0.004,31.644,1,29.946,30.010
3382,112.967084,0.566,30.008,0.548,0.003,31.142,1,29.947,30.098
3383,113.001037,2.962,30.317,0.591,0.003,33.892,1,29.946,30.068
3384,113.034634,2.640,30.311,0.586,0.003,33.558,1,29.946,30.055
3385,113.066032,0.594,30.160,0.558,0.003,31.332,1,29.947,30.124
3386,113.099259,2.300,30.317,0.560,0.003,33.197,1,29.947,30.123
3387,113.135349,3.938,31.538,0.685,0.004,36.184,1,29.946,30.022
3388,113.168085,0.540,31.453,0.572,0.003,32.585,1,29.946,30.044
3389,113.202823,0.930,33.179,0.605,0.003,34.734,1,29.946,29.998
3390,113.235474,0.608,31.383,0.671,0.003,32.682,1,29.946,30.016
3391,113.281706,0.556,44.880,0.604,0.003,46.061,1,29.943,21.667
3392,113.311923,0.590,28.966,0.411,0.003,29.983,1,29.944,26.255
3393,113.342106,0.483,29.249,0.666,0.003,30.415,1,29.945,28.139
3394,113.371475,0.520,28.129,0.602,0.003,29.268,1,29.946,29.429
3395,113.402131,0.513,29.491,0.599,0.003,30.622,1,29.946,30.017
3396,113.432379,0.548,29.045,0.505,0.002,30.116,1,29.947,30.499
3397,113.471946,4.249,34.763,0.557,0.004,39.590,1,29.946,29.618
3398,113.503716,0.569,30.590,0.636,0.003,31.814,1,29.946,29.829
3399,113.535568,0.568,30.590,0.601,0.003,31.777,1,29.946,29.999
3400,113.566832,1.147,29.463,0.532,0.003,31.160,1,29.947,30.193
3401,113.599462,2.038,30.010,0.552,0.004,32.619,1,29.947,30.232
3402,113.634437,4.591,29.778,0.592,0.003,34.981,1,29.947,30.085
3403,113.668134,1.937,31.113,0.570,0.003,33.640,1,29.947,30.055
3404,113.699422,0.531,30.133,0.607,0.003,31.288,1,29.947,30.181
3405,113.733821,3.702,30.035,0.559,0.003,34.317,1,29.947,30.107
3406,113.766912,1.844,30.634,0.596,0.003,33.094,1,29.947,30.112
3407,113.800548,2.064,30.919,0.526,0.004,33.530,1,29.947,30.093
3408,113.835365,2.827,31.408,0.766,0.004,35.022,1,29.947,30.001
3409,113.867820,0.543,31.089,0.586,0.003,32.238,1,29.947,30.051
3410,113.902409,0.577,33.369,0.633,0.003,34.601,1,29.947,29.990
3411,113.936606,1.572,31.933,0.533,0.003,34.057,1,29.946,29.958
3412,113.967788,0.531,30.067,0.616,0.003,31.234,1,29.947,30.045
3413,113.999224,0.548,30.216,0.600,0.003,31.382,1,29.947,30.118
3414,114.032756,2.232,30.642,0.615,0.004,33.512,1,29.947,30.105
3415,114.069422,1.859,34.131,0.621,0.003,36.633,1,29.947,29.980
3416,114.098982,0.546,28.339,0.522,0.003,29.425,1,29.948,30.115
3417,114.129922,1.506,28.862,0.535,0.003,30.920,1,29.948,30.191
3418,114.165831,4.613,30.708,0.536,0.004,35.879,1,29.948,30.101
3419,114.198370,1.895,30.055,0.576,0.003,32.547,1,29.948,30.121
3420,114.236026,5.186,31.834,0.615,0.003,37.659,1,29.947,29.985
3421,114.280203,0.569,42.857,0.428,0.002,43.869,1,29.944,22.740
3422,114.311522,0.487,30.365,0.428,0.003,31.293,1,29.944,26.562
3423,114.343440,0.486,30.962,0.582,0.003,32.047,1,29.945,27.942
3424,114.372893,0.482,28.345,0.545,0.004,29.392,1,29.946,29.243
3425,114.403949,0.541,29.915,0.525,0.003,30.999,1,29.946,29.794
3426,114.435001,0.517,29.959,0.561,0.003,31.056,1,29.947,30.165
3427,114.466569,0.566,30.390,0.582,0.004,31.559,1,29.947,30.369
3428,114.499629,2.148,30.274,0.665,0.003,33.106,1,29.948,30.345
3429,114.536089,4.018,31.721,0.587,0.003,36.347,1,29.947,29.998
3430,114.568783,0.536,31.516,0.612,0.003,32.685,1,29.947,30.054
3431,114.601259,0.566,31.240,0.592,0.004,32.419,1,29.947,30.121
3432,114.633392,0.984,30.500,0.546,0.003,32.051,1,29.948,30.205
3433,114.672659,2.306,36.358,0.549,0.003,39.233,1,29.946,29.779
3434,114.704832,0.542,31.028,0.617,0.003,32.209,1,29.946,29.864
3435,114.736432,0.569,30.356,0.559,0.003,31.504,1,29.947,29.980
3436,114.767417,0.540,29.829,0.670,0.004,31.060,1,29.947,30.107
3437,114.800976,1.097,31.735,0.589,0.003,33.442,1,29.947,30.093
3438,114.835286,1.255,32.412,0.758,0.003,34.446,1,29.947,30.031
3439,114.870894,0.859,33.934,0.578,0.004,35.391,1,29.947,29.930
3440,114.904228,0.621,32.080,0.531,0.003,33.251,1,29.947,29.935
3441,114.937087,0.520,31.757,0.548,0.003,32.844,1,29.947,29.958
3442,114.967299,0.518,29.094,0.602,0.003,30.234,1,29.947,30.086
3443,114.997812,0.526,29.331,0.544,0.003,30.421,1,29.948,30.196
3444,115.033368,4.691,30.263,0.568,0.003,35.547,1,29.948,30.102
3445,115.067599,2.857,30.746,0.634,0.003,34.259,1,29.947,30.063
3446,115.100584,0.877,31.417,0.529,0.003,32.844,1,29.948,30.077
3447,115.132962,2.228,29.567,0.517,0.003,32.332,1,29.948,30.106
3448,115.166792,3.182,30.076,0.554,0.003,33.832,1,29.948,30.085
3449,115.200315,2.897,30.018,0.723,0.004,33.659,1,29.948,30.071
3450,115.235063,2.881,31.087,0.583,0.003,34.572,1,29.947,30.030
3451,115.280544,1.146,43.590,0.598,0.004,45.356,1,29.944,21.985
3452,115.308920,0.578,27.142,0.498,0.003,28.237,1,29.946,27.115
3453,115.331613,0.555,21.589,0.638,0.003,22.800,1,29.948,31.058
3454,115.353814,2.222,19.225,0.462,0.003,21.928,1,29.951,33.721
3455,115.393209,13.068,25.817,0.517,0.003,39.423,1,29.950,31.632
3456,115.428792,9.449,25.563,0.533,0.003,35.567,1,29.949,30.981
3457,115.467031,7.093,30.558,0.581,0.003,38.255,1,29.948,30.178
3458,115.500303,1.992,30.643,0.583,0.004,33.240,1,29.948,30.163
3459,115.534783,2.706,31.134,0.629,0.003,34.490,1,29.948,30.025
3460,115.566459,0.591,30.398,0.586,0.003,31.595,1,29.948,30.176
3461,115.601239,2.516,31.620,0.589,0.003,34.747,1,29.948,30.041
3462,115.633529,1.240,30.405,0.548,0.004,32.214,1,29.948,30.119
3463,115.666428,1.490,30.805,0.589,0.003,32.903,1,29.948,30.137
3464,115.698112,1.359,29.680,0.509,0.004,31.568,1,29.948,30.240
3465,115.733381,4.530,30.177,0.592,0.003,35.321,1,29.948,30.101
3466,115.766939,1.926,30.983,0.617,0.003,33.546,1,29.948,30.081
3467,115.798347,0.621,30.115,0.541,0.003,31.297,1,29.948,30.183
3468,115.834953,4.410,31.601,0.820,0.003,36.855,1,29.948,29.994
3469,115.870697,1.859,32.999,0.454,0.003,35.330,1,29.947,29.898
3470,115.902177,0.446,30.538,0.547,0.003,31.549,1,29.948,29.982
3471,115.933098,0.524,29.798,0.540,0.003,30.881,1,29.948,30.087
3472,115.966617,2.868,30.058,0.523,0.003,33.468,1,29.948,30.076
3473,116.000905,2.593,31.120,0.593,0.003,34.326,1,29.948,30.032
3474,116.036207,1.924,32.730,0.613,0.003,35.287,1,29.947,29.956
3475,116.069442,0.579,31.985,0.590,0.003,33.173,1,29.947,29.963
3476,116.102769,0.539,32.145,0.569,0.003,33.271,1,29.947,29.965
3477,116.135875,0.866,31.617,0.620,0.004,33.124,1,29.948,29.972
3478,116.168332,0.567,31.211,0.610,0.004,32.409,1,29.948,30.002
3479,116.201454,0.581,31.867,0.624,0.004,33.093,1,29.948,30.008
3480,116.234492,0.686,31.670,0.889,0.004,33.267,1,29.948,30.008
3481,116.281912,0.610,45.751,0.601,0.003,46.983,1,29.944,21.224
3482,116.313037,0.591,29.876,0.607,0.004,31.094,1,29.945,25.560
3483,116.344192,0.575,29.918,0.516,0.002,31.026,1,29.945,27.444
3484,116.374000,0.457,28.795,0.556,0.003,29.826,1,29.946,28.744
3485,116.404124,0.526,28.990,0.588,0.003,30.123,1,29.947,29.530
3486,116.435286,0.524,30.000,0.607,0.003,31.150,1,29.948,29.925
3487,116.469309,0.526,32.838,0.602,0.003,33.985,1,29.948,29.849
3488,116.502589,0.548,32.076,0.553,0.004,33.196,1,29.948,29.879
3489,116.533726,0.588,29.943,0.574,0.003,31.124,1,29.948,30.110
3490,116.566401,1.505,30.544,0.594,0.002,32.663,1,29.948,30.157
3491,116.599866,1.678,31.136,0.593,0.003,33.428,1,29.948,30.132
3492,116.633597,1.808,31.273,0.585,0.003,33.685,1,29.948,30.091
3493,116.666968,1.419,31.312,0.639,0.003,33.391,1,29.948,30.078
3494,116.700206,1.232,31.308,0.597,0.003,33.158,1,29.948,30.081
3495,116.732471,0.543,31.069,0.546,0.003,32.177,1,29.949,30.143
3496,116.767132,2.743,31.318,0.668,0.004,34.752,1,29.948,30.052
3497,116.799776,0.819,31.099,0.561,0.003,32.498,1,29.949,30.092
3498,116.833528,1.845,31.292,0.741,0.003,33.899,1,29.948,30.056
3499,116.866266,1.160,30.778,0.569,0.003,32.526,1,29.949,30.090
3500,116.899296,1.628,30.780,0.609,0.004,33.038,1,29.949,30.097
3501,116.933330,1.929,31.439,0.603,0.004,33.994,1,29.949,30.063
3502,116.966997,1.796,31.210,0.626,0.003,33.653,1,29.948,30.045
3503,116.999464,0.825,30.880,0.627,0.002,32.352,1,29.949,30.077
3504,117.033432,1.856,31.431,0.588,0.003,33.897,1,29.949,30.052
3505,117.067030,1.751,31.204,0.603,0.004,33.579,1,29.948,30.039
3506,117.100653,0.533,32.394,0.621,0.003,33.567,1,29.948,30.027
3507,117.135151,2.593,31.228,0.678,0.004,34.522,1,29.948,29.986
3508,117.167644,0.550,31.206,0.662,0.003,32.438,1,29.948,30.014
3509,117.201035,1.270,31.403,0.643,0.002,33.337,1,29.948,30.012
3510,117.235008,0.555,32.719,0.604,0.003,33.898,1,29.948,29.993
3511,117.280236,0.560,43.892,0.616,0.003,45.089,1,29.945,22.110
3512,117.311156,0.587,29.660,0.391,0.003,30.653,1,29.946,26.343
3513,117.342993,0.565,30.840,0.505,0.003,31.926,1,29.946,27.810
3514,117.372420,0.485,28.398,0.544,0.003,29.443,1,29.947,29.125
3515,117.402992,0.530,29.446,0.575,0.003,30.571,1,29.948,29.772
3516,117.434047,0.567,29.861,0.554,0.002,31.001,1,29.949,30.154
3517,117.466024,0.827,30.544,0.561,0.002,31.952,1,29.949,30.308
3518,117.501425,3.716,31.070,0.602,0.002,35.409,1,29.948,30.030
3519,117.533845,0.545,31.216,0.617,0.004,32.400,1,29.949,30.117
3520,117.567260,1.683,31.058,0.610,0.003,33.372,1,29.949,30.098
3521,117.599350,0.553,30.870,0.644,0.003,32.086,1,29.949,30.189
3522,117.634196,2.682,31.469,0.619,0.003,34.789,1,29.949,30.061
3523,117.666770,0.868,31.030,0.645,0.003,32.563,1,29.949,30.107
3524,117.700553,0.886,32.195,0.618,0.003,33.720,1,29.949,30.072
3525,117.736383,2.231,32.922,0.569,0.003,35.742,1,29.948,29.921
3526,117.769121,0.541,31.573,0.558,0.003,32.691,1,29.948,29.959
3527,117.798512,0.513,28.269,0.538,0.003,29.337,1,29.949,30.173
3528,117.830657,2.329,29.226,0.679,0.003,32.255,1,29.950,30.216
3529,117.866194,4.452,30.348,0.620,0.003,35.443,1,29.949,30.102
3530,117.898960,1.564,30.522,0.546,0.003,32.651,1,29.949,30.126
3531,117.932759,2.063,31.137,0.630,0.004,33.852,1,29.949,30.096
3532,117.966935,3.104,30.381,0.594,0.003,34.100,1,29.949,30.059
3533,117.998550,0.611,30.356,0.570,0.003,31.557,1,29.949,30.125
3534,118.033056,2.085,31.796,0.842,0.003,34.746,1,29.949,30.065
3535,118.067250,1.549,31.743,0.630,0.003,33.943,1,29.949,30.039
3536,118.101000,0.863,32.203,0.633,0.003,33.722,1,29.949,30.023
3537,118.136371,2.486,32.193,0.556,0.003,35.255,1,29.948,29.957
3538,118.169675,0.536,32.158,0.542,0.003,33.256,1,29.948,29.960
3539,118.202741,0.525,31.948,0.542,0.003,33.033,1,29.948,29.969
3540,118.235830,0.640,31.855,0.541,0.003,33.055,1,29.948,29.978
3541,118.282878,0.526,45.861,1.195,0.003,47.599,1,29.945,20.969
3542,118.321542,0.604,36.783,0.511,0.003,37.914,1,29.944,23.346
3543,118.350507,0.548,27.858,0.697,0.003,29.122,1,29.945,26.128
3544,118.380559,0.614,28.684,0.509,0.003,29.825,1,29.946,27.646
3545,118.411754,0.529,30.110,0.595,0.003,31.252,1,29.946,28.415
3546,118.442973,0.546,30.025,0.472,0.003,31.059,1,29.947,28.977
3547,118.472452,0.557,28.402,0.432,0.003,29.409,1,29.948,29.598
3548,118.501210,0.515,27.766,0.509,0.003,28.806,1,29.949,30.150
3549,118.530596,0.511,28.318,0.495,0.003,29.341,1,29.950,30.539
3550,118.565408,4.334,29.932,0.527,0.003,34.813,1,29.950,30.344
3551,118.594937,0.734,28.215,0.538,0.003,29.508,1,29.951,30.633
3552,118.630990,5.297,30.162,0.557,0.003,36.038,1,29.950,30.367
3553,118.665792,3.691,30.498,0.574,0.003,34.785,1,29.950,30.234
3554,118.699262,1.993,30.845,0.626,0.003,33.485,1,29.949,30.205
3555,118.733254,1.662,31.648,0.584,0.004,33.916,1,29.949,30.153
3556,118.767817,2.218,31.704,0.591,0.003,34.534,1,29.949,30.074
3557,118.798020,0.555,29.002,0.501,0.004,30.077,1,29.950,30.242
3558,118.832049,3.802,29.674,0.699,0.003,34.197,1,29.950,30.183
3559,118.864874,1.909,30.157,0.606,0.004,32.693,1,29.950,30.202
3560,118.901287,3.640,32.110,0.597,0.002,36.367,1,29.949,30.053
3561,118.932590,0.551,30.099,0.607,0.004,31.279,1,29.950,30.137
3562,118.967851,3.198,31.389,0.591,0.003,35.199,1,29.949,30.052
3563,119.000329,0.535,31.299,0.610,0.003,32.465,1,29.949,30.083
3564,119.032979,0.559,31.425,0.640,0.003,32.645,1,29.950,30.104
3565,119.065022,0.900,30.445,0.574,0.003,31.939,1,29.950,30.149
3566,119.099833,2.637,31.548,0.651,0.003,34.856,1,29.949,30.089
3567,119.132171,0.955,30.674,0.592,0.003,32.241,1,29.950,30.121
3568,119.165698,1.434,31.449,0.644,0.003,33.548,1,29.950,30.109
3569,119.199861,1.924,31.537,0.637,0.003,34.118,1,29.950,30.079
3570,119.231937,0.803,30.581,0.574,0.003,31.977,1,29.950,30.117
3571,119.278592,1.264,44.692,0.363,0.003,46.336,1,29.947,21.537
3572,119.312528,0.478,33.055,0.614,0.003,34.166,1,29.946,24.808
3573,119.344292,0.583,30.514,0.518,0.003,31.631,1,29.947,26.717
3574,119.375499,0.470,30.177,0.666,0.003,31.326,1,29.947,27.847
3575,119.406545,0.487,29.854,0.515,0.003,30.873,1,29.948,28.647
3576,119.438691,0.525,31.055,0.521,0.003,32.120,1,29.948,29.029
3577,119.468943,0.909,28.771,0.571,0.003,30.271,1,29.949,29.537
3578,119.502344,0.543,32.232,0.544,0.003,33.338,1,29.949,29.590
3579,119.533754,0.545,30.269,0.577,0.004,31.411,1,29.950,29.820
3580,119.564337,0.521,29.248,0.487,0.003,30.272,1,29.950,30.093
3581,119.598796,3.202,30.719,0.546,0.003,34.487,1,29.950,29.988
3582,119.633849,3.371,31.082,0.633,0.003,35.109,1,29.950,29.854
3583,119.665421,0.555,30.326,0.573,0.003,31.475,1,29.950,29.990
3584,119.700412,3.030,31.330,0.564,0.003,34.946,1,29.950,29.886
3585,119.734171,1.014,32.126,0.632,0.003,33.791,1,29.950,29.864
3586,119.765083,0.593,29.634,0.491,0.003,30.735,1,29.950,30.016
3587,119.797304,2.041,29.639,0.527,0.003,32.226,1,29.950,30.072
3588,119.831394,2.910,30.602,0.783,0.003,34.315,1,29.950,30.017
3589,119.866450,3.862,30.356,0.582,0.003,34.822,1,29.950,29.944
3590,119.898260,1.041,30.131,0.565,0.004,31.757,1,29.950,30.016
3591,119.933232,2.713,31.637,0.557,0.003,34.929,1,29.950,29.946
3592,119.967364,2.032,31.487,0.658,0.003,34.199,1,29.950,29.912
3593,120.000088,0.811,31.196,0.522,0.003,32.548,1,29.950,29.945
3594,120.031859,1.255,29.945,0.550,0.003,31.770,1,29.950,30.004
3595,120.066489,3.467,30.558,0.572,0.003,34.618,1,29.950,29.957
3596,120.103876,1.083,35.676,0.622,0.003,37.402,1,29.949,29.817
3597,120.135052,0.560,29.935,0.595,0.004,31.111,1,29.949,29.896
3598,120.166464,0.544,30.142,0.576,0.003,31.283,1,29.950,29.962
3599,120.199248,1.244,30.907,0.624,0.004,32.796,1,29.950,29.979
3600,120.232386,1.522,30.939,0.522,0.004,33.003,1,29.950,29.988
3601,120.281671,2.970,45.669,0.550,0.003,49.209,1,29.946,20.284
3602,120.312117,0.525,29.319,0.529,0.003,30.392,1,29.947,25.086
3603,120.343613,0.517,30.399,0.774,0.003,31.709,1,29.947,26.914
3604,120.374906,0.518,29.944,0.533,0.003,31.014,1,29.948,28.067
3605,120.407038,0.730,30.814,0.562,0.003,32.127,1,29.948,28.624
3606,120.437257,0.574,29.028,0.540,0.003,30.163,1,29.949,29.286
3607,120.467973,0.551,29.570,0.575,0.003,30.716,1,29.950,29.708
3608,120.499032,0.543,29.885,0.566,0.003,31.015,1,29.950,29.999
3609,120.531717,2.094,29.968,0.528,0.003,32.609,1,29.950,30.068
3610,120.565629,3.056,30.276,0.561,0.003,33.913,1,29.950,30.006
3611,120.599866,2.334,31.287,0.550,0.003,34.191,1,29.950,29.932
3612,120.633111,0.939,31.702,0.566,0.003,33.227,1,29.950,29.943
3613,120.667628,2.494,31.402,0.670,0.004,34.588,1,29.950,29.859
3614,120.704178,0.540,35.281,0.512,0.004,36.351,1,29.949,29.676
3615,120.735034,0.534,29.759,0.589,0.004,30.901,1,29.950,29.839
3616,120.765831,0.538,29.575,0.541,0.003,30.673,1,29.950,29.993
3617,120.799094,2.525,30.145,0.638,0.003,33.328,1,29.950,29.992
3618,120.832118,1.961,30.370,0.719,0.004,33.072,1,29.950,30.004
3619,120.866052,2.473,30.680,0.573,0.003,33.746,1,29.950,29.982
3620,120.899390,2.529,30.181,0.656,0.003,33.388,1,29.950,29.979
3621,120.932201,1.582,30.516,0.542,0.003,32.660,1,29.951,30.008
3622,120.966375,3.170,30.409,0.548,0.003,34.147,1,29.950,29.973
3623,120.999318,1.079,31.264,0.632,0.003,32.995,1,29.950,29.986
3624,121.032507,1.443,31.057,0.565,0.003,33.086,1,29.950,29.994
3625,121.066234,1.567,31.540,0.628,0.004,33.757,1,29.950,29.978
3626,121.100768,2.244,31.602,0.575,0.004,34.441,1,29.950,29.939
3627,121.132996,0.529,31.068,0.565,0.003,32.182,1,29.950,29.979
3628,121.166972,1.707,31.649,0.617,0.004,33.995,1,29.950,29.957
3629,121.199641,0.601,31.391,0.609,0.003,32.621,1,29.950,29.979
3630,121.232989,1.424,31.261,0.632,0.004,33.339,1,29.950,29.979
3631,121.280783,1.727,45.297,0.596,0.003,47.641,1,29.947,20.945
3632,121.319255,0.576,37.242,0.596,0.005,38.436,1,29.946,23.198
3633,121.350532,0.604,30.023,0.746,0.003,31.394,1,29.946,25.501
3634,121.381750,0.623,29.788,0.611,0.003,31.043,1,29.947,26.895
3635,121.411737,0.524,28.796,0.565,0.004,29.902,1,29.948,27.985
3636,121.442914,0.547,30.014,0.389,0.002,30.965,1,29.948,28.617
3637,121.473861,0.567,29.951,0.535,0.003,31.072,1,29.949,29.075
3638,121.504759,0.545,29.764,0.597,0.004,30.927,1,29.949,29.442
3639,121.536773,0.557,30.802,0.612,0.003,31.992,1,29.950,29.630
3640,121.568611,0.548,30.622,0.606,0.003,31.796,1,29.950,29.799
3641,121.600234,0.574,30.386,0.554,0.003,31.532,1,29.950,29.960
3642,121.631134,0.563,29.730,0.528,0.003,30.876,1,29.951,30.149
3643,121.665308,2.446,31.110,0.557,0.003,34.135,1,29.951,30.077
3644,121.699021,1.861,31.238,0.581,0.003,33.700,1,29.951,30.045
3645,121.732869,1.555,31.657,0.552,0.003,33.785,1,29.951,30.013
3646,121.766792,1.182,32.136,0.564,0.003,33.902,1,29.951,29.978
3647,121.801630,0.616,33.604,0.576,0.003,34.817,1,29.950,29.900
3648,121.831884,0.544,29.079,0.152,0.003,29.797,0,29.951,30.080
3649,121.866835,2.829,31.909,0.737,0.003,35.499,1,29.951,29.971
3650,121.908265,0.616,40.014,0.369,0.003,41.015,1,29.949,29.630
3651,121.939724,0.456,30.595,0.586,0.003,31.655,1,29.949,29.717
3652,121.969977,0.572,29.037,0.554,0.003,30.183,1,29.950,29.855
3653,122.001445,0.551,30.308,0.528,0.003,31.406,1,29.950,29.935
3654,122.033083,0.523,30.537,0.576,0.003,31.655,1,29.951,29.999
3655,122.065777,1.765,30.300,0.555,0.003,32.639,1,29.951,30.023
3656,122.097642,0.820,30.433,0.537,0.003,31.809,1,29.951,30.074
3657,122.130579,2.257,30.090,0.550,0.003,32.919,1,29.951,30.084
3658,122.165967,4.137,30.645,0.597,0.003,35.401,1,29.951,30.013
3659,122.198570,0.894,31.055,0.595,0.004,32.565,1,29.951,30.035
3660,122.231415,1.271,30.923,0.610,0.004,32.826,1,29.951,30.048
3661,122.282081,3.280,46.652,0.591,0.003,50.543,1,29.947,19.750
3662,122.299811,0.492,16.538,0.151,0.003,17.201,0,29.951,29.445
3663,122.323749,1.098,22.633,0.589,0.003,24.339,1,29.953,32.503
3664,122.357546,10.553,22.599,0.544,0.003,33.719,1,29.953,31.733
3665,122.394879,10.260,26.471,0.672,0.004,37.427,1,29.952,30.579
3666,122.426119,5.779,24.729,0.459,0.003,30.987,1,29.953,30.842
3667,122.464999,6.933,31.438,0.629,0.004,39.023,1,29.951,29.967
3668,122.504974,2.146,37.144,0.532,0.003,39.842,1,29.950,29.254
3669,122.535518,0.551,29.408,0.608,0.004,30.587,1,29.950,29.597
3670,122.566983,0.543,30.260,0.619,0.003,31.441,1,29.951,29.801
3671,122.598879,0.597,30.624,0.603,0.003,31.844,1,29.951,29.937
3672,122.630392,0.597,30.256,0.555,0.003,31.428,1,29.952,30.082
3673,122.665796,4.356,30.435,0.625,0.003,35.439,1,29.951,29.928
3674,122.698228,1.378,30.372,0.602,0.003,32.372,1,29.951,29.992
3675,122.730916,1.769,30.261,0.563,0.003,32.614,1,29.952,30.034
3676,122.764801,2.613,30.653,0.625,0.003,33.913,1,29.951,29.997
3677,122.799113,4.119,29.507,0.630,0.004,34.277,1,29.951,29.945
3678,122.831256,1.096,30.361,0.596,0.003,32.073,1,29.952,30.009
3679,122.868102,3.542,32.649,0.560,0.003,36.770,1,29.951,29.845
3680,122.900021,0.544,30.763,0.803,0.004,32.133,1,29.951,29.905
3681,122.931870,0.568,30.414,0.620,0.003,31.622,1,29.951,29.981
3682,122.965926,2.233,31.146,0.599,0.003,33.999,1,29.951,29.953
3683,123.000481,1.627,32.272,0.586,0.004,34.505,1,29.951,29.908
3684,123.034263,0.533,32.608,0.581,0.003,33.741,1,29.951,29.895
3685,123.066967,0.535,31.533,0.576,0.003,32.664,1,29.951,29.922
3686,123.106890,0.597,38.694,0.556,0.003,39.866,1,29.949,29.700
3687,123.139214,0.617,31.071,0.585,0.003,32.292,1,29.950,29.744
3688,123.169844,0.550,29.437,0.495,0.003,30.501,1,29.950,29.841
3689,123.200423,0.531,29.502,0.535,0.003,30.586,1,29.951,29.930
3690,123.230958,0.520,29.429,0.536,0.003,30.503,1,29.952,30.016
3691,123.276497,1.049,43.832,0.504,0.003,45.405,1,29.949,21.980
3692,123.307666,0.540,30.075,0.500,0.003,31.155,1,29.949,26.081
3693,123.339064,0.510,30.318,0.518,0.004,31.364,1,29.950,27.758
3694,123.370796,0.589,30.574,0.523,0.002,31.703,1,29.950,28.610
3695,123.404409,0.592,32.449,0.656,0.005,33.719,1,29.950,28.808
3696,123.434606,0.533,28.954,0.504,0.003,30.008,1,29.951,29.469
3697,123.464783,0.504,29.121,0.556,0.003,30.199,1,29.952,29.936
3698,123.497062,2.390,29.279,0.512,0.004,32.201,1,29.952,30.067
3699,123.531738,2.411,31.700,0.616,0.003,34.748,1,29.952,29.915
3700,123.566216,1.391,32.416,0.599,0.003,34.427,1,29.951,29.823
3701,123.597853,1.033,29.950,0.538,0.003,31.539,1,29.952,29.982
3702,123.633092,2.717,31.930,0.596,0.003,35.266,1,29.951,29.837
3703,123.664347,0.562,30.038,0.522,0.003,31.141,1,29.952,29.998
3704,123.708713,3.773,40.021,0.381,0.003,44.190,1,29.949,29.314
3705,123.740112,0.469,30.361,0.553,0.003,31.402,1,29.950,29.460
3706,123.773837,0.527,32.591,0.692,0.002,33.826,1,29.950,29.465
3707,123.803649,0.494,28.396,0.594,0.003,29.502,1,29.951,29.682
3708,123.834221,0.544,29.379,0.572,0.003,30.514,1,29.951,29.837
3709,123.865358,0.529,29.985,0.578,0.003,31.111,1,29.952,29.948
3710,123.897285,1.438,29.857,0.476,0.002,31.787,1,29.952,30.019
3711,123.931373,2.957,30.613,0.616,0.003,34.205,1,29.952,29.979
3712,123.964604,1.956,30.603,0.570,0.003,33.151,1,29.952,29.986
3713,123.997146,1.431,30.486,0.574,0.004,32.511,1,29.952,30.018
3714,124.031043,2.219,31.049,0.557,0.003,33.845,1,29.952,29.996
3715,124.063588,1.766,30.165,0.652,0.003,32.605,1,29.952,30.022
3716,124.099603,3.854,31.453,0.675,0.003,36.004,1,29.952,29.927
3717,124.133004,1.278,31.389,0.615,0.003,33.302,1,29.952,29.930
3718,124.165615,0.554,31.388,0.575,0.004,32.539,1,29.952,29.957
3719,124.198556,0.575,31.731,0.623,0.003,32.949,1,29.952,29.969
3720,124.232125,0.823,32.063,0.584,0.003,33.491,1,29.952,29.964
3721,124.278573,0.772,44.964,0.609,0.003,46.365,1,29.949,21.523
3722,124.304943,0.650,25.055,0.570,0.004,26.295,1,29.950,27.476
3723,124.325852,0.549,19.732,0.458,0.003,20.757,1,29.953,32.055
3724,124.355840,7.775,21.708,0.479,0.003,29.980,1,29.954,32.363
3725,124.391817,10.590,24.860,0.629,0.003,36.096,1,29.954,31.304
3726,124.425735,7.813,25.424,0.515,0.003,33.770,1,29.953,31.003
3727,124.463996,7.641,30.055,0.553,0.004,38.267,1,29.952,30.195
3728,124.499034,3.437,30.993,0.590,0.003,35.042,1,29.952,29.973
3729,124.531823,0.853,31.255,0.579,0.003,32.708,1,29.952,30.032
3730,124.565481,1.487,31.535,0.591,0.003,33.634,1,29.952,29.998
3731,124.598919,1.267,31.522,0.641,0.003,33.451,1,29.952,29.986
3732,124.632964,1.285,32.062,0.613,0.003,33.982,1,29.952,29.936
3733,124.665611,0.548,31.427,0.597,0.004,32.594,1,29.952,29.989
3734,124.699020,1.300,31.453,0.614,0.004,33.390,1,29.952,29.984
3735,124.731778,0.556,31.479,0.613,0.003,32.668,1,29.952,30.020
3736,124.765031,0.628,31.955,0.604,0.003,33.207,1,29.952,30.024
3737,124.797734,0.672,31.368,0.592,0.003,32.652,1,29.952,30.056
3738,124.831513,0.542,32.590,0.654,0.003,33.806,1,29.952,30.028
3739,124.865800,0.562,33.015,0.660,0.003,34.258,1,29.952,29.981
3740,124.908022,1.403,40.099,0.504,0.003,42.024,1,29.950,29.594
3741,124.939587,0.480,30.539,0.549,0.003,31.585,1,29.950,29.686
3742,124.971778,0.610,30.981,0.527,0.003,32.136,1,29.951,29.746
3743,125.001329,0.529,28.443,0.527,0.003,29.518,1,29.952,29.904
3744,125.031799,0.530,29.361,0.536,0.003,30.446,1,29.952,30.014
3745,125.062705,0.928,29.390,0.561,0.003,30.900,1,29.953,30.101
3746,125.097880,4.425,30.133,0.506,0.003,35.083,1,29.952,30.035
3747,125.130880,2.661,29.779,0.552,0.003,33.014,1,29.953,30.043
3748,125.163889,2.126,30.276,0.554,0.004,32.975,1,29.953,30.052
3749,125.196796,1.964,30.337,0.597,0.003,32.920,1,29.953,30.062
3750,125.231381,2.681,31.249,0.663,0.004,34.614,1,29.952,30.020
3751,125.277344,0.922,44.253,0.603,0.003,45.800,1,29.949,21.791
3752,125.310470,0.582,31.886,0.522,0.003,33.007,1,29.949,25.337
3753,125.341085,0.536,29.507,0.387,0.003,30.445,1,29.950,27.418
3754,125.371011,0.459,29.040,0.534,0.003,30.051,1,29.951,28.676
3755,125.402047,0.594,29.856,0.699,0.003,31.170,1,29.951,29.293
3756,125.433095,0.523,29.771,0.575,0.003,30.888,1,29.952,29.760
3757,125.464231,0.524,29.983,0.558,0.003,31.085,1,29.953,30.077
3758,125.505991,3.528,37.621,0.603,0.003,41.772,1,29.951,29.140
3759,125.536478,0.629,29.198,0.576,0.003,30.422,1,29.951,29.508
3760,125.567210,0.546,29.554,0.593,0.003,30.713,1,29.952,29.784
3761,125.598305,0.538,29.908,0.600,0.003,31.066,1,29.952,29.985
3762,125.630114,0.899,30.256,0.522,0.003,31.695,1,29.953,30.107
3763,125.663323,2.687,29.947,0.621,0.004,33.275,1,29.953,30.100
3764,125.698361,2.972,31.389,0.614,0.003,34.996,1,29.953,29.984
3765,125.730934,0.621,31.281,0.540,0.004,32.461,1,29.953,30.035
3766,125.764277,1.809,30.939,0.628,0.003,33.397,1,29.953,30.027
3767,125.797591,1.374,31.252,0.631,0.004,33.279,1,29.953,30.027
3768,125.831107,1.647,31.178,0.557,0.004,33.477,1,29.953,30.020
3769,125.865451,2.603,31.055,0.571,0.003,34.248,1,29.952,29.970
3770,125.897385,0.536,30.771,0.732,0.004,32.061,1,29.953,30.027
3771,125.932306,2.249,31.874,0.573,0.003,34.717,1,29.952,29.965
3772,125.964229,0.536,30.762,0.566,0.003,31.882,1,29.953,30.024
3773,125.997972,1.626,31.497,0.554,0.003,33.696,1,29.953,30.008
3774,126.032847,2.230,32.037,0.555,0.003,34.842,1,29.952,29.950
3775,126.065380,1.203,30.719,0.565,0.004,32.507,1,29.953,29.980
3776,126.104999,1.132,37.867,0.592,0.003,39.611,1,29.951,29.764
3777,126.135042,0.576,28.818,0.527,0.003,29.941,1,29.952,29.883
3778,126.166450,0.552,30.278,0.575,0.004,31.425,1,29.952,29.947
3779,126.198272,0.541,30.649,0.595,0.003,31.806,1,29.953,29.996
3780,126.229760,0.544,30.294,0.587,0.004,31.445,1,29.953,30.051
3781,126.280553,3.235,46.842,0.601,0.003,50.701,1,29.949,19.687
3782,126.314813,0.752,32.848,0.649,0.003,34.264,1,29.949,23.501
3783,126.341619,0.550,25.567,0.146,0.003,26.283,0,29.951,26.929
3784,126.376902,0.556,34.524,0.620,0.004,35.719,1,29.950,27.181
3785,126.410242,0.576,32.086,0.619,0.004,33.301,1,29.950,27.701
3786,126.442348,0.606,30.826,0.469,0.003,31.918,1,29.950,28.241
3787,126.473576,0.468,30.249,0.378,0.003,31.108,1,29.951,28.736
3788,126.504087,0.470,29.626,0.555,0.002,30.667,1,29.951,29.167
3789,126.534333,0.536,29.103,0.555,0.003,30.214,1,29.952,29.554
3790,126.565802,0.537,30.323,0.585,0.003,31.465,1,29.953,29.759
3791,126.597199,0.547,30.209,0.508,0.004,31.286,1,29.953,29.944
3792,126.632102,3.321,31.015,0.654,0.004,35.014,1,29.953,29.821
3793,126.664673,0.632,31.226,0.556,0.003,32.435,1,29.953,29.894
3794,126.703371,0.775,37.313,0.639,0.003,38.747,1,29.952,29.558
3795,126.734828,0.562,30.198,0.596,0.003,31.377,1,29.952,29.699
3796,126.767152,0.589,31.085,0.646,0.003,32.340,1,29.952,29.771
3797,126.799600,0.547,31.200,0.648,0.003,32.415,1,29.953,29.830
3798,126.832167,0.570,31.289,0.624,0.003,32.505,1,29.953,29.879
3799,126.863830,0.561,30.419,0.577,0.003,31.576,1,29.953,29.966
3800,126.898931,3.128,31.341,0.604,0.004,35.095,1,29.953,29.888
3801,126.932177,1.122,31.465,0.758,0.002,33.366,1,29.953,29.890
3802,126.964624,0.548,31.080,0.658,0.003,32.307,1,29.953,29.935
3803,126.997386,0.565,31.482,0.568,0.003,32.634,1,29.953,29.964
3804,127.031934,2.382,31.545,0.633,0.003,34.580,1,29.953,29.917
3805,127.064634,0.558,31.452,0.643,0.003,32.673,1,29.953,29.943
3806,127.097195,0.565,31.297,0.625,0.004,32.508,1,29.953,29.973
3807,127.130961,1.521,31.562,0.632,0.003,33.737,1,29.953,29.959
3808,127.163895,0.808,31.439,0.620,0.003,32.888,1,29.953,29.974
3809,127.197352,1.451,31.328,0.628,0.003,33.430,1,29.953,29.970
3810,127.230588,1.222,31.327,0.604,0.003,33.175,1,29.953,29.975
3811,127.276890,1.134,44.426,0.607,0.003,46.188,1,29.950,21.603
3812,127.305125,0.572,26.996,0.602,0.003,28.189,1,29.952,26.838
3813,127.326996,0.561,20.652,0.510,0.003,21.743,1,29.954,31.153
3814,127.356319,5.525,23.231,0.526,0.003,29.301,1,29.955,31.837
3815,127.392643,9.315,26.431,0.557,0.003,36.324,1,29.955,30.865
3816,127.430625,6.953,30.418,0.755,0.003,38.149,1,29.953,29.974
3817,127.464337,1.783,31.117,0.595,0.003,33.516,1,29.953,29.950
3818,127.497848,1.683,31.177,0.596,0.002,33.475,1,29.953,29.936
3819,127.529862,0.844,30.519,0.571,0.002,31.953,1,29.954,30.078
3820,127.564725,2.504,31.734,0.618,0.004,34.877,1,29.953,29.928
3821,127.598411,1.219,31.791,0.632,0.003,33.663,1,29.953,29.905
3822,127.629955,0.548,30.307,0.551,0.004,31.427,1,29.954,30.053
3823,127.663493,2.261,30.671,0.643,0.003,33.595,1,29.954,30.028
3824,127.697149,1.901,31.059,0.566,0.003,33.546,1,29.954,30.010
3825,127.729916,1.541,30.606,0.565,0.003,32.732,1,29.954,30.044
3826,127.764145,2.708,30.904,0.565,0.003,34.196,1,29.953,29.990
3827,127.797967,1.925,31.278,0.610,0.004,33.835,1,29.953,29.963
3828,127.830524,1.009,30.878,0.573,0.003,32.480,1,29.954,30.005
3829,127.864236,1.956,31.129,0.607,0.003,33.710,1,29.954,29.986
3830,127.902567,1.090,36.578,0.593,0.003,38.281,1,29.952,29.764
3831,127.934231,0.627,30.386,0.789,0.002,31.826,1,29.953,29.837
3832,127.971412,0.467,29.951,0.687,0.003,31.124,1,29.952,29.694
3833,128.001537,0.550,28.830,0.549,0.002,29.947,1,29.953,29.836
3834,128.032602,0.522,29.943,0.590,0.004,31.076,1,29.953,29.926
3835,128.064128,0.566,30.311,0.569,0.003,31.466,1,29.954,29.994
3836,128.096439,1.666,30.021,0.568,0.002,32.273,1,29.954,30.030
3837,128.129275,2.284,29.929,0.552,0.003,32.785,1,29.954,30.046
3838,128.163107,3.076,30.149,0.633,0.003,33.881,1,29.954,30.026
3839,128.197101,2.670,30.631,0.585,0.003,33.907,1,29.954,30.006
3840,128.230086,1.328,31.017,0.587,0.003,32.951,1,29.954,30.016
3841,128.277508,2.307,44.399,0.574,0.003,47.301,1,29.951,21.099
3842,128.309733,0.593,31.001,0.534,0.003,32.148,1,29.951,25.132
3843,128.340128,0.545,29.261,0.462,0.003,30.286,1,29.952,27.297
3844,128.369643,0.517,28.490,0.462,0.003,29.485,1,29.952,28.690
3845,128.398928,0.523,28.255,0.533,0.003,29.327,1,29.953,29.625
3846,128.428801,0.575,28.716,0.669,0.003,29.979,1,29.954,30.184
3847,128.461659,2.539,29.594,0.519,0.003,32.672,1,29.954,30.239
3848,128.499375,2.756,34.388,0.613,0.003,37.776,1,29.953,29.706
3849,128.530754,0.512,30.202,0.630,0.003,31.364,1,29.954,29.930
3850,128.563808,1.735,30.633,0.584,0.003,32.973,1,29.954,29.967
3851,128.599460,2.119,32.892,0.707,0.003,35.743,1,29.953,29.771
3852,128.631865,0.545,31.095,0.563,0.003,32.223,1,29.954,29.870
3853,128.664861,0.773,31.606,0.575,0.003,32.975,1,29.954,29.902
3854,128.697324,0.641,31.190,0.572,0.003,32.423,1,29.954,29.965
3855,128.729950,1.349,30.648,0.564,0.003,32.581,1,29.954,30.010
3856,128.763221,1.839,30.812,0.585,0.003,33.255,1,29.954,30.012
3857,128.795642,1.252,30.529,0.620,0.004,32.421,1,29.954,30.058
3858,128.829263,2.334,30.614,0.543,0.003,33.510,1,29.954,30.044
3859,128.863248,2.504,30.883,0.651,0.003,34.059,1,29.954,30.006
3860,128.897375,2.233,31.185,0.622,0.004,34.063,1,29.954,29.971
3861,128.929177,0.550,30.571,0.785,0.003,31.928,1,29.954,30.031
3862,128.962637,1.740,30.873,0.565,0.003,33.199,1,29.954,30.033
3863,128.995625,1.997,30.372,0.628,0.003,33.017,1,29.954,30.043
3864,129.031307,4.023,30.978,0.666,0.003,35.688,1,29.954,29.952
3865,129.064902,0.549,32.322,0.605,0.003,33.496,1,29.954,29.947
3866,129.099712,0.561,33.586,0.644,0.004,34.812,1,29.953,29.896
3867,129.132579,0.552,31.615,0.559,0.004,32.746,1,29.954,29.918
3868,129.163892,0.540,30.160,0.551,0.003,31.270,1,29.954,29.986
3869,129.196308,1.778,30.031,0.565,0.003,32.394,1,29.954,30.015
3870,129.229631,2.791,29.913,0.540,0.004,33.266,1,29.954,30.015
3871,129.276258,1.735,44.220,0.587,0.003,46.563,1,29.951,21.431
3872,129.309315,0.587,31.826,0.556,0.003,32.989,1,29.951,25.098
3873,129.343051,0.546,32.580,0.515,0.003,33.659,1,29.951,26.459
3874,129.368470,0.558,24.298,0.140,0.003,25.017,0,29.953,28.896
3875,129.393045,0.541,23.837,0.125,0.003,24.523,0,29.955,30.678
3876,129.425296,7.176,24.895,0.137,0.003,32.231,0,29.955,30.730
3877,129.463911,6.983,31.436,0.572,0.003,39.012,1,29.954,29.876
3878,129.498624,2.557,31.529,0.796,0.004,34.906,1,29.954,29.714
3879,129.531555,0.610,31.462,0.631,0.003,32.723,1,29.954,29.801
3880,129.561732,0.523,28.970,0.490,0.004,30.001,1,29.955,30.117
3881,129.595438,2.943,30.222,0.575,0.003,33.759,1,29.955,30.069
3882,129.629204,2.650,30.489,0.519,0.003,33.678,1,29.955,30.035
3883,129.663110,2.491,30.844,0.605,0.004,33.961,1,29.954,29.986
3884,129.698562,1.473,33.313,0.625,0.003,35.434,1,29.954,29.850
3885,129.729838,1.363,29.230,0.595,0.004,31.208,1,29.954,29.985
3886,129.764713,2.906,31.317,0.600,0.003,34.845,1,29.954,29.899
3887,129.797467,0.679,31.419,0.596,0.004,32.716,1,29.954,29.936
3888,129.831747,1.900,31.723,0.601,0.003,34.245,1,29.954,29.892
3889,129.864426,0.527,31.497,0.628,0.004,32.673,1,29.954,29.927
3890,129.894834,0.718,29.002,0.573,0.003,30.313,1,29.955,30.065
3891,129.929023,3.531,30.031,0.533,0.003,34.114,1,29.955,30.027
3892,129.963965,3.801,30.556,0.570,0.004,34.949,1,29.954,29.958
3893,129.996827,0.562,31.672,0.710,0.004,32.965,1,29.954,29.973
3894,130.030225,0.942,31.690,0.565,0.003,33.217,1,29.954,29.977
3895,130.064176,1.932,31.400,0.602,0.003,33.955,1,29.954,29.955
3896,130.096522,0.549,31.137,0.618,0.004,32.327,1,29.955,29.990
3897,130.129230,1.094,30.936,0.585,0.003,32.634,1,29.955,30.012
3898,130.164403,3.011,31.524,0.552,0.003,35.108,1,29.954,29.954
3899,130.196549,0.547,30.994,0.735,0.003,32.297,1,29.955,29.987
3900,130.229479,1.156,30.982,0.546,0.003,32.703,1,29.955,30.005
3901,130.267112,2.017,34.936,0.144,0.004,37.121,0,29.954,26.868
3902,130.299157,0.632,31.210,0.633,0.004,32.498,1,29.954,28.672
3903,130.322594,0.552,22.191,0.556,0.003,23.318,1,29.956,32.219
3904,130.353693,9.258,21.232,0.540,0.003,31.050,1,29.957,32.207
3905,130.393998,11.919,27.791,0.581,0.004,40.312,1,29.955,30.387
3906,130.427001,4.315,28.049,0.595,0.003,32.981,1,29.955,30.371
3907,130.464717,5.348,31.712,0.642,0.003,37.725,1,29.954,29.746
3908,130.496713,0.566,30.730,0.604,0.003,31.921,1,29.955,29.931
3909,130.530623,1.893,31.354,0.755,0.004,34.025,1,29.954,29.866
3910,130.564775,1.832,31.500,0.753,0.005,34.109,1,29.954,29.807
3911,130.597302,0.562,31.152,0.582,0.003,32.317,1,29.955,29.904
3912,130.631144,2.203,31.001,0.608,0.003,33.833,1,29.954,29.872
3913,130.663838,0.861,31.169,0.599,0.003,32.649,1,29.955,29.926
3914,130.695379,0.525,30.363,0.600,0.003,31.508,1,29.955,30.047
3915,130.729333,2.188,31.113,0.580,0.003,33.900,1,29.955,30.007
3916,130.763380,2.453,30.962,0.603,0.003,34.040,1,29.955,29.966
3917,130.796913,1.801,31.075,0.624,0.003,33.520,1,29.955,29.956
3918,130.829574,0.834,31.146,0.566,0.003,32.567,1,29.955,29.995
3919,130.864603,3.386,31.019,0.600,0.003,35.026,1,29.954,29.913
3920,130.902505,0.562,36.682,0.590,0.003,37.854,1,29.953,29.715
3921,130.933767,0.632,29.983,0.588,0.003,31.224,1,29.954,29.816
3922,130.965611,0.549,30.648,0.607,0.003,31.824,1,29.954,29.884
3923,130.997916,0.570,31.073,0.596,0.003,32.259,1,29.955,29.929
3924,131.030284,0.561,31.149,0.723,0.003,32.453,1,29.955,29.964
3925,131.063257,0.721,31.474,0.637,0.003,32.852,1,29.955,29.981
3926,131.095276,0.775,30.554,0.625,0.003,31.974,1,29.955,30.028
3927,131.130681,3.343,31.384,0.591,0.003,35.339,1,29.955,29.959
3928,131.163747,1.210,31.211,0.587,0.003,33.027,1,29.955,29.969
3929,131.195281,0.527,30.369,0.606,0.003,31.521,1,29.955,30.025
3930,131.229673,2.709,31.023,0.847,0.002,34.599,1,29.955,29.986
3931,131.275665,1.782,43.242,0.636,0.003,45.937,1,29.952,21.728
3932,131.301582,0.578,24.391,0.523,0.003,25.511,1,29.954,27.944
3933,131.325247,0.524,22.567,0.541,0.002,23.649,1,29.956,31.494
3934,131.354848,6.353,22.661,0.506,0.003,29.537,1,29.957,32.046
3935,131.392147,9.296,27.445,0.583,0.004,37.345,1,29.956,30.827
3936,131.428259,6.095,29.383,0.563,0.003,36.060,1,29.955,30.259
3937,131.457279,3.439,24.963,0.143,0.003,28.566,0,29.956,30.852
3938,131.499102,8.011,33.606,0.605,0.003,42.244,1,29.954,29.720
3939,131.531469,0.575,31.126,0.685,0.004,32.407,1,29.955,29.839
3940,131.563974,0.561,31.194,0.728,0.004,32.506,1,29.955,29.925
3941,131.596367,0.562,31.041,0.790,0.003,32.414,1,29.955,30.003
3942,131.629312,1.052,31.045,0.871,0.005,32.992,1,29.955,30.026
3943,131.663045,1.344,31.393,0.593,0.004,33.352,1,29.955,30.016
3944,131.695741,1.371,30.597,0.567,0.004,32.556,1,29.955,30.057
3945,131.730068,2.256,31.448,0.612,0.003,34.337,1,29.955,29.991
3946,131.763261,1.373,31.151,0.628,0.003,33.173,1,29.955,29.999
3947,131.796143,1.018,31.179,0.690,0.005,32.909,1,29.955,30.019
3948,131.829294,1.217,31.189,0.698,0.004,33.124,1,29.955,30.027
3949,131.863505,2.189,31.269,0.673,0.003,34.152,1,29.955,29.985
3950,131.896484,0.562,31.685,1.062,0.004,33.331,1,29.955,29.984
3951,131.929368,0.561,31.204,0.782,0.004,32.567,1,29.955,30.016
3952,131.962769,1.272,31.290,0.617,0.003,33.200,1,29.955,30.020
3953,131.996229,1.434,31.348,0.601,0.003,33.405,1,29.955,30.014
3954,132.029452,1.268,31.298,0.606,0.003,33.193,1,29.955,30.018
3955,132.063217,1.794,31.305,0.789,0.004,33.911,1,29.955,29.995
3956,132.098271,0.556,33.647,0.617,0.003,34.841,1,29.955,29.942
3957,132.131315,0.575,31.794,0.638,0.003,33.027,1,29.955,29.953
3958,132.166203,1.325,32.672,0.557,0.003,34.574,1,29.955,29.907
3959,132.199660,0.530,32.317,0.667,0.003,33.534,1,29.955,29.903
3960,132.232596,0.562,31.649,0.607,0.003,32.838,1,29.955,29.920
3961,132.277351,0.564,43.451,0.627,0.004,44.664,1,29.952,22.340
3962,132.308751,0.577,30.139,0.597,0.004,31.333,1,29.953,26.270
3963,132.339977,0.551,30.021,0.366,0.002,30.953,1,29.953,28.004
3964,132.371187,0.460,30.346,0.676,0.002,31.497,1,29.953,28.850
3965,132.400904,0.450,28.545,0.592,0.003,29.605,1,29.954,29.712
3966,132.432248,0.548,30.150,0.561,0.003,31.279,1,29.955,30.061
3967,132.463485,0.527,30.098,0.623,0.003,31.267,1,29.955,30.317
3968,132.494854,0.519,30.176,0.552,0.002,31.266,1,29.956,30.512
3969,132.527852,2.241,30.154,0.594,0.003,33.008,1,29.956,30.485
3970,132.563768,4.106,31.163,0.754,0.003,36.045,1,29.955,30.184
3971,132.595659,0.549,30.526,0.743,0.003,31.838,1,29.956,30.287
3972,132.628858,1.526,30.877,0.554,0.003,32.978,1,29.956,30.288
3973,132.662651,2.258,30.928,0.619,0.003,33.826,1,29.956,30.229
3974,132.696770,2.003,31.437,0.943,0.004,34.407,1,29.955,30.140
3975,132.729594,0.552,31.268,1.143,0.003,32.982,1,29.955,30.149
3976,132.763393,1.641,30.957,0.651,0.003,33.271,1,29.955,30.142
3977,132.795465,0.558,30.804,0.648,0.003,32.031,1,29.956,30.201
3978,132.829964,2.441,31.352,1.033,0.004,34.849,1,29.955,30.111
3979,132.863350,1.007,31.284,0.593,0.003,32.904,1,29.955,30.124
3980,132.895323,0.530,30.797,0.677,0.003,32.024,1,29.956,30.176
3981,132.929278,2.582,30.636,0.627,0.003,33.866,1,29.956,30.143
3982,132.963608,2.239,31.406,0.711,0.003,34.377,1,29.955,30.091
3983,132.997178,0.563,32.236,0.593,0.004,33.415,1,29.955,30.083
3984,133.029972,0.828,31.314,0.598,0.003,32.761,1,29.956,30.100
3985,133.063189,0.564,31.998,0.859,0.004,33.444,1,29.955,30.090
3986,133.096792,1.122,31.561,0.554,0.002,33.255,1,29.956,30.088
3987,133.130120,1.236,31.487,0.542,0.002,33.284,1,29.956,30.085
3988,133.162962,1.098,31.149,0.550,0.003,32.819,1,29.956,30.098
3989,133.196518,1.963,30.986,0.616,0.003,33.587,1,29.956,30.086
3990,133.230141,1.592,31.357,0.608,0.004,33.578,1,29.956,30.074
3991,133.275606,0.548,44.178,0.881,0.003,45.628,1,29.953,21.870
3992,133.305357,0.625,28.189,0.376,0.003,29.205,1,29.954,26.677
3993,133.327867,0.459,21.636,0.511,0.004,22.624,1,29.956,30.733
3994,133.353754,3.519,21.809,0.515,0.003,25.860,1,29.958,32.387
3995,133.388996,10.172,24.503,0.525,0.003,35.220,1,29.957,31.494
3996,133.426210,8.696,27.942,0.553,0.003,37.211,1,29.957,30.612
3997,133.462225,4.726,30.681,0.669,0.003,36.098,1,29.956,30.155
3998,133.494481,1.217,30.315,0.530,0.003,32.081,1,29.956,30.274
3999,133.528969,2.793,31.107,0.582,0.004,34.503,1,29.956,30.122
4000,133.562513,1.741,31.168,0.685,0.004,33.616,1,29.956,30.081
4001,133.595485,1.549,30.678,0.617,0.004,32.865,1,29.956,30.109
4002,133.627986,1.313,30.517,0.562,0.003,32.411,1,29.956,30.167
4003,133.661217,2.042,30.574,0.554,0.003,33.189,1,29.956,30.162
4004,133.695298,2.587,30.886,0.658,0.003,34.151,1,29.956,30.095
4005,133.728543,2.096,30.437,0.678,0.003,33.232,1,29.956,30.093
4006,133.761544,1.676,30.590,0.558,0.005,32.846,1,29.956,30.113
4007,133.794607,1.916,30.533,0.569,0.005,33.040,1,29.956,30.120
4008,133.828256,2.133,30.892,0.582,0.004,33.628,1,29.956,30.097
4009,133.861862,1.829,31.137,0.671,0.003,33.656,1,29.956,30.074
4010,133.899034,1.516,34.933,0.664,0.003,37.135,1,29.955,29.898
4011,133.931330,0.568,31.003,0.670,0.003,32.261,1,29.955,29.947
4012,133.963654,0.557,31.039,0.672,0.003,32.289,1,29.956,29.991
4013,133.996224,0.561,31.279,0.600,0.004,32.463,1,29.956,30.024
4014,134.028410,0.688,30.841,0.606,0.003,32.154,1,29.956,30.066
4015,134.061637,2.050,30.515,0.698,0.003,33.286,1,29.956,30.063
4016,134.095964,2.415,31.155,0.577,0.003,34.169,1,29.956,30.031
4017,134.127625,0.548,30.481,0.655,0.003,31.704,1,29.956,30.083
4018,134.162677,3.305,31.034,0.605,0.003,34.967,1,29.956,30.026
4019,134.196013,1.568,31.104,0.554,0.003,33.247,1,29.956,30.027
4020,134.229130,1.432,31.077,0.569,0.003,33.098,1,29.956,30.032
4021,134.275192,1.026,44.342,0.371,0.003,45.756,1,29.953,21.809
4022,134.308173,0.582,31.988,0.588,0.003,33.177,1,29.953,25.300
4023,134.341289,0.580,31.892,0.588,0.004,33.080,1,29.953,26.746
4024,134.373470,0.569,30.966,0.384,0.002,31.933,1,29.954,27.750
4025,134.406310,0.465,31.952,0.380,0.002,32.810,1,29.954,28.252
4026,134.437894,0.469,30.696,0.466,0.002,31.645,1,29.954,28.756
4027,134.467825,0.454,28.972,0.516,0.003,29.960,1,29.955,29.334
4028,134.499912,0.530,30.989,0.637,0.003,32.176,1,29.955,29.538
4029,134.531517,0.563,30.348,0.624,0.003,31.554,1,29.956,29.759
4030,134.562628,0.525,29.910,0.692,0.003,31.147,1,29.956,29.975
4031,134.594894,0.978,30.539,0.528,0.003,32.065,1,29.956,30.078
4032,134.627664,1.867,30.323,0.574,0.003,32.785,1,29.957,30.111
4033,134.660853,2.546,30.013,0.599,0.004,33.179,1,29.957,30.111
4034,134.696016,3.130,31.374,1.124,0.003,35.649,1,29.956,29.951
4035,134.728936,0.556,31.181,0.548,0.003,32.305,1,29.956,30.014
4036,134.761358,1.234,30.585,0.551,0.003,32.390,1,29.957,30.064
4037,134.795809,2.721,31.125,0.611,0.004,34.480,1,29.956,29.998
4038,134.828026,0.785,30.763,0.531,0.003,32.099,1,29.957,30.058
4039,134.861694,1.863,31.219,0.611,0.003,33.714,1,29.956,30.035
4040,134.895390,1.836,31.193,0.683,0.002,33.732,1,29.956,30.014
4041,134.928467,1.089,31.250,0.561,0.003,32.920,1,29.956,30.029
4042,134.962350,2.009,31.258,0.632,0.003,33.919,1,29.956,30.003
4043,134.995349,0.999,31.312,0.674,0.003,33.005,1,29.956,30.014
4044,135.028490,1.464,30.948,0.612,0.003,33.044,1,29.957,30.023
4045,135.062119,1.812,31.150,0.722,0.003,33.705,1,29.956,30.007
4046,135.095603,1.460,31.244,0.679,0.003,33.404,1,29.956,30.003
4047,135.128237,0.779,31.117,0.605,0.003,32.522,1,29.957,30.029
4048,135.162824,1.942,31.981,0.637,0.003,34.582,1,29.956,29.987
4049,135.196239,1.417,31.301,0.604,0.004,33.344,1,29.956,29.986
4050,135.228640,0.549,31.189,0.630,0.003,32.388,1,29.957,30.013
4051,135.274722,1.944,43.373,0.371,0.002,45.703,1,29.954,21.830
4052,135.298961,0.475,23.355,0.528,0.003,24.374,1,29.956,28.488
4053,135.320160,0.557,20.064,0.474,0.003,21.112,1,29.958,32.841
4054,135.352106,10.271,21.155,0.512,0.002,31.956,1,29.959,32.432
4055,135.391553,11.474,27.411,0.587,0.003,39.492,1,29.957,30.702
4056,135.428202,5.134,30.872,0.590,0.004,36.618,1,29.957,30.074
4057,135.462855,1.987,32.020,0.596,0.003,34.624,1,29.956,29.893
4058,135.496235,1.077,31.651,0.599,0.003,33.348,1,29.956,29.901
4059,135.529547,0.552,32.105,0.618,0.003,33.294,1,29.956,29.912
4060,135.561523,0.797,30.503,0.720,0.003,32.042,1,29.957,30.034
4061,135.595049,1.977,30.769,0.597,0.004,33.364,1,29.957,30.025
4062,135.628835,1.872,31.217,0.543,0.004,33.652,1,29.957,29.993
4063,135.662438,1.434,31.573,0.594,0.004,33.622,1,29.957,29.971
4064,135.695312,1.024,31.196,0.589,0.004,32.830,1,29.957,30.003
4065,135.727628,0.994,30.678,0.615,0.003,32.306,1,29.957,30.063
4066,135.762850,3.891,30.662,0.583,0.003,35.157,1,29.957,29.954
4067,135.795766,1.214,31.062,0.577,0.002,32.871,1,29.957,29.979
4068,135.828144,1.383,30.366,0.541,0.003,32.310,1,29.957,30.030
4069,135.860995,1.699,30.558,0.545,0.004,32.822,1,29.957,30.051
4070,135.895301,2.427,31.282,0.653,0.003,34.383,1,29.957,30.000
4071,135.928373,1.126,31.235,0.568,0.004,32.950,1,29.957,30.015
4072,135.961995,1.781,31.219,0.632,0.003,33.653,1,29.957,30.000
4073,135.996638,2.621,31.330,0.620,0.004,34.594,1,29.956,29.949
4074,136.028875,0.560,31.001,0.614,0.003,32.196,1,29.957,29.992
4075,136.062096,1.409,31.139,0.762,0.004,33.333,1,29.957,29.991
4076,136.095032,1.090,31.021,0.606,0.004,32.740,1,29.957,30.011
4077,136.128406,1.553,31.107,0.561,0.003,33.243,1,29.957,30.011
4078,136.163166,2.615,31.527,0.663,0.003,34.827,1,29.957,29.961
4079,136.194822,0.562,30.373,0.626,0.003,31.582,1,29.957,30.016
4080,136.230274,2.283,32.483,0.632,0.004,35.420,1,29.956,29.951
4081,136.275429,0.563,43.831,0.886,0.003,45.300,1,29.954,22.028
4082,136.311359,0.574,34.412,0.827,0.003,35.830,1,29.953,24.610
4083,136.342388,0.684,29.332,0.562,0.003,30.597,1,29.954,26.778
4084,136.375174,0.563,31.607,0.625,0.003,32.813,1,29.954,27.609
4085,136.407859,0.544,31.462,0.557,0.003,32.581,1,29.954,28.169
4086,136.438522,0.534,29.518,0.376,0.003,30.442,1,29.955,28.849
4087,136.468251,0.467,28.847,0.525,0.003,29.855,1,29.956,29.430
4088,136.497472,0.517,28.132,0.518,0.003,29.185,1,29.956,29.955
4089,136.527854,0.513,29.301,0.564,0.003,30.397,1,29.957,30.252
4090,136.561530,2.746,30.312,0.706,0.003,33.786,1,29.957,30.183
4091,136.594057,1.653,30.110,0.553,0.003,32.336,1,29.957,30.245
4092,136.627756,2.148,30.944,0.586,0.003,33.697,1,29.957,30.195
4093,136.662437,2.916,31.127,0.597,0.003,34.660,1,29.957,30.085
4094,136.695367,0.984,31.289,0.700,0.002,32.993,1,29.957,30.098
4095,136.728558,1.347,31.088,0.589,0.003,33.044,1,29.957,30.107
4096,136.762725,2.279,31.242,0.610,0.003,34.152,1,29.957,30.052
4097,136.795376,0.621,31.364,0.658,0.003,32.663,1,29.957,30.082
4098,136.828507,1.664,30.752,0.635,0.003,33.072,1,29.957,30.089
4099,136.861675,1.366,31.109,0.602,0.004,33.100,1,29.957,30.094
4100,136.894816,1.265,31.213,0.598,0.003,33.097,1,29.957,30.098
4101,136.929932,1.746,32.715,0.616,0.003,35.098,1,29.957,30.016
4102,136.962300,0.568,31.127,0.608,0.002,32.323,1,29.957,30.055
4103,136.994906,0.546,31.396,0.652,0.003,32.615,1,29.957,30.080
4104,137.028145,1.270,31.259,0.566,0.002,33.114,1,29.957,30.083
4105,137.061692,1.752,31.176,0.764,0.002,33.714,1,29.957,30.065
4106,137.095224,1.597,31.111,0.586,0.003,33.314,1,29.957,30.062
4107,137.127629,0.666,31.097,0.671,0.003,32.456,1,29.957,30.088
4108,137.161840,2.401,31.079,0.594,0.003,34.097,1,29.957,30.059
4109,137.195779,2.128,31.158,0.599,0.003,33.908,1,29.957,30.037
4110,137.228531,0.898,31.197,0.573,0.004,32.690,1,29.957,30.055
4111,137.276893,1.503,46.158,0.620,0.005,48.306,1,29.954,20.664
4112,137.309601,0.583,31.447,0.607,0.003,32.659,1,29.954,24.664
4113,137.340127,0.570,29.291,0.532,0.003,30.413,1,29.955,26.896
4114,137.374333,0.551,33.069,0.479,0.003,34.117,1,29.955,27.455
4115,137.405300,0.521,29.917,0.379,0.003,30.831,1,29.955,28.319
4116,137.435157,0.484,28.956,0.555,0.003,30.013,1,29.956,29.043
4117,137.464609,0.545,28.299,0.572,0.003,29.435,1,29.957,29.653
4118,137.496043,0.558,30.249,0.532,0.006,31.359,1,29.957,29.911
4119,137.528569,0.524,31.419,0.574,0.005,32.539,1,29.957,29.998
4120,137.559084,1.355,28.531,0.763,0.005,30.675,1,29.958,30.236
4121,137.592904,3.316,29.678,0.585,0.003,33.600,1,29.958,30.189
4122,137.626246,2.907,29.794,0.558,0.003,33.279,1,29.958,30.175
4123,137.661484,4.147,30.476,0.586,0.003,35.230,1,29.957,30.026
4124,137.693256,1.473,29.658,0.580,0.003,31.732,1,29.958,30.126
4125,137.726372,2.594,29.884,0.534,0.005,33.035,1,29.958,30.133
4126,137.762194,2.025,33.209,0.557,0.005,35.814,1,29.957,29.983
4127,137.796201,1.720,31.674,0.574,0.005,33.991,1,29.957,29.948
4128,137.829309,0.543,31.937,0.551,0.005,33.051,1,29.957,29.963
4129,137.862956,0.540,32.502,0.570,0.003,33.631,1,29.957,29.949
4130,137.896075,0.591,31.902,0.629,0.004,33.144,1,29.957,29.959
4131,137.926973,0.558,29.652,0.590,0.003,30.819,1,29.958,30.067
4132,137.960845,2.180,31.047,0.564,0.003,33.810,1,29.958,30.043
4133,137.994927,2.033,31.432,0.587,0.003,34.074,1,29.957,30.011
4134,138.029800,1.808,32.422,0.581,0.003,34.833,1,29.957,29.953
4135,138.060651,0.541,29.674,0.663,0.004,30.898,1,29.958,30.041
4136,138.093593,1.970,30.253,0.571,0.003,32.814,1,29.958,30.056
4137,138.133128,2.085,36.824,0.539,0.004,39.468,1,29.956,29.849
4138,138.167729,0.546,33.463,0.572,0.004,34.602,1,29.956,29.813
4139,138.199634,0.569,30.705,0.621,0.004,31.916,1,29.957,29.862
4140,138.232202,0.568,31.321,0.555,0.003,32.465,1,29.957,29.891
4141,138.276818,0.545,43.390,1.199,0.004,45.157,1,29.954,22.100
4142,138.308081,0.608,29.398,0.528,0.003,30.551,1,29.955,26.371
4143,138.341817,3.056,30.099,0.596,0.003,33.773,1,29.955,27.361
4144,138.372457,0.589,29.397,0.409,0.003,30.412,1,29.955,28.552
4145,138.403083,0.518,29.652,0.665,0.005,30.856,1,29.956,29.243
4146,138.434633,0.533,30.298,0.546,0.003,31.395,1,29.956,29.643
4147,138.464517,0.610,28.674,0.566,0.003,29.869,1,29.957,30.132
4148,138.495510,0.555,29.819,0.662,0.004,31.057,1,29.958,30.372
4149,138.526229,0.544,29.456,0.552,0.003,30.571,1,29.958,30.611
4150,138.559963,2.877,30.251,0.738,0.003,33.888,1,29.958,30.494
4151,138.593564,2.453,30.351,0.548,0.006,33.375,1,29.958,30.442
4152,138.625615,1.067,30.381,0.564,0.003,32.031,1,29.958,30.503
4153,138.658951,2.606,30.113,0.581,0.003,33.321,1,29.958,30.462
4154,138.695036,4.747,30.701,0.670,0.004,36.142,1,29.958,30.242
4155,138.732762,0.573,36.421,0.580,0.003,37.595,1,29.957,29.966
4156,138.764931,0.564,30.967,0.571,0.003,32.122,1,29.957,30.034
4157,138.796293,0.534,30.202,0.584,0.003,31.340,1,29.957,30.136
4158,138.827555,0.539,30.084,0.612,0.003,31.255,1,29.958,30.232
4159,138.860802,2.241,30.333,0.640,0.005,33.238,1,29.958,30.222
4160,138.895238,2.091,31.646,0.636,0.003,34.393,1,29.958,30.161
4161,138.927894,0.544,31.421,0.613,0.003,32.598,1,29.958,30.184
4162,138.959932,0.718,30.653,0.593,0.005,31.986,1,29.958,30.230
4163,138.993536,3.879,29.076,0.601,0.004,33.578,1,29.958,30.209
4164,139.025583,1.161,30.227,0.566,0.003,31.975,1,29.958,30.250
4165,139.060446,3.661,30.579,0.733,0.003,34.996,1,29.958,30.178
4166,139.093592,1.810,30.541,0.582,0.003,32.953,1,29.958,30.183
4167,139.126630,2.023,30.376,0.578,0.003,33.000,1,29.958,30.186
4168,139.159107,1.631,30.210,0.627,0.003,32.491,1,29.958,30.206
4169,139.191263,2.043,29.428,0.608,0.003,32.100,1,29.959,30.237
4170,139.228098,4.602,31.570,0.595,0.003,36.788,1,29.958,30.123
4171,139.277024,0.569,47.631,0.589,0.003,48.811,1,29.955,20.447
4172,139.310313,0.845,31.797,0.609,0.003,33.272,1,29.955,24.326
4173,139.341782,0.931,29.871,0.538,0.003,31.360,1,29.955,26.405
4174,139.372851,0.563,29.914,0.562,0.003,31.058,1,29.955,27.642
4175,139.404152,0.554,30.131,0.521,0.003,31.224,1,29.956,28.414
4176,139.435597,0.526,30.348,0.574,0.003,31.465,1,29.956,28.921
4177,139.464890,0.571,28.098,0.546,0.003,29.234,1,29.957,29.570
4178,139.496078,0.553,30.035,0.515,0.003,31.120,1,29.958,29.863
4179,139.527664,0.520,30.504,0.802,0.004,31.845,1,29.958,30.024
4180,139.558423,0.525,29.379,0.664,0.004,30.588,1,29.959,30.268
4181,139.591650,2.700,29.803,2.144,0.004,34.668,1,29.958,30.130
4182,139.628187,3.231,31.110,0.580,0.003,34.940,1,29.958,29.995
4183,139.660025,0.957,30.245,0.581,0.004,31.805,1,29.958,30.100
4184,139.692988,2.092,30.236,0.640,0.003,32.988,1,29.958,30.113
4185,139.728005,2.638,31.682,0.595,0.003,34.936,1,29.958,30.006
4186,139.761355,1.470,31.227,0.592,0.006,33.311,1,29.958,30.005
4187,139.795008,0.549,32.454,0.558,0.005,33.582,1,29.958,29.990
4188,139.828728,0.925,32.182,0.641,0.004,33.771,1,29.958,29.967
4189,139.868537,0.576,38.532,0.613,0.003,39.740,1,29.957,29.667
4190,139.898354,0.573,28.575,0.521,0.003,29.687,1,29.957,29.843
4191,139.928858,0.523,29.407,0.594,0.003,30.543,1,29.958,29.968
4192,139.958781,0.540,28.736,0.602,0.003,29.897,1,29.959,30.109
4193,139.992636,4.504,28.690,0.607,0.003,33.825,1,29.959,30.084
4194,140.028441,2.212,32.928,0.621,0.003,35.783,1,29.958,29.987
4195,140.062715,0.545,33.052,0.723,0.003,34.343,1,29.958,29.950
4196,140.096350,0.601,32.248,0.547,0.003,33.417,1,29.958,29.947
4197,140.131619,0.831,33.838,0.610,0.003,35.298,1,29.957,29.883
4198,140.163960,0.528,31.151,0.546,0.003,32.243,1,29.958,29.921
4199,140.196538,0.530,31.451,0.546,0.003,32.545,1,29.958,29.947
4200,140.226451,0.539,28.776,0.536,0.003,29.869,1,29.959,30.052
4201,140.277703,2.255,48.341,0.716,0.003,51.329,1,29.955,19.448
4202,140.309467,0.516,30.491,0.516,0.003,31.540,1,29.955,24.101
4203,140.340142,0.552,29.557,0.549,0.004,30.678,1,29.956,26.387
4204,140.371702,0.561,30.395,0.372,0.002,31.343,1,29.956,27.572
4205,140.401975,0.490,29.372,0.508,0.003,30.386,1,29.957,28.493
4206,140.431299,0.535,28.231,0.533,0.003,29.317,1,29.958,29.292
4207,140.468138,0.534,35.721,0.530,0.003,36.803,1,29.957,28.965
4208,140.498346,0.546,29.079,0.535,0.003,30.180,1,29.958,29.425
4209,140.529359,0.538,29.693,0.568,0.003,30.820,1,29.958,29.710
4210,140.560453,0.532,29.941,0.734,0.003,31.227,1,29.958,29.923
4211,140.592635,0.934,30.453,0.624,0.003,32.031,1,29.959,30.033
4212,140.626887,2.979,30.593,0.557,0.003,34.148,1,29.959,29.967
4213,140.660697,2.099,31.101,0.611,0.003,33.831,1,29.958,29.932
4214,140.693849,1.321,31.165,0.598,0.003,33.105,1,29.959,29.950
4215,140.727418,1.685,31.231,0.658,0.003,33.595,1,29.958,29.936
4216,140.760242,0.793,31.317,0.597,0.004,32.728,1,29.959,29.972
4217,140.793398,1.244,31.257,0.594,0.003,33.116,1,29.959,29.983
4218,140.827206,2.183,30.976,0.674,0.003,33.853,1,29.959,29.956
4219,140.860471,1.307,31.226,0.618,0.003,33.172,1,29.959,29.964
4220,140.893620,1.142,31.332,0.605,0.004,33.102,1,29.959,29.975
4221,140.926902,1.944,30.674,0.644,0.003,33.284,1,29.959,29.977
4222,140.959552,1.845,30.100,0.695,0.003,32.661,1,29.959,30.003
4223,140.991440,2.122,29.014,0.596,0.003,31.753,1,29.959,30.064
4224,141.027026,4.020,30.916,0.541,0.004,35.499,1,29.959,29.979
4225,141.063393,1.011,34.761,0.722,0.003,36.513,1,29.958,29.864
4226,141.093449,0.523,28.757,0.587,0.004,29.888,1,29.959,29.987
4227,141.125091,1.975,29.022,0.569,0.004,31.587,1,29.959,30.045
4228,141.159190,3.010,30.463,0.593,0.004,34.089,1,29.959,30.018
4229,141.189315,1.288,28.187,0.529,0.003,30.024,1,29.960,30.119
4230,141.226383,6.089,30.395,0.581,0.003,37.087,1,29.959,30.001
4231,141.274791,2.344,45.354,0.430,0.003,48.150,1,29.956,20.728
4232,141.305834,0.656,29.896,0.474,0.002,31.043,1,29.956,25.210
4233,141.335851,0.510,28.988,0.458,0.003,29.973,1,29.957,27.439
4234,141.366072,0.518,29.197,0.514,0.003,30.247,1,29.958,28.651
4235,141.396471,0.542,29.294,0.516,0.004,30.370,1,29.958,29.410
4236,141.426025,0.520,28.470,0.564,0.006,29.576,1,29.959,30.058
4237,141.456909,1.123,29.142,0.535,0.005,30.820,1,29.960,30.373
4238,141.492197,5.376,29.323,0.528,0.003,35.248,1,29.959,30.104
4239,141.526441,3.049,30.615,0.589,0.003,34.274,1,29.959,29.994
4240,141.559826,2.319,30.421,0.723,0.004,33.485,1,29.959,29.978
4241,141.593282,2.224,30.452,0.554,0.003,33.250,1,29.959,29.984
4242,141.627720,3.425,30.403,0.589,0.004,34.438,1,29.959,29.900
4243,141.665096,0.842,35.889,0.596,0.003,37.349,1,29.958,29.632
4244,141.695658,0.569,29.339,0.620,0.003,30.547,1,29.958,29.832
4245,141.727168,0.552,30.284,0.610,0.003,31.465,1,29.959,29.952
4246,141.759199,1.668,29.696,0.625,0.003,32.009,1,29.959,30.027
4247,141.792416,2.476,30.061,0.565,0.003,33.120,1,29.959,30.035
4248,141.826151,2.496,30.621,0.584,0.003,33.721,1,29.959,30.012
4249,141.859975,2.550,30.636,0.568,0.003,33.773,1,29.959,29.989
4250,141.894367,3.014,30.754,0.603,0.005,34.395,1,29.959,29.940
4251,141.926801,1.468,30.303,0.578,0.004,32.370,1,29.959,29.983
4252,141.961202,2.539,31.229,0.587,0.003,34.374,1,29.959,29.940
4253,141.994184,1.352,30.988,0.632,0.003,32.993,1,29.959,29.954
4254,142.026238,0.914,30.450,0.569,0.003,31.952,1,29.959,30.006
4255,142.058455,1.065,30.530,0.718,0.003,32.334,1,29.959,30.041
4256,142.094143,3.301,31.611,0.586,0.003,35.518,1,29.959,29.962
4257,142.126920,0.745,31.391,0.605,0.003,32.763,1,29.959,29.982
4258,142.160559,1.634,31.342,0.627,0.004,33.624,1,29.959,29.972
4259,142.195416,1.758,32.414,0.666,0.004,34.859,1,29.959,29.924
4260,142.225748,0.531,29.083,0.514,0.003,30.146,1,29.959,30.021
4261,142.274324,2.236,45.711,0.593,0.003,48.561,1,29.956,20.557
4262,142.308900,1.005,32.918,0.491,0.003,34.434,1,29.956,24.062
4263,142.337398,0.547,27.409,0.428,0.003,28.400,1,29.957,26.893
4264,142.366940,0.493,28.579,0.469,0.003,29.557,1,29.958,28.342
4265,142.395968,0.584,27.926,0.541,0.004,29.070,1,29.959,29.371
4266,142.426221,0.527,29.132,0.510,0.003,30.188,1,29.959,29.931
4267,142.456852,0.842,29.227,0.555,0.004,30.645,1,29.960,30.285
4268,142.493711,5.289,30.953,0.539,0.003,36.801,1,29.959,29.853
4269,142.526697,2.303,30.090,0.600,0.004,33.015,1,29.959,29.898
4270,142.558938,1.364,30.219,0.670,0.003,32.273,1,29.959,30.000
4271,142.593213,3.262,30.287,0.544,0.003,34.113,1,29.959,29.933
4272,142.625064,1.432,29.819,0.526,0.003,31.798,1,29.960,30.051
4273,142.658114,2.230,30.240,0.520,0.003,33.010,1,29.960,30.067
4274,142.693916,4.394,30.835,0.556,0.003,35.806,1,29.959,29.902
4275,142.724945,0.548,29.870,0.564,0.003,31.002,1,29.960,30.046
4276,142.759213,2.913,30.735,0.585,0.003,34.254,1,29.959,29.989
4277,142.792509,3.015,29.636,0.599,0.003,33.271,1,29.959,29.991
4278,142.824910,2.286,29.462,0.529,0.003,32.296,1,29.960,30.042
4279,142.860578,3.731,31.355,0.571,0.003,35.677,1,29.959,29.927
4280,142.892094,0.522,30.370,0.535,0.003,31.446,1,29.960,30.014
4281,142.924709,2.316,29.711,0.537,0.003,32.584,1,29.960,30.044
4282,142.958517,2.835,30.382,0.558,0.003,33.796,1,29.960,30.022
4283,142.992676,2.911,30.636,0.538,0.003,34.105,1,29.959,29.989
4284,143.025588,2.300,30.020,0.544,0.003,32.883,1,29.960,30.005
4285,143.058628,2.027,30.414,0.992,0.004,33.456,1,29.960,30.000
4286,143.094077,4.031,30.325,0.600,0.003,34.979,1,29.959,29.940
4287,143.126590,0.533,31.326,0.632,0.004,32.513,1,29.959,29.968
4288,143.162303,3.305,31.714,0.585,0.003,35.625,1,29.959,29.895
4289,143.193599,0.536,30.121,0.610,0.003,31.287,1,29.959,29.961
4290,143.225865,0.792,30.808,0.572,0.003,32.193,1,29.960,29.995
4291,143.274791,1.592,46.631,0.568,0.004,48.812,1,29.956,20.446
4292,143.306547,0.651,30.479,0.528,0.003,31.677,1,29.957,24.806
4293,143.336690,0.597,28.966,0.372,0.002,29.950,1,29.957,27.122
4294,143.367368,0.474,29.795,0.586,0.003,30.872,1,29.958,28.268
4295,143.396995,0.546,28.444,0.536,0.003,29.544,1,29.959,29.226
4296,143.427877,0.532,29.765,0.558,0.003,30.873,1,29.959,29.705
4297,143.461486,0.527,32.472,0.479,0.003,33.496,1,29.959,29.722
4298,143.492733,0.513,30.209,0.587,0.003,31.328,1,29.960,29.977
4299,143.524625,1.968,29.280,0.545,0.003,31.813,1,29.960,30.128
4300,143.556562,2.499,28.840,0.618,0.005,31.978,1,29.960,30.236
4301,143.592253,5.000,30.022,0.559,0.005,35.602,1,29.960,30.025
4302,143.625899,3.217,29.815,1.238,0.003,34.291,1,29.960,29.949
4303,143.659623,2.172,30.259,0.567,0.003,33.017,1,29.960,29.972
4304,143.693577,1.146,32.188,0.612,0.003,33.965,1,29.959,29.931
4305,143.728240,0.547,33.450,0.575,0.003,34.591,1,29.959,29.859
4306,143.762858,0.544,33.445,0.542,0.003,34.550,1,29.959,29.798
4307,143.796427,0.850,32.124,0.605,0.003,33.601,1,29.959,29.794
4308,143.830099,0.554,32.457,0.587,0.004,33.619,1,29.959,29.790
4309,143.863539,0.567,32.228,0.669,0.003,33.484,1,29.959,29.792
4310,143.896929,0.551,32.113,0.617,0.003,33.302,1,29.959,29.802
4311,143.930385,0.546,32.236,0.609,0.002,33.411,1,29.959,29.806
4312,143.963760,0.549,32.163,0.586,0.003,33.318,1,29.959,29.814
4313,143.996994,0.551,32.042,0.579,0.002,33.191,1,29.959,29.827
4314,144.030247,0.545,32.077,0.572,0.003,33.213,1,29.959,29.837
4315,144.068774,0.570,37.329,0.558,0.003,38.474,1,29.958,29.660
4316,144.100015,0.476,30.163,0.578,0.003,31.237,1,29.958,29.743
4317,144.131011,0.564,29.796,0.545,0.003,30.924,1,29.959,29.831
4318,144.162060,0.596,29.853,0.592,0.003,31.061,1,29.959,29.908
4319,144.193416,0.552,30.159,0.559,0.003,31.288,1,29.960,29.973
4320,144.225819,1.294,30.497,0.557,0.003,32.366,1,29.960,30.002
4321,144.273304,1.751,45.050,0.591,0.004,47.414,1,29.957,21.048
4322,144.298402,0.572,23.878,0.566,0.002,25.034,1,29.959,27.555
4323,144.318815,0.524,19.270,0.503,0.003,20.316,1,29.961,32.281
4324,144.352193,9.999,22.827,0.513,0.002,33.356,1,29.961,31.666
4325,144.387450,9.368,25.325,0.583,0.003,35.296,1,29.961,30.932
4326,144.428075,8.179,31.811,0.573,0.003,40.584,1,29.959,29.665
4327,144.459866,0.573,30.592,0.630,0.003,31.817,1,29.960,29.900
4328,144.494354,2.235,31.563,0.632,0.004,34.452,1,29.960,29.784
4329,144.527765,0.596,32.123,0.622,0.003,33.361,1,29.960,29.801
4330,144.560377,0.646,31.286,0.757,0.003,32.711,1,29.960,29.873
4331,144.594210,1.406,31.608,0.579,0.003,33.614,1,29.960,29.859
4332,144.625017,0.551,29.622,0.575,0.003,30.767,1,29.960,30.060
4333,144.664316,2.959,35.709,0.544,0.003,39.233,1,29.959,29.648
4334,144.697921,0.545,32.461,0.518,0.003,33.543,1,29.959,29.658
4335,144.730321,0.532,31.119,0.544,0.003,32.214,1,29.959,29.734
4336,144.761754,0.545,30.290,0.552,0.002,31.405,1,29.959,29.855
4337,144.793328,0.530,30.442,0.610,0.003,31.600,1,29.960,29.953
4338,144.825825,1.647,30.186,0.551,0.004,32.403,1,29.960,30.000
4339,144.859149,2.159,30.558,0.615,0.003,33.353,1,29.960,29.998
4340,144.892920,2.273,30.828,0.561,0.003,33.682,1,29.960,29.981
4341,144.926146,1.916,30.695,0.606,0.003,33.238,1,29.960,29.984
4342,144.960892,1.712,32.370,0.583,0.003,34.685,1,29.960,29.928
4343,144.992933,0.550,30.852,0.605,0.004,32.027,1,29.960,29.981
4344,145.025084,1.356,30.133,0.570,0.003,32.078,1,29.960,30.027
4345,145.058500,2.185,30.606,0.756,0.004,33.570,1,29.960,30.017
4346,145.092824,2.560,30.945,0.581,0.003,34.107,1,29.960,29.988
4347,145.126131,1.901,30.768,0.567,0.003,33.256,1,29.960,29.990
4348,145.159744,1.420,31.572,0.646,0.004,33.660,1,29.960,29.978
4349,145.193373,1.179,31.746,0.637,0.004,33.586,1,29.960,29.970
4350,145.226797,0.552,32.176,0.593,0.004,33.342,1,29.960,29.970
4351,145.272183,0.587,44.072,0.582,0.003,45.262,1,29.957,22.045
4352,145.304612,0.572,31.220,0.368,0.003,32.175,1,29.958,25.781
4353,145.334123,0.472,28.633,0.532,0.003,29.654,1,29.958,27.972
4354,145.363857,0.616,28.536,0.571,0.003,29.743,1,29.959,29.192
4355,145.393996,0.534,28.982,0.398,0.002,29.927,1,29.960,29.942
4356,145.426148,1.089,30.627,0.571,0.003,32.307,1,29.960,30.103
4357,145.460374,3.713,29.886,0.555,0.003,34.175,1,29.960,29.975
4358,145.491870,0.700,30.188,0.558,0.003,31.465,1,29.960,30.186
4359,145.524783,1.812,30.491,0.604,0.003,32.928,1,29.960,30.203
4360,145.560013,3.718,30.849,0.754,0.003,35.342,1,29.960,29.997
4361,145.592537,0.555,31.158,0.550,0.004,32.284,1,29.960,30.081
4362,145.627146,1.653,32.351,0.669,0.003,34.694,1,29.960,29.969
4363,145.657168,0.805,28.486,0.477,0.003,29.786,1,29.961,30.216
4364,145.689058,2.358,29.005,0.475,0.003,31.858,1,29.961,30.295
4365,145.726665,4.931,32.148,0.609,0.003,37.711,1,29.960,30.008
4366,145.760203,0.653,32.220,0.619,0.003,33.512,1,29.960,29.995
4367,145.794043,1.040,32.128,0.625,0.003,33.814,1,29.960,29.968
4368,145.828032,1.575,31.729,0.579,0.003,33.905,1,29.960,29.940
4369,145.864421,0.547,35.205,0.547,0.003,36.319,1,29.959,29.801
4370,145.895995,0.564,30.409,0.542,0.003,31.534,1,29.960,29.889
4371,145.927504,0.528,30.386,0.672,0.003,31.604,1,29.960,29.967
4372,145.958250,0.524,29.499,0.494,0.003,30.536,1,29.961,30.082
4373,145.990084,2.492,28.795,0.494,0.003,31.802,1,29.961,30.137
4374,146.023263,4.008,28.623,0.524,0.003,33.176,1,29.961,30.136
4375,146.055849,2.461,29.553,0.677,0.003,32.712,1,29.961,30.152
4376,146.088191,2.479,29.130,0.519,0.003,32.147,1,29.961,30.187
4377,146.126395,7.061,30.570,0.583,0.003,38.237,1,29.960,30.014
4378,146.158546,0.785,30.726,0.606,0.004,32.139,1,29.960,30.051
4379,146.194618,2.356,33.051,0.625,0.003,36.054,1,29.960,29.964
4380,146.226462,0.616,30.546,0.597,0.004,31.779,1,29.960,30.010
4381,146.273876,0.907,45.782,0.574,0.003,47.283,1,29.957,21.107
4382,146.297420,0.605,22.311,0.547,0.003,23.482,1,29.959,28.210
4383,146.319544,0.551,20.972,0.559,0.003,22.101,1,29.962,32.247
4384,146.353900,8.149,25.595,0.524,0.003,34.289,1,29.962,31.409
4385,146.388874,6.489,27.905,0.580,0.004,34.998,1,29.961,30.791
4386,146.423963,4.794,29.657,0.531,0.004,35.005,1,29.961,30.392
4387,146.462580,4.822,33.207,0.605,0.004,38.658,1,29.960,29.647
4388,146.493516,0.636,29.636,0.544,0.003,30.835,1,29.960,29.964
4389,146.527187,2.148,30.926,0.642,0.003,33.736,1,29.960,29.925
4390,146.557829,0.769,29.176,0.662,0.003,30.627,1,29.961,30.173
4391,146.591421,3.700,29.173,0.583,0.003,33.477,1,29.961,30.143
4392,146.625699,3.401,30.243,0.571,0.003,34.234,1,29.961,30.060
4393,146.658692,2.803,29.563,0.532,0.004,32.917,1,29.961,30.082
4394,146.693028,1.964,31.788,0.557,0.003,34.329,1,29.960,30.010
4395,146.727847,3.053,31.156,0.603,0.004,34.833,1,29.960,29.918
4396,146.759336,0.538,30.294,0.606,0.004,31.459,1,29.960,30.026
4397,146.792780,1.533,31.248,0.569,0.003,33.371,1,29.960,30.021
4398,146.826232,2.058,30.768,0.618,0.003,33.466,1,29.960,30.011
4399,146.860856,2.514,31.433,0.543,0.003,34.510,1,29.960,29.953
4400,146.891825,0.518,29.856,0.534,0.003,30.927,1,29.961,30.062
4401,146.925960,3.594,29.952,0.600,0.004,34.168,1,29.961,30.022
4402,146.958346,1.411,30.314,0.525,0.003,32.269,1,29.961,30.063
4403,146.991597,3.207,29.468,0.581,0.003,33.276,1,29.961,30.061
4404,147.026018,2.459,31.327,0.554,0.003,34.361,1,29.961,30.019
4405,147.060843,2.417,31.803,0.698,0.003,34.938,1,29.960,29.959
4406,147.094718,0.528,32.593,0.594,0.003,33.736,1,29.960,29.946
4407,147.124508,0.556,28.582,0.495,0.003,29.651,1,29.961,30.069
4408,147.157667,3.195,29.418,0.577,0.004,33.211,1,29.961,30.070
4409,147.194141,5.235,30.604,0.549,0.003,36.410,1,29.960,29.970
4410,147.229140,1.753,32.643,0.636,0.003,35.053,1,29.960,29.919
4411,147.277413,0.614,46.662,0.485,0.003,48.005,1,29.957,20.786
4412,147.309618,0.526,31.152,0.502,0.003,32.198,1,29.957,24.897
4413,147.339930,0.551,29.177,0.458,0.003,30.234,1,29.958,27.126
4414,147.370819,0.548,29.837,0.528,0.003,30.931,1,29.958,28.257
4415,147.401676,0.625,29.651,0.387,0.003,30.679,1,29.959,29.024
4416,147.431451,0.477,28.874,0.568,0.003,29.934,1,29.960,29.669
4417,147.460823,0.531,28.223,0.539,0.003,29.312,1,29.960,30.228
4418,147.490916,0.522,28.982,0.547,0.003,30.069,1,29.961,30.572
4419,147.524641,2.328,30.798,0.551,0.004,33.698,1,29.961,30.467
4420,147.560163,4.470,30.446,0.685,0.003,35.624,1,29.961,30.206
4421,147.591329,0.536,29.890,0.606,0.004,31.051,1,29.961,30.374
4422,147.626263,3.786,30.485,0.620,0.003,34.914,1,29.961,30.220
4423,147.661505,0.919,33.645,0.628,0.003,35.213,1,29.960,30.069
4424,147.693042,0.537,30.314,0.592,0.003,31.462,1,29.961,30.183
4425,147.724311,0.555,30.068,0.549,0.003,31.192,1,29.961,30.299
4426,147.757880,3.485,29.481,0.549,0.003,33.535,1,29.961,30.266
4427,147.791900,3.073,30.341,0.577,0.003,34.012,1,29.961,30.212
4428,147.825906,2.239,31.134,0.603,0.003,33.997,1,29.961,30.165
4429,147.858935,0.987,31.380,0.602,0.003,32.990,1,29.961,30.171
4430,147.891887,1.387,30.908,0.598,0.003,32.914,1,29.961,30.180
4431,147.924773,1.317,30.914,0.556,0.004,32.806,1,29.961,30.192
4432,147.960029,3.063,31.583,0.581,0.003,35.248,1,29.961,30.103
4433,147.992354,0.546,31.145,0.566,0.003,32.275,1,29.961,30.139
4434,148.024934,0.549,31.192,0.548,0.003,32.309,1,29.961,30.162
4435,148.058381,2.299,30.546,0.719,0.004,33.585,1,29.961,30.146
4436,148.092790,2.722,30.911,0.606,0.003,34.259,1,29.961,30.106
4437,148.124794,0.783,30.556,0.625,0.003,31.987,1,29.961,30.146
4438,148.158392,2.634,30.278,0.566,0.003,33.499,1,29.961,30.134
4439,148.190870,2.130,29.728,0.522,0.003,32.402,1,29.961,30.158
4440,148.224284,2.132,30.705,0.552,0.003,33.409,1,29.961,30.149
4441,148.277244,2.762,49.527,0.396,0.003,52.702,1,29.957,18.942
4442,148.306812,0.497,28.635,0.570,0.003,29.722,1,29.958,24.232
4443,148.329923,0.632,21.847,0.508,0.003,23.006,1,29.960,28.413
4444,148.353482,0.496,22.506,0.527,0.003,23.547,1,29.962,30.969
4445,148.388472,6.549,27.863,0.487,0.003,34.917,1,29.962,30.467
4446,148.420838,5.996,25.835,0.519,0.003,32.368,1,29.962,30.533
4447,148.456463,5.688,29.364,0.520,0.003,35.594,1,29.962,30.155
4448,148.491761,3.485,31.239,0.984,0.004,35.732,1,29.961,29.862
4449,148.527099,2.013,32.278,0.672,0.003,34.984,1,29.961,29.710
4450,148.558304,0.558,29.921,0.774,0.004,31.276,1,29.961,29.919
4451,148.591089,0.696,31.251,0.524,0.003,32.490,1,29.961,29.992
4452,148.625027,2.902,30.459,0.540,0.003,33.922,1,29.961,29.946
4453,148.658198,2.134,30.442,0.602,0.003,33.198,1,29.961,29.957
4454,148.690394,1.024,30.514,0.521,0.003,32.080,1,29.961,30.039
4455,148.725112,2.671,31.471,0.587,0.004,34.751,1,29.961,29.949
4456,148.760201,2.869,31.576,0.569,0.004,35.034,1,29.961,29.855
4457,148.793647,1.049,31.771,0.649,0.003,33.491,1,29.961,29.853
4458,148.826268,0.570,31.342,0.640,0.003,32.573,1,29.961,29.897
4459,148.860818,0.811,33.040,0.576,0.003,34.445,1,29.961,29.849
4460,148.895875,1.273,33.162,0.534,0.004,34.990,1,29.960,29.781
4461,148.928928,0.537,31.758,0.627,0.003,32.944,1,29.960,29.800
4462,148.962030,0.570,31.848,0.556,0.003,32.995,1,29.961,29.821
4463,148.996368,0.535,33.194,0.535,0.003,34.283,1,29.960,29.791
4464,149.028146,0.525,30.667,0.571,0.003,31.783,1,29.961,29.856
4465,149.059639,0.541,30.327,0.747,0.003,31.636,1,29.961,29.921
4466,149.091326,0.528,30.353,0.627,0.004,31.533,1,29.961,29.985
4467,149.122913,1.154,29.743,0.406,0.003,31.319,1,29.962,30.051
4468,149.153047,1.529,28.159,0.510,0.003,30.216,1,29.962,30.149
4469,149.189972,5.925,30.437,0.606,0.003,36.990,1,29.962,30.029
4470,149.222275,3.674,27.964,0.495,0.002,32.154,1,29.962,30.062
4471,149.269309,3.537,42.889,0.475,0.003,46.920,1,29.959,21.275
4472,149.299342,0.526,28.984,0.631,0.003,30.160,1,29.960,25.909
4473,149.329520,0.562,28.932,0.542,0.003,30.054,1,29.960,27.964
4474,149.359884,0.539,29.233,0.554,0.003,30.345,1,29.961,29.057
4475,149.391463,0.532,30.438,0.672,0.003,31.663,1,29.961,29.524
4476,149.424873,1.992,30.687,0.680,0.003,33.382,1,29.961,29.590
4477,149.458327,2.415,30.297,0.589,0.003,33.322,1,29.961,29.644
4478,149.490728,0.809,30.944,0.573,0.003,32.348,1,29.962,29.793
4479,149.524510,1.581,31.573,0.507,0.003,33.679,1,29.962,29.778
4480,149.557577,2.541,29.968,0.665,0.003,33.194,1,29.962,29.810
4481,149.590114,1.891,29.929,0.565,0.002,32.403,1,29.962,29.899
4482,149.626358,2.924,32.702,0.568,0.003,36.215,1,29.961,29.692
4483,149.657913,0.543,30.391,0.567,0.004,31.523,1,29.962,29.837
4484,149.691627,1.768,31.320,0.675,0.003,33.784,1,29.961,29.818
4485,149.724187,2.166,29.660,0.515,0.003,32.361,1,29.962,29.885
4486,149.756088,2.543,28.790,0.492,0.003,31.844,1,29.962,29.974
4487,149.787272,2.583,28.060,0.534,0.003,31.196,1,29.962,30.087
4488,149.823161,5.965,29.341,0.502,0.004,35.886,1,29.962,29.956
4489,149.856822,3.009,30.038,0.581,0.003,33.648,1,29.962,29.939
4490,149.888970,2.807,28.704,0.541,0.003,32.074,1,29.962,29.997
4491,149.922747,2.875,30.306,0.576,0.003,33.779,1,29.962,29.977
4492,149.957785,2.765,31.636,0.547,0.003,34.969,1,29.962,29.910
4493,149.992807,2.680,31.739,0.570,0.003,35.010,1,29.961,29.847
4494,150.026433,0.546,32.456,0.567,0.003,33.589,1,29.961,29.843
4495,150.057010,0.548,29.408,0.722,0.003,30.699,1,29.962,29.942
4496,150.092999,3.218,31.991,0.558,0.003,35.786,1,29.961,29.858
4497,150.124520,0.814,30.096,0.578,0.002,31.508,1,29.962,29.923
4498,150.157489,2.288,30.045,0.527,0.003,32.880,1,29.962,29.939
4499,150.192230,2.954,31.203,0.614,0.003,34.793,1,29.961,29.895
4500,150.225969,1.757,31.312,0.575,0.003,33.664,1,29.961,29.888
4501,150.272014,1.170,44.170,0.692,0.003,46.053,1,29.959,21.669
4502,150.304362,0.583,31.019,0.536,0.003,32.156,1,29.959,25.529
4503,150.336136,0.565,30.620,0.368,0.002,31.567,1,29.959,27.286
4504,150.365526,0.453,28.533,0.535,0.003,29.538,1,29.960,28.673
4505,150.395283,0.531,28.641,0.587,0.004,29.777,1,29.961,29.531
4506,150.426426,0.547,29.956,0.563,0.002,31.085,1,29.961,29.935
4507,150.457801,0.533,30.228,0.543,0.003,31.322,1,29.962,30.200
4508,150.492520,3.125,30.998,0.578,0.003,34.720,1,29.962,30.014
4509,150.525019,0.658,31.209,0.619,0.003,32.506,1,29.962,30.092
4510,150.559483,2.144,31.643,0.843,0.003,34.654,1,29.961,29.961
4511,150.592140,0.570,31.180,0.567,0.003,32.337,1,29.962,30.042
4512,150.624417,0.551,31.105,0.526,0.003,32.200,1,29.962,30.121
4513,150.658006,1.874,31.135,0.601,0.003,33.630,1,29.962,30.089
4514,150.693723,1.416,33.643,0.534,0.003,35.612,1,29.961,29.934
4515,150.723810,0.512,28.992,0.551,0.003,30.073,1,29.962,30.132
4516,150.757181,2.274,30.494,0.540,0.003,33.328,1,29.962,30.122
4517,150.790559,2.984,29.801,0.570,0.004,33.377,1,29.962,30.111
4518,150.825094,3.260,30.645,0.682,0.003,34.611,1,29.962,30.039
4519,150.856788,0.734,30.218,0.538,0.003,31.510,1,29.962,30.122
4520,150.891924,3.843,30.701,0.585,0.003,35.151,1,29.962,30.032
4521,150.923832,0.945,30.325,0.588,0.003,31.878,1,29.962,30.092
4522,150.956724,2.080,30.170,0.527,0.004,32.796,1,29.962,30.108
4523,150.990136,2.599,30.233,0.554,0.004,33.406,1,29.962,30.099
4524,151.024131,3.583,29.801,0.826,0.004,34.235,1,29.962,30.060
4525,151.059154,3.135,30.998,0.831,0.004,34.990,1,29.962,29.997
4526,151.090935,0.572,30.311,0.548,0.003,31.451,1,29.962,30.060
4527,151.122906,1.338,30.032,0.593,0.003,31.982,1,29.962,30.102
4528,151.156702,4.329,28.815,0.560,0.003,33.726,1,29.962,30.085
4529,151.192714,3.899,31.498,0.625,0.003,36.045,1,29.962,29.996
4530,151.224645,0.553,30.698,0.616,0.004,31.887,1,29.962,30.039
4531,151.275113,2.794,46.932,0.407,0.003,50.150,1,29.959,19.903
4532,151.312461,0.531,36.371,0.580,0.003,37.501,1,29.958,22.788
4533,151.343533,0.574,29.865,0.544,0.002,31.000,1,29.958,25.252
4534,151.372772,0.555,28.088,0.496,0.003,29.157,1,29.959,27.028
4535,151.402302,0.551,28.433,0.385,0.003,29.385,1,29.960,28.183
4536,151.431929,0.485,28.717,0.483,0.003,29.701,1,29.961,28.966
4537,151.461062,0.522,28.079,0.528,0.004,29.148,1,29.961,29.621
4538,151.490586,0.538,28.406,0.507,0.003,29.469,1,29.962,30.096
4539,151.522734,2.261,29.330,0.521,0.003,32.131,1,29.962,30.203
4540,151.554340,1.910,29.123,0.660,0.003,31.714,1,29.963,30.328
4541,151.590493,4.975,30.460,0.584,0.003,36.042,1,29.962,30.071
4542,151.624213,2.558,30.523,0.921,0.004,34.024,1,29.962,30.010
4543,151.657129,1.763,30.176,0.523,0.003,32.481,1,29.962,30.066
4544,151.693890,2.486,33.699,0.629,0.004,36.837,1,29.962,29.835
4545,151.724706,0.539,29.589,0.517,0.003,30.663,1,29.962,30.003
4546,151.755148,1.494,28.378,0.618,0.004,30.511,1,29.963,30.161
4547,151.789808,3.971,30.014,0.510,0.004,34.514,1,29.962,30.086
4548,151.824831,2.937,31.525,0.566,0.003,35.048,1,29.962,29.994
4549,151.858101,1.694,30.953,0.621,0.003,33.289,1,29.962,29.995
4550,151.894486,0.717,34.989,0.600,0.004,36.328,1,29.961,29.859
4551,151.927887,0.643,32.099,0.555,0.003,33.318,1,29.961,29.865
4552,151.958407,0.533,29.381,0.567,0.004,30.501,1,29.962,29.985
4553,151.991991,1.753,31.206,0.615,0.003,33.596,1,29.962,29.974
4554,152.024099,0.559,30.879,0.618,0.003,32.078,1,29.962,30.021
4555,152.057984,1.911,31.297,0.771,0.003,34.002,1,29.962,29.995
4556,152.091182,1.083,31.279,0.642,0.003,33.026,1,29.962,30.004
4557,152.123658,0.903,30.872,0.675,0.004,32.472,1,29.962,30.031
4558,152.156398,1.615,30.392,0.549,0.003,32.577,1,29.962,30.053
4559,152.192009,3.413,31.592,0.623,0.004,35.650,1,29.962,29.979
4560,152.226336,1.025,32.622,0.534,0.003,34.200,1,29.962,29.952
4561,152.271858,0.533,44.338,0.625,0.003,45.516,1,29.959,21.929
4562,152.302413,0.574,29.301,0.379,0.002,30.268,1,29.960,26.347
4563,152.333460,0.454,30.179,0.382,0.002,31.029,1,29.961,28.048
4564,152.363475,0.446,29.150,0.594,0.003,30.209,1,29.961,29.157
4565,152.393850,0.543,29.185,0.567,0.003,30.314,1,29.962,29.844
4566,152.424960,0.529,29.962,0.593,0.004,31.105,1,29.962,30.201
4567,152.457607,2.116,29.877,0.544,0.002,32.556,1,29.962,30.268
4568,152.495066,1.863,35.001,0.583,0.003,37.466,1,29.962,29.765
4569,152.527015,0.551,30.707,0.573,0.003,31.853,1,29.962,29.929
4570,152.561364,0.915,32.806,0.758,0.003,34.501,1,29.962,29.829
4571,152.594786,0.554,32.051,0.599,0.003,33.223,1,29.962,29.850
4572,152.630041,0.624,33.975,0.549,0.003,35.169,1,29.961,29.724
4573,152.665996,0.554,34.798,0.867,0.003,36.238,1,29.961,29.547
4574,152.695951,0.507,28.536,0.559,0.003,29.619,1,29.961,29.811
4575,152.728794,0.545,31.688,0.511,0.003,32.762,1,29.962,29.855
4576,152.761723,0.532,31.834,0.568,0.003,32.954,1,29.962,29.884
4577,152.795625,0.538,32.743,0.652,0.003,33.954,1,29.961,29.856
4578,152.830855,0.537,33.987,0.587,0.003,35.130,1,29.961,29.774
4579,152.863029,0.615,30.915,0.511,0.003,32.059,1,29.961,29.843
4580,152.892912,0.561,28.761,0.511,0.003,29.852,1,29.962,30.006
4581,152.922897,0.520,28.907,0.498,0.003,29.941,1,29.963,30.150
4582,152.958350,4.749,30.154,0.567,0.004,35.492,1,29.962,30.053
4583,152.990824,1.798,30.053,0.538,0.003,32.408,1,29.962,30.086
4584,153.024503,2.830,30.259,0.542,0.003,33.650,1,29.962,30.069
4585,153.057379,2.446,29.835,0.692,0.004,32.996,1,29.962,30.077
4586,153.096323,1.791,36.403,0.623,0.004,38.839,1,29.961,29.883
4587,153.127817,0.565,30.052,0.622,0.003,31.260,1,29.962,29.948
4588,153.159282,0.558,30.228,0.622,0.003,31.428,1,29.962,30.010
4589,153.191386,0.524,30.905,0.650,0.004,32.099,1,29.962,30.047
4590,153.224163,1.723,30.349,0.606,0.004,32.701,1,29.963,30.063
4591,153.274784,3.199,46.683,0.420,0.003,50.320,1,29.959,19.834
4592,153.305543,0.606,29.687,0.477,0.003,30.788,1,29.960,24.620
4593,153.335327,0.524,28.733,0.493,0.003,29.768,1,29.960,27.018
4594,153.365672,0.523,29.278,0.521,0.003,30.341,1,29.961,28.287
4595,153.394886,0.531,28.112,0.548,0.003,29.209,1,29.962,29.300
4596,153.425581,0.579,29.514,0.584,0.003,30.697,1,29.962,29.794
4597,153.456660,0.885,29.554,0.560,0.003,31.018,1,29.963,30.116
4598,153.490914,3.479,30.159,0.530,0.003,34.190,1,29.963,30.001
4599,153.522786,1.117,30.172,0.518,0.003,31.826,1,29.963,30.149
4600,153.556214,2.709,30.149,0.678,0.003,33.558,1,29.963,30.111
4601,153.589970,2.954,30.065,0.543,0.003,33.582,1,29.963,30.077
4602,153.623487,2.407,30.490,0.738,0.003,33.657,1,29.963,30.042
4603,153.655947,2.164,29.501,0.552,0.003,32.238,1,29.963,30.113
4604,153.698162,3.732,37.877,0.596,0.003,42.226,1,29.961,29.537
4605,153.728789,0.554,29.420,0.580,0.003,30.574,1,29.962,29.727
4606,153.760405,0.549,30.433,0.597,0.002,31.598,1,29.962,29.839
4607,153.791555,0.527,29.974,0.596,0.002,31.116,1,29.963,29.963
4608,153.824232,0.810,31.218,0.557,0.003,32.604,1,29.963,30.000
4609,153.857627,1.689,31.095,0.589,0.003,33.394,1,29.963,29.995
4610,153.892464,2.002,32.190,0.574,0.003,34.787,1,29.962,29.929
4611,153.926247,0.545,32.608,0.604,0.003,33.778,1,29.962,29.912
4612,153.959028,0.552,31.570,0.582,0.003,32.723,1,29.962,29.939
4613,153.992195,0.925,31.605,0.573,0.004,33.125,1,29.962,29.949
4614,154.025043,0.898,31.322,0.602,0.003,32.843,1,29.963,29.968
4615,154.056564,0.569,30.291,0.747,0.004,31.630,1,29.963,30.029
4616,154.089955,2.134,30.448,0.605,0.003,33.208,1,29.963,30.031
4617,154.124040,2.265,31.157,1.038,0.004,34.482,1,29.963,29.990
4618,154.155727,0.535,30.056,0.574,0.003,31.185,1,29.963,30.059
4619,154.192254,4.107,31.790,0.775,0.003,36.691,1,29.962,29.951
4620,154.223920,0.574,30.275,0.587,0.003,31.455,1,29.963,30.008
4621,154.269609,1.211,43.774,0.391,0.002,45.392,1,29.960,21.988
4622,154.306338,0.486,35.813,0.532,0.003,36.850,1,29.960,24.286
4623,154.336554,0.571,29.060,0.456,0.003,30.102,1,29.960,26.669
4624,154.367313,0.504,29.754,0.445,0.003,30.718,1,29.961,27.926
4625,154.395857,0.491,27.568,0.503,0.003,28.578,1,29.962,29.097
4626,154.425451,0.521,28.523,0.510,0.003,29.570,1,29.963,29.785
4627,154.454929,0.527,28.395,0.494,0.003,29.433,1,29.963,30.316
4628,154.486525,2.427,28.626,0.512,0.003,31.584,1,29.964,30.474
4629,154.521267,4.516,29.662,0.575,0.003,34.772,1,29.963,30.270
4630,154.554332,3.100,29.336,0.678,0.003,33.136,1,29.963,30.258
4631,154.591345,5.004,31.272,0.703,0.004,37.004,1,29.963,29.930
4632,154.625552,0.544,32.901,0.555,0.003,34.019,1,29.963,29.881
4633,154.656386,0.543,29.684,0.522,0.003,30.767,1,29.963,30.066
4634,154.688270,2.241,29.072,0.552,0.003,31.884,1,29.963,30.153
4635,154.721372,2.879,29.617,0.519,0.003,33.035,1,29.963,30.159
4636,154.754665,2.366,30.357,0.494,0.003,33.237,1,29.963,30.152
4637,154.787275,2.693,29.373,0.541,0.003,32.626,1,29.964,30.179
4638,154.821921,3.746,30.305,0.545,0.003,34.616,1,29.963,30.103
4639,154.859439,3.562,33.353,1.037,0.003,37.975,1,29.962,29.876
4640,154.898695,0.533,37.631,0.592,0.003,38.774,1,29.961,29.640
4641,154.928702,0.822,28.507,0.531,0.003,29.877,1,29.962,29.799
4642,154.959766,0.540,29.943,0.548,0.003,31.051,1,29.963,29.900
4643,154.992850,0.843,31.639,0.572,0.003,33.075,1,29.963,29.913
4644,155.025991,0.541,31.971,0.574,0.003,33.106,1,29.963,29.923
4645,155.058557,0.535,31.405,0.746,0.003,32.707,1,29.963,29.948
4646,155.090154,0.611,30.179,0.537,0.003,31.347,1,29.963,30.017
4647,155.121182,1.529,28.910,0.561,0.004,31.022,1,29.964,30.093
4648,155.156927,4.246,30.881,0.635,0.003,35.786,1,29.963,30.009
4649,155.190357,2.453,30.281,0.579,0.004,33.334,1,29.963,30.008
4650,155.223534,1.726,30.816,0.672,0.004,33.235,1,29.963,30.009
4651,155.275261,2.428,48.504,0.391,0.003,51.340,1,29.960,19.443
4652,155.305865,0.504,29.641,0.609,0.003,30.773,1,29.960,24.315
4653,155.335554,0.585,28.437,0.616,0.003,29.658,1,29.961,26.797
4654,155.366158,0.553,29.382,0.546,0.003,30.499,1,29.961,28.073
4655,155.397589,0.548,30.286,0.550,0.003,31.402,1,29.962,28.749
4656,155.427749,0.559,28.998,0.568,0.004,30.144,1,29.962,29.398
4657,155.458942,0.550,30.019,0.547,0.003,31.135,1,29.963,29.753
4658,155.497668,0.569,37.556,0.543,0.003,38.686,1,29.962,29.198
4659,155.528033,0.553,29.217,0.551,0.003,30.339,1,29.962,29.570
4660,155.559224,0.547,30.041,0.748,0.004,31.356,1,29.963,29.784
4661,155.590563,0.547,29.987,0.614,0.004,31.167,1,29.963,29.976
4662,155.623329,1.572,30.526,0.793,0.004,32.912,1,29.963,30.007
4663,155.656569,1.484,30.904,0.791,0.003,33.199,1,29.963,30.013
4664,155.690594,2.024,31.155,0.632,0.004,33.833,1,29.963,29.978
4665,155.724448,1.844,31.320,0.565,0.003,33.749,1,29.963,29.952
4666,155.756788,0.773,30.947,0.620,0.003,32.361,1,29.963,30.008
4667,155.789617,1.710,30.440,0.530,0.003,32.699,1,29.963,30.039
4668,155.825185,3.446,31.537,0.606,0.003,35.610,1,29.963,29.922
4669,155.856163,0.522,29.800,0.568,0.003,30.908,1,29.963,30.039
4670,155.890977,2.826,31.364,0.562,0.003,34.773,1,29.963,29.971
4671,155.926239,1.411,33.232,0.564,0.004,35.228,1,29.963,29.890
4672,155.960901,0.543,33.502,0.568,0.003,34.631,1,29.963,29.841
4673,155.995288,0.545,33.219,0.643,0.003,34.426,1,29.962,29.804
4674,156.025802,0.534,29.287,0.597,0.003,30.437,1,29.963,29.918
4675,156.054516,0.546,27.515,0.686,0.003,28.767,1,29.964,30.085
4676,156.093726,2.626,35.844,0.533,0.003,39.023,1,29.963,29.884
4677,156.124988,0.527,30.149,0.639,0.003,31.336,1,29.963,29.953
4678,156.156923,0.556,30.682,0.544,0.003,31.801,1,29.963,30.003
4679,156.190175,2.003,30.652,0.548,0.003,33.222,1,29.963,30.005
4680,156.222359,1.610,29.974,0.524,0.003,32.127,1,29.964,30.040
4681,156.269033,3.050,42.980,0.566,0.003,46.616,1,29.961,21.411
4682,156.293419,0.570,23.194,0.577,0.003,24.361,1,29.963,28.129
4683,156.314392,0.525,19.817,0.492,0.003,20.852,1,29.965,32.612
4684,156.344258,9.423,19.901,0.482,0.003,29.826,1,29.966,32.828
4685,156.384239,13.762,25.686,0.463,0.002,39.931,1,29.965,30.901
4686,156.420431,8.565,27.121,0.541,0.003,36.244,1,29.964,30.291
4687,156.458066,5.051,31.992,0.612,0.003,37.675,1,29.963,29.688
4688,156.489913,0.566,30.613,0.550,0.003,31.749,1,29.963,29.899
4689,156.524145,2.361,31.269,0.548,0.003,34.199,1,29.963,29.821
4690,156.556984,0.970,31.266,0.826,0.002,33.084,1,29.963,29.858
4691,156.589951,1.059,31.020,0.606,0.003,32.705,1,29.963,29.919
4692,156.622653,1.796,30.246,0.570,0.003,32.633,1,29.964,29.975
4693,156.658241,2.139,32.825,0.627,0.003,35.612,1,29.963,29.818
4694,156.698452,0.550,38.975,0.593,0.003,40.139,1,29.962,29.402
4695,156.728943,0.467,29.304,0.608,0.003,30.398,1,29.962,29.606
4696,156.760509,0.572,30.328,0.572,0.003,31.492,1,29.963,29.729
4697,156.793257,0.532,31.592,0.566,0.003,32.710,1,29.963,29.776
4698,156.827548,0.540,33.131,0.634,0.003,34.324,1,29.963,29.738
4699,156.860353,0.546,31.569,0.578,0.003,32.713,1,29.963,29.779
4700,156.894615,0.545,33.085,0.614,0.004,34.265,1,29.963,29.747
4701,156.927197,0.643,31.267,0.623,0.003,32.554,1,29.963,29.790
4702,156.960691,0.564,32.248,0.641,0.003,33.475,1,29.963,29.793
4703,156.994201,0.572,32.239,0.677,0.004,33.509,2,29.963,29.793
4704,157.026960,0.562,31.462,0.808,0.003,32.855,1,29.963,29.818
4705,157.060595,0.557,32.203,0.594,0.003,33.374,1,29.963,29.822
4706,157.093139,0.559,31.334,0.520,0.003,32.432,1,29.963,29.859
4707,157.126462,0.490,32.265,0.567,0.003,33.341,1,29.963,29.863
4708,157.159307,0.519,31.704,0.637,0.002,32.879,1,29.963,29.881
4709,157.193241,0.525,32.719,0.640,0.003,33.903,2,29.963,29.867
4710,157.227016,0.542,32.540,0.534,0.003,33.634,1,29.963,29.861
4711,157.276160,0.514,47.946,0.702,0.003,49.183,1,29.960,20.283
4712,157.306031,0.582,28.528,0.676,0.002,29.802,2,29.961,25.270
4713,157.327846,0.483,20.489,0.509,0.003,21.498,1,29.963,29.764
4714,157.353847,0.498,24.947,0.490,0.003,25.953,1,29.964,31.552
4715,157.385674,5.216,26.072,0.507,0.003,31.813,1,29.965,31.522
4716,157.423177,6.421,30.523,0.604,0.003,37.568,2,29.964,30.578
4717,157.454378,1.559,28.985,0.700,0.003,31.264,1,29.964,30.767
4718,157.489078,2.804,31.140,0.602,0.003,34.569,1,29.964,30.521
4719,157.526327,3.791,32.800,0.564,0.003,37.177,1,29.963,30.067
4720,157.557368,0.527,29.898,0.818,0.003,31.263,2,29.964,30.246
4721,157.588795,0.589,29.963,0.508,0.003,31.077,1,29.964,30.408
4722,157.624313,3.311,31.647,0.723,0.003,35.703,2,29.964,30.191
4723,157.656393,0.555,30.744,0.684,0.003,32.003,2,29.964,30.267
4724,157.688480,0.734,30.612,0.595,0.003,31.961,1,29.964,30.335
4725,157.726672,3.677,33.863,0.643,0.003,38.204,2,29.963,30.015
4726,157.759036,0.650,31.018,0.600,0.003,32.288,1,29.963,30.071
4727,157.790802,0.544,30.486,0.567,0.003,31.618,1,29.964,30.152
4728,157.823598,0.649,31.524,0.885,0.004,33.082,2,29.964,30.155
4729,157.856294,0.998,30.749,0.567,0.004,32.335,1,29.964,30.192
4730,157.895652,2.033,36.701,0.650,0.003,39.405,1,29.963,29.907
4731,157.927554,0.558,30.640,0.591,0.003,31.806,1,29.963,29.975
4732,157.959837,0.535,31.106,0.575,0.003,32.235,1,29.963,30.020
4733,157.991341,0.553,30.320,0.671,0.004,31.565,1,29.964,30.087
4734,158.024626,0.915,31.642,0.521,0.003,33.098,1,29.964,30.091
4735,158.057434,0.533,31.702,0.570,0.004,32.826,1,29.964,30.104
4736,158.089580,1.354,30.163,0.556,0.003,32.093,1,29.964,30.142
4737,158.123277,2.774,30.312,0.611,0.003,33.716,1,29.964,30.123
4738,158.155966,1.213,30.809,0.639,0.002,32.681,2,29.964,30.139
4739,158.189208,2.118,30.433,0.577,0.003,33.148,1,29.964,30.138
4740,158.225915,3.318,32.757,0.634,0.003,36.730,2,29.963,30.030
4741,158.270053,0.566,42.807,0.730,0.003,44.127,1,29.961,22.613
4742,158.293982,0.576,22.560,0.508,0.003,23.664,1,29.963,29.443
4743,158.314580,0.512,19.526,0.497,0.003,20.552,1,29.966,33.893
4744,158.348785,10.087,23.575,0.518,0.003,34.198,1,29.965,32.589
4745,158.385336,8.796,27.185,0.519,0.003,36.519,1,29.965,31.389
4746,158.424368,5.986,32.476,0.634,0.003,39.116,2,29.964,30.236
4747,158.455953,0.546,30.351,0.557,0.003,31.472,1,29.964,30.442
4748,158.499520,2.995,39.959,0.446,0.002,43.417,1,29.962,29.261
4749,158.529411,0.482,28.923,0.527,0.003,29.948,1,29.963,29.666
4750,158.560015,0.541,29.487,0.549,0.003,30.593,1,29.963,29.940
4751,158.591567,0.529,30.424,0.605,0.003,31.577,1,29.964,30.087
4752,158.621890,0.527,29.138,0.465,0.003,30.148,1,29.964,30.319
4753,158.653752,2.003,29.343,0.504,0.003,31.869,1,29.965,30.396
4754,158.686603,3.472,28.823,0.575,0.003,32.891,1,29.965,30.394
4755,158.722014,3.840,30.939,0.725,0.003,35.527,1,29.964,30.231
4756,158.755573,1.266,31.506,0.621,0.003,33.412,1,29.964,30.210
4757,158.787415,0.823,30.345,0.588,0.003,31.775,1,29.964,30.279
4758,158.823200,3.366,31.777,0.600,0.003,35.764,1,29.964,30.139
4759,158.855652,0.989,30.807,0.597,0.003,32.414,1,29.964,30.174
4760,158.887817,2.485,29.026,0.594,0.004,32.127,1,29.964,30.218
4761,158.923005,3.855,30.680,0.572,0.003,35.128,1,29.964,30.128
4762,158.955626,1.572,30.423,0.691,0.003,32.705,1,29.964,30.147
4763,158.988339,1.683,30.285,0.556,0.003,32.544,1,29.964,30.171
4764,159.022573,3.073,30.546,0.592,0.003,34.234,1,29.964,30.128
4765,159.059162,2.236,33.705,0.584,0.003,36.545,1,29.964,30.005
4766,159.097539,0.515,37.226,0.594,0.004,38.354,1,29.963,29.831
4767,159.128538,0.492,29.857,0.576,0.003,30.945,1,29.963,29.915
4768,159.159101,0.551,29.382,0.549,0.003,30.500,1,29.964,30.008
4769,159.190146,0.529,29.879,0.539,0.003,30.965,1,29.964,30.079
4770,159.220922,0.516,29.670,0.672,0.003,30.876,2,29.965,30.150
4771,159.269412,1.952,45.761,0.420,0.003,48.150,1,29.962,20.735
4772,159.299733,0.488,29.372,0.408,0.003,30.283,1,29.962,25.466
4773,159.330736,0.517,30.038,0.414,0.003,30.985,1,29.963,27.386
4774,159.359965,0.537,28.235,0.535,0.003,29.323,1,29.964,28.799
4775,159.391098,0.542,30.005,0.663,0.003,31.228,2,29.964,29.385
4776,159.421904,0.514,29.578,0.528,0.003,30.640,1,29.964,29.877
4777,159.455096,1.878,30.731,0.470,0.003,33.098,1,29.964,29.919
4778,159.485153,0.569,28.970,0.493,0.003,30.050,1,29.965,30.298
4779,159.521055,5.752,29.605,0.534,0.003,35.910,2,29.965,30.002
4780,159.551894,1.155,29.105,0.553,0.003,30.829,2,29.965,30.226
4781,159.586008,3.595,29.919,0.583,0.003,34.115,1,29.965,30.138
4782,159.622508,5.086,30.774,0.777,0.003,36.660,2,29.964,29.875
4783,159.655477,0.861,31.273,0.641,0.004,32.797,1,29.964,29.918
4784,159.691947,0.630,35.142,0.572,0.003,36.364,1,29.964,29.729
4785,159.723648,0.566,30.507,0.710,0.003,31.804,1,29.964,29.836
4786,159.755457,0.563,30.476,0.966,0.003,32.024,1,29.964,29.917
4787,159.787474,0.534,30.464,0.617,0.003,31.633,1,29.965,30.010
4788,159.822561,3.990,30.426,0.583,0.003,35.020,1,29.964,29.923
4789,159.854417,0.611,30.605,0.575,0.003,31.811,1,29.965,29.997
4790,159.887540,1.834,30.657,0.633,0.003,33.146,1,29.965,30.004
4791,159.922255,3.866,30.158,0.585,0.004,34.632,1,29.964,29.947
4792,159.954045,0.661,30.486,0.548,0.004,31.715,1,29.965,30.014
4793,159.986757,2.043,30.068,0.492,0.003,32.620,1,29.965,30.040
4794,160.022568,4.469,30.799,0.602,0.003,35.892,1,29.964,29.941
4795,160.054349,0.606,30.518,0.523,0.003,31.666,1,29.965,30.002
4796,160.088271,2.633,30.712,6.887,0.004,40.260,1,29.963,29.764
4797,160.126737,0.614,30.889,0.569,0.003,32.093,1,29.964,29.811
4798,160.158469,0.598,30.511,0.576,0.003,31.704,1,29.964,29.869
4799,160.190617,0.536,30.982,0.589,0.003,32.125,1,29.964,29.909
4800,160.223775,0.838,31.677,0.530,0.003,33.064,1,29.964,29.919
4801,160.270151,0.520,45.214,0.565,0.003,46.317,2,29.962,21.552
4802,160.309065,0.548,37.752,0.667,0.004,38.987,1,29.961,23.415
4803,160.340581,0.581,30.210,0.388,0.003,31.193,1,29.961,25.717
4804,160.372176,0.491,30.677,0.674,0.002,31.856,1,29.961,26.930
4805,160.402882,0.508,29.300,0.560,0.003,30.384,2,29.962,27.913
4806,160.433399,0.595,29.312,0.368,0.003,30.291,1,29.963,28.646
4807,160.463467,0.491,29.170,0.569,0.003,30.246,1,29.963,29.201
4808,160.492446,0.526,27.836,0.528,0.003,28.908,1,29.964,29.778
4809,160.523455,0.538,29.893,0.822,0.004,31.273,2,29.964,30.004
4810,160.554968,0.519,30.117,0.519,0.003,31.174,1,29.965,30.196
4811,160.585648,0.562,29.546,0.531,0.002,30.657,1,29.965,30.398
4812,160.621851,5.222,30.398,0.576,0.003,36.218,1,29.965,30.142
4813,160.655465,2.404,30.577,0.611,0.003,33.612,1,29.965,30.109
4814,160.688948,0.525,32.295,0.683,0.003,33.521,1,29.965,30.087
4815,160.723405,1.208,32.513,0.667,0.003,34.409,1,29.964,30.015
4816,160.754880,0.544,30.210,0.550,0.003,31.322,1,29.965,30.125
4817,160.788776,2.764,30.527,0.615,0.003,33.928,1,29.965,30.084
4818,160.823300,3.328,30.521,0.664,0.004,34.534,1,29.964,30.018
4819,160.855258,0.859,30.377,0.580,0.002,31.834,1,29.965,30.086
4820,160.894040,2.185,35.968,0.609,0.003,38.781,1,29.964,29.836
4821,160.925774,0.564,30.503,0.564,0.003,31.651,1,29.964,29.914
4822,160.957850,0.547,30.909,0.603,0.003,32.081,1,29.964,29.967
4823,160.990486,0.569,31.405,0.794,0.004,32.790,2,29.964,29.988
4824,161.022551,0.627,30.581,0.554,0.003,31.782,1,29.965,30.045
4825,161.055855,2.389,30.307,0.569,0.003,33.284,1,29.965,30.044
4826,161.088915,1.200,31.237,0.590,0.003,33.047,1,29.965,30.051
4827,161.124386,2.938,31.889,0.601,0.003,35.449,1,29.964,29.978
4828,161.158245,0.567,32.633,0.778,0.004,33.999,2,29.964,29.956
4829,161.191632,0.567,31.983,0.664,0.003,33.236,1,29.964,29.959
4830,161.223043,0.541,30.149,0.525,0.003,31.234,1,29.965,30.022
4831,161.269253,1.588,43.943,0.656,0.003,46.208,1,29.962,21.584
4832,161.300337,0.576,29.795,0.359,0.002,30.745,1,29.963,25.935
4833,161.330267,0.472,29.062,0.566,0.003,30.118,1,29.963,27.971
4834,161.360142,0.548,28.710,0.555,0.003,29.831,1,29.964,29.172
4835,161.391050,0.534,29.765,0.557,0.003,30.876,1,29.964,29.757
4836,161.422469,0.582,30.225,0.699,0.003,31.528,1,29.965,30.062
4837,161.455390,1.543,30.619,0.660,0.002,32.842,2,29.965,30.111
4838,161.494596,1.704,36.790,0.657,0.003,39.170,2,29.964,29.447
4839,161.525825,0.608,29.727,0.582,0.003,30.937,1,29.964,29.720
4840,161.557167,0.526,30.182,0.545,0.003,31.271,1,29.965,29.928
4841,161.590024,1.887,30.373,0.526,0.003,32.805,1,29.965,29.975
4842,161.621451,0.523,30.327,0.509,0.003,31.377,1,29.965,30.122
4843,161.656353,3.103,31.238,2.207,0.004,36.573,2,29.964,29.886
4844,161.688777,0.579,29.574,0.555,0.003,30.727,1,29.965,30.059
4845,161.723077,2.217,31.473,0.584,0.003,34.330,1,29.965,29.995
4846,161.755106,0.560,30.792,0.518,0.003,31.889,1,29.965,30.073
4847,161.787657,1.671,30.275,0.600,0.003,32.566,1,29.965,30.106
4848,161.820965,2.169,30.484,0.560,0.004,33.233,1,29.965,30.103
4849,161.855965,3.150,31.236,0.754,0.004,35.161,1,29.965,30.009
4850,161.888532,0.807,30.943,0.644,0.004,32.416,2,29.965,30.048
4851,161.922012,1.952,30.829,0.620,0.003,33.421,2,29.965,30.041
4852,161.954915,1.332,30.899,0.552,0.003,32.803,1,29.965,30.059
4853,161.988117,1.887,30.710,0.567,0.002,33.183,1,29.965,30.061
4854,162.021637,2.228,30.673,0.583,0.002,33.502,1,29.965,30.051
4855,162.054740,1.937,30.532,0.551,0.002,33.040,1,29.965,30.058
4856,162.093974,1.743,36.887,0.619,0.002,39.270,1,29.964,29.850
4857,162.125754,0.570,30.538,0.599,0.003,31.726,1,29.964,29.908
4858,162.158070,0.549,31.113,0.593,0.002,32.274,1,29.964,29.944
4859,162.190727,0.558,31.453,0.606,0.003,32.637,1,29.965,29.966
4860,162.223593,0.624,31.579,0.675,0.004,32.900,1,29.965,29.979
4861,162.267076,0.570,42.106,0.642,0.003,43.339,1,29.963,23.022
4862,162.291216,0.575,22.865,0.720,0.003,24.180,1,29.965,29.562
4863,162.314738,0.512,22.230,0.509,0.003,23.269,1,29.966,32.979
4864,162.344659,9.170,20.190,0.502,0.003,29.880,1,29.967,33.091
4865,162.384640,12.158,27.270,0.669,0.003,40.117,2,29.966,31.050
4866,162.420684,5.768,29.550,0.629,0.003,35.968,1,29.965,30.452
4867,162.456346,3.466,31.509,0.590,0.002,35.586,1,29.965,30.088
4868,162.488907,0.551,31.367,0.614,0.004,32.553,1,29.965,30.161
4869,162.522444,1.444,31.423,0.605,0.004,33.493,1,29.965,30.124
4870,162.555130,0.930,31.094,0.654,0.002,32.697,1,29.965,30.166
4871,162.587963,1.264,30.862,0.634,0.003,32.780,2,29.965,30.194
4872,162.622908,2.606,31.651,0.577,0.003,34.854,1,29.965,30.060
4873,162.655968,1.133,31.295,0.561,0.003,33.009,1,29.965,30.075
4874,162.691589,1.101,33.905,0.647,0.003,35.672,1,29.965,29.917
4875,162.725955,0.563,33.102,0.493,0.003,34.177,1,29.964,29.871
4876,162.759530,0.508,32.527,0.767,0.003,33.820,1,29.964,29.850
4877,162.792277,0.531,31.396,0.571,0.003,32.516,1,29.964,29.900
4878,162.826287,0.544,32.841,0.602,0.003,34.007,1,29.964,29.870
4879,162.860305,0.547,32.813,0.567,0.003,33.946,1,29.964,29.847
4880,162.893255,0.544,31.786,0.577,0.003,32.925,1,29.964,29.871
4881,162.924932,0.557,30.488,0.641,0.003,31.708,1,29.965,29.945
4882,162.956641,0.566,30.445,0.630,0.004,31.662,1,29.965,30.014
4883,162.988621,0.549,30.743,0.618,0.003,31.931,1,29.965,30.067
4884,163.021032,1.344,30.392,0.605,0.003,32.362,1,29.965,30.099
4885,163.054024,2.033,30.296,0.585,0.003,32.934,1,29.965,30.109
4886,163.087272,2.025,30.582,0.623,0.003,33.250,1,29.965,30.106
4887,163.120599,1.843,30.807,0.605,0.003,33.275,1,29.965,30.103
4888,163.155890,3.117,31.512,0.581,0.003,35.230,1,29.965,30.037
4889,163.188126,0.529,31.072,0.588,0.003,32.209,1,29.965,30.070
4890,163.223208,2.684,31.755,0.666,0.004,35.128,1,29.965,30.012
4891,163.269277,0.555,44.713,0.816,0.003,46.106,1,29.963,21.643
4892,163.306599,0.568,35.879,0.371,0.002,36.833,1,29.962,24.073
4893,163.336530,0.468,29.055,0.600,0.003,30.140,1,29.963,26.492
4894,163.366985,0.564,29.235,0.550,0.003,30.368,1,29.963,27.846
4895,163.398077,0.583,29.904,0.385,0.002,30.887,1,29.964,28.641
4896,163.428862,0.467,29.895,0.602,0.003,30.982,1,29.964,29.186
4897,163.458302,0.551,28.231,0.549,0.003,29.350,1,29.965,29.792
4898,163.488868,0.531,29.434,0.569,0.002,30.552,1,29.965,30.126
4899,163.520497,0.652,30.355,0.518,0.003,31.544,1,29.966,30.290
4900,163.555577,2.471,32.039,0.604,0.003,35.133,1,29.965,30.094
4901,163.587629,0.543,30.852,0.617,0.003,32.030,1,29.965,30.190
4902,163.622592,1.959,32.335,0.622,0.003,34.936,1,29.965,30.051
4903,163.656172,0.804,32.095,0.555,0.003,33.475,1,29.965,30.034
4904,163.688986,0.544,31.661,0.583,0.004,32.809,1,29.965,30.064
4905,163.722277,0.547,32.105,0.603,0.003,33.274,1,29.965,30.061
4906,163.754057,0.705,30.416,0.706,0.003,31.847,1,29.966,30.139
4907,163.788614,2.336,31.459,0.557,0.002,34.370,1,29.965,30.073
4908,163.821776,0.847,31.707,0.609,0.003,33.182,1,29.965,30.075
4909,163.855748,1.161,32.147,0.619,0.003,33.947,1,29.965,30.041
4910,163.891170,0.549,34.199,0.655,0.003,35.424,1,29.965,29.943
4911,163.925654,0.553,33.219,0.606,0.004,34.399,1,29.965,29.899
4912,163.959082,0.567,32.197,0.677,0.003,33.462,1,29.965,29.897
4913,163.991232,0.556,30.854,0.647,0.003,32.079,1,29.965,29.948
4914,164.023427,0.550,30.942,0.596,0.003,32.107,1,29.965,29.995
4915,164.054593,0.542,29.971,0.560,0.003,31.094,1,29.966,30.075
4916,164.086954,1.187,30.559,0.549,0.002,32.315,1,29.966,30.106
4917,164.120850,2.079,31.216,0.545,0.002,33.859,1,29.966,30.083
4918,164.153948,1.661,30.839,0.546,0.003,33.066,1,29.966,30.088
4919,164.188316,2.467,31.301,0.566,0.003,34.354,1,29.965,30.052
4920,164.221558,1.245,31.374,0.532,0.004,33.173,1,29.966,30.054
4921,164.270634,1.929,46.484,0.735,0.003,49.170,1,29.963,20.298
4922,164.295477,0.825,23.223,0.592,0.003,24.659,1,29.964,27.039
4923,164.316826,0.556,20.149,0.479,0.003,21.200,1,29.966,31.512
4924,164.342883,5.200,20.335,0.497,0.003,26.048,1,29.968,32.982
4925,164.381292,12.997,24.866,0.559,0.003,38.442,1,29.967,31.299
4926,164.416379,7.842,26.634,0.541,0.003,35.037,1,29.967,30.798
4927,164.454956,7.018,30.966,0.589,0.004,38.593,1,29.966,29.986
4928,164.489646,0.978,33.065,0.601,0.004,34.664,1,29.965,29.835
4929,164.523088,0.550,32.238,0.623,0.003,33.430,1,29.965,29.840
4930,164.555056,0.734,30.550,0.572,0.002,31.875,1,29.966,29.983
4931,164.587151,0.969,30.459,0.593,0.003,32.041,1,29.966,30.084
4932,164.621918,2.027,32.093,0.611,0.003,34.751,1,29.966,29.968
4933,164.655378,0.547,32.247,0.676,0.003,33.490,1,29.965,29.957
4934,164.688015,0.546,31.361,0.614,0.003,32.542,1,29.966,30.009
4935,164.721943,1.317,31.939,0.600,0.002,33.875,1,29.966,29.974
4936,164.753698,0.523,30.583,0.694,0.004,31.820,1,29.966,30.059
4937,164.788403,2.763,31.188,0.572,0.002,34.543,1,29.966,29.989
4938,164.820445,0.728,30.689,0.541,0.003,31.978,1,29.966,30.056
4939,164.853536,1.995,30.502,0.574,0.003,33.090,1,29.966,30.063
4940,164.887660,2.606,30.890,0.612,0.003,34.129,1,29.966,30.022
4941,164.920295,1.475,30.492,0.542,0.003,32.528,1,29.966,30.054
4942,164.953846,2.147,30.809,0.567,0.003,33.543,1,29.966,30.042
4943,164.987179,2.187,30.525,0.569,0.004,33.302,1,29.966,30.040
4944,165.021425,2.673,30.947,0.620,0.004,34.262,1,29.966,30.002
4945,165.053501,0.804,30.594,0.562,0.003,31.979,1,29.966,30.050
4946,165.089953,2.416,33.420,0.652,0.003,36.509,1,29.965,29.937
4947,165.124398,0.552,33.182,0.577,0.004,34.331,1,29.965,29.905
4948,165.156589,0.531,31.030,0.624,0.004,32.204,1,29.965,29.943
4949,165.189953,0.540,32.144,0.523,0.003,33.225,1,29.965,29.947
4950,165.222835,0.857,31.452,0.541,0.003,32.870,1,29.965,29.962
4951,165.267457,0.550,43.413,0.613,0.004,44.597,1,29.963,22.381
4952,165.289395,0.526,20.741,0.489,0.003,21.774,1,29.966,30.077
4953,165.310583,0.495,20.156,0.488,0.004,21.157,1,29.968,34.214
4954,165.343609,12.258,20.230,0.436,0.002,32.943,1,29.968,33.152
4955,165.381957,12.572,25.296,0.533,0.003,38.423,1,29.967,31.426
4956,165.416093,7.314,26.235,0.485,0.003,34.055,1,29.967,31.058
4957,165.453856,6.978,30.249,0.525,0.003,37.771,1,29.966,30.304
4958,165.486927,1.931,30.563,0.565,0.004,33.078,1,29.966,30.291
4959,165.521310,2.228,31.534,0.601,0.003,34.384,1,29.966,30.148
4960,165.554312,2.244,30.098,0.584,0.003,32.947,1,29.966,30.165
4961,165.586145,1.249,29.943,0.551,0.003,31.764,1,29.966,30.277
4962,165.620945,2.807,31.387,0.609,0.003,34.824,1,29.966,30.138
4963,165.655286,1.472,32.202,0.649,0.003,34.344,1,29.966,30.055
4964,165.691506,0.547,34.758,0.677,0.004,36.004,1,29.965,29.864
4965,165.725965,0.570,33.154,0.582,0.003,34.326,1,29.965,29.812
4966,165.757310,0.550,30.158,0.760,0.004,31.491,1,29.965,29.924
4967,165.788732,0.572,30.028,0.585,0.004,31.205,1,29.966,30.039
4968,165.820179,0.562,30.243,0.534,0.003,31.359,1,29.966,30.134
4969,165.855155,3.155,31.232,0.668,0.003,35.077,1,29.966,30.043
4970,165.887260,0.564,30.812,0.584,0.003,31.981,1,29.966,30.100
4971,165.920254,1.995,30.363,0.554,0.003,32.931,1,29.966,30.111
4972,165.954164,2.289,31.010,0.554,0.002,33.873,1,29.966,30.082
4973,165.987573,1.185,31.618,0.613,0.003,33.437,1,29.966,30.073
4974,166.022419,1.595,32.583,0.549,0.003,34.747,1,29.966,30.016
4975,166.055664,1.027,31.617,0.575,0.003,33.237,1,29.966,30.017
4976,166.087745,0.523,30.932,0.572,0.003,32.045,1,29.966,30.060
4977,166.122258,1.163,32.725,0.599,0.003,34.508,1,29.966,30.018
4978,166.155715,0.551,32.250,0.573,0.003,33.393,1,29.966,30.014
4979,166.187804,0.521,30.943,0.584,0.003,32.066,1,29.966,30.052
4980,166.222286,1.589,32.256,0.602,0.004,34.470,1,29.966,30.015
4981,166.269450,1.247,45.180,0.786,0.003,47.237,1,29.963,21.126
4982,166.293454,0.577,22.578,0.598,0.003,23.773,1,29.965,28.109
4983,166.316865,0.563,22.194,0.496,0.003,23.273,1,29.967,31.759
4984,166.348424,7.337,23.678,0.530,0.003,31.565,1,29.967,31.733
4985,166.384311,8.617,26.687,0.514,0.003,35.837,1,29.967,30.879
4986,166.419415,4.999,29.539,0.651,0.003,35.210,1,29.966,30.431
4987,166.455739,4.215,31.403,0.534,0.003,36.172,1,29.966,29.995
4988,166.486993,0.519,30.149,0.580,0.003,31.266,1,29.966,30.226
4989,166.519210,1.429,30.153,0.591,0.003,32.194,1,29.966,30.313
4990,166.553741,4.063,29.821,0.712,0.003,34.618,1,29.966,30.161
4991,166.588807,3.180,31.118,0.545,0.003,34.863,1,29.966,30.018
4992,166.620831,0.876,30.548,0.529,0.003,31.973,1,29.966,30.116
4993,166.653376,2.065,29.900,0.520,0.003,32.504,1,29.966,30.163
4994,166.686905,2.561,30.395,0.546,0.003,33.521,1,29.966,30.137
4995,166.721370,2.403,31.462,0.616,0.003,34.502,1,29.966,30.055
4996,166.754368,1.072,31.251,0.777,0.003,33.123,1,29.966,30.061
4997,166.787706,1.267,31.231,0.646,0.003,33.166,1,29.966,30.064
4998,166.821018,0.915,31.691,0.574,0.002,33.200,1,29.966,30.066
4999,166.854127,1.430,31.050,0.580,0.003,33.081,1,29.966,30.073
5000,166.887456,1.475,31.216,0.778,0.003,33.491,1,29.966,30.060
5001,166.923044,1.586,33.168,0.593,0.003,35.367,1,29.966,29.968
5002,166.955469,0.557,31.159,0.692,0.002,32.430,1,29.966,30.003
5003,166.988022,0.544,31.261,0.608,0.003,32.433,1,29.966,30.037
5004,167.020502,0.540,31.275,0.606,0.002,32.441,1,29.966,30.067
5005,167.053811,1.328,31.318,0.611,0.003,33.278,1,29.966,30.065
5006,167.087368,1.643,31.247,0.689,0.003,33.601,1,29.966,30.052
5007,167.120898,1.328,31.456,0.604,0.003,33.409,1,29.966,30.047
5008,167.153956,0.813,31.584,0.631,0.003,33.048,1,29.966,30.053
5009,167.188114,1.395,32.072,0.602,0.004,34.091,1,29.966,30.026
5010,167.221753,0.549,32.430,0.602,0.003,33.603,1,29.966,30.016
5011,167.266488,0.608,43.396,0.780,0.003,44.807,1,29.964,22.271
5012,167.299592,0.649,31.616,0.692,0.004,32.979,1,29.964,25.668
5013,167.332285,0.580,31.363,0.675,0.003,32.638,1,29.964,27.127
5014,167.364614,0.566,31.031,0.373,0.002,31.984,1,29.964,28.047
5015,167.395458,0.463,29.971,0.504,0.003,30.955,1,29.965,28.803
5016,167.425917,0.578,29.328,0.523,0.003,30.446,1,29.965,29.401
5017,167.457264,0.554,30.221,0.547,0.003,31.341,1,29.966,29.731
5018,167.488285,0.523,29.900,0.541,0.003,30.983,1,29.966,30.023
5019,167.520810,0.542,31.390,0.614,0.003,32.567,1,29.966,30.095
5020,167.551475,0.688,29.306,0.537,0.003,30.549,1,29.967,30.336
5021,167.585374,3.424,29.887,0.528,0.003,33.858,1,29.967,30.259
5022,167.619031,2.724,30.354,0.570,0.003,33.668,1,29.967,30.209
5023,167.652979,2.207,31.115,0.550,0.004,33.892,1,29.967,30.151
5024,167.688158,2.850,31.725,0.525,0.003,35.120,1,29.966,30.023
5025,167.718613,0.517,29.363,0.557,0.003,30.456,1,29.967,30.193
5026,167.752223,3.589,29.408,0.640,0.003,33.658,1,29.967,30.161
5027,167.784878,2.593,29.365,0.581,0.003,32.561,1,29.967,30.190
5028,167.819222,3.268,30.434,0.555,0.003,34.278,1,29.967,30.130
5029,167.853228,2.253,31.145,0.591,0.003,34.009,1,29.967,30.089
5030,167.886510,2.439,30.197,0.573,0.004,33.230,1,29.967,30.088
5031,167.919623,1.882,30.598,0.584,0.003,33.085,1,29.967,30.093
5032,167.951873,0.965,30.649,0.564,0.004,32.199,1,29.967,30.134
5033,167.988843,5.115,31.232,0.573,0.004,36.942,1,29.966,29.985
5034,168.021256,0.543,31.241,0.609,0.003,32.413,1,29.966,30.019
5035,168.056195,0.542,33.733,0.625,0.004,34.920,1,29.966,29.960
5036,168.088755,0.549,31.328,0.576,0.003,32.473,1,29.966,29.990
5037,168.122646,0.540,32.720,0.587,0.003,33.867,1,29.966,29.971
5038,168.154022,0.613,30.122,0.606,0.003,31.362,1,29.966,30.035
5039,168.186343,1.327,30.330,0.556,0.003,32.233,1,29.967,30.066
5040,168.221709,2.099,32.656,0.571,0.003,35.349,1,29.966,30.003
5041,168.266453,0.693,43.353,0.606,0.003,44.670,1,29.964,22.338
5042,168.296884,0.524,29.253,0.514,0.003,30.309,1,29.965,26.629
5043,168.328117,0.541,30.127,0.514,0.003,31.200,1,29.965,28.212
5044,168.358871,0.526,29.665,0.582,0.003,30.792,1,29.966,29.163
5045,168.391764,0.585,31.672,0.490,0.003,32.764,1,29.966,29.418
5046,168.421985,0.516,29.170,0.533,0.003,30.237,1,29.966,29.966
5047,168.452372,0.524,29.277,0.527,0.003,30.348,1,29.967,30.355
5048,168.485410,2.670,29.788,0.542,0.004,33.021,1,29.967,30.342
5049,168.518220,1.944,30.269,0.521,0.003,32.753,1,29.967,30.359
5050,168.551752,2.718,30.242,0.560,0.003,33.538,1,29.967,30.301
5051,168.585784,3.381,30.036,0.586,0.004,34.026,1,29.967,30.213
5052,168.618801,2.230,30.145,0.545,0.003,32.941,1,29.967,30.223
5053,168.653940,4.323,30.217,0.601,0.003,35.163,1,29.967,30.075
5054,168.685512,0.532,30.381,0.533,0.003,31.466,1,29.967,30.189
5055,168.722759,1.719,34.942,0.593,0.004,37.275,1,29.966,29.937
5056,168.754155,0.620,30.128,0.736,0.003,31.505,1,29.967,30.041
5057,168.786453,1.104,30.398,0.586,0.004,32.109,1,29.967,30.102
5058,168.820398,2.342,30.961,0.591,0.003,33.914,1,29.967,30.065
5059,168.853538,1.033,31.460,0.625,0.003,33.141,1,29.967,30.069
5060,168.887896,2.307,31.365,0.598,0.003,34.290,1,29.967,30.021
5061,168.921422,1.396,31.476,0.569,0.003,33.461,1,29.966,30.013
5062,168.953266,0.760,30.461,0.589,0.004,31.831,1,29.967,30.073
5063,168.986828,2.274,30.642,0.598,0.003,33.535,1,29.967,30.060
5064,169.020308,2.096,30.730,0.595,0.003,33.440,1,29.967,30.052
5065,169.051768,0.540,30.272,0.564,0.003,31.396,1,29.967,30.119
5066,169.088131,4.386,31.354,0.641,0.003,36.405,1,29.967,30.006
5067,169.119835,0.553,30.454,0.600,0.003,31.627,1,29.967,30.062
5068,169.152998,2.066,30.440,0.651,0.003,33.179,1,29.967,30.064
5069,169.186449,2.096,30.643,0.565,0.004,33.326,1,29.967,30.060
5070,169.219647,2.464,30.114,0.629,0.003,33.228,1,29.967,30.061
5071,169.267169,2.437,44.332,0.726,0.003,47.514,1,29.964,21.006
5072,169.299981,0.506,31.533,0.584,0.004,32.642,1,29.964,24.914
5073,169.330131,0.593,28.914,0.378,0.003,29.900,1,29.965,27.219
5074,169.361224,0.479,30.197,0.550,0.002,31.241,1,29.965,28.272
5075,169.392751,0.535,30.395,0.532,0.002,31.479,1,29.966,28.903
5076,169.423645,0.536,29.779,0.608,0.004,30.942,1,29.966,29.417
5077,169.454983,0.548,30.128,0.633,0.004,31.329,1,29.967,29.746
5078,169.486593,0.573,30.308,0.593,0.003,31.493,1,29.967,29.974
5079,169.519150,1.389,30.519,0.630,0.003,32.559,1,29.967,30.051
5080,169.551644,1.476,30.330,0.690,0.003,32.518,1,29.967,30.116
5081,169.587996,3.676,31.931,0.626,0.003,36.254,1,29.967,29.864
5082,169.620593,0.546,31.371,0.582,0.004,32.520,1,29.967,29.934
5083,169.653175,0.623,31.318,0.566,0.003,32.526,1,29.967,29.992
5084,169.687628,2.280,31.552,0.628,0.003,34.481,1,29.967,29.917
5085,169.720956,1.224,31.419,0.606,0.003,33.270,1,29.967,29.924
5086,169.754485,0.535,32.335,0.698,0.004,33.588,1,29.967,29.912
5087,169.788196,0.877,32.080,0.621,0.003,33.600,1,29.967,29.902
5088,169.820571,0.540,31.155,0.591,0.003,32.307,1,29.967,29.956
5089,169.852459,0.552,30.686,0.565,0.003,31.822,1,29.967,30.028
5090,169.885703,1.782,30.655,0.570,0.003,33.027,1,29.967,30.031
5091,169.924655,2.050,36.277,0.581,0.003,38.930,1,29.966,29.789
5092,169.956399,0.567,30.539,0.611,0.004,31.738,1,29.966,29.862
5093,169.989388,0.546,31.773,0.581,0.003,32.920,1,29.966,29.883
5094,170.021742,0.552,31.163,0.618,0.003,32.352,1,29.967,29.923
5095,170.054157,0.549,31.192,0.586,0.003,32.347,1,29.967,29.960
5096,170.086551,0.528,31.226,0.608,0.003,32.382,1,29.967,29.993
5097,170.120362,1.917,31.231,0.629,0.003,33.798,1,29.967,29.977
5098,170.153104,0.692,31.365,0.586,0.004,32.663,1,29.967,29.998
5099,170.185712,1.372,30.598,0.551,0.003,32.540,1,29.967,30.022
5100,170.220023,2.651,31.053,0.607,0.004,34.333,1,29.967,29.990
5101,170.266142,0.988,44.402,0.773,0.003,46.186,1,29.965,21.612
5102,170.298458,0.575,30.907,0.588,0.003,32.090,1,29.965,25.509
5103,170.330223,0.613,30.506,0.387,0.003,31.522,1,29.965,27.281
5104,170.362117,0.482,30.987,0.414,0.002,31.897,1,29.966,28.191
5105,170.391815,0.467,28.777,0.548,0.003,29.809,1,29.966,29.117
5106,170.422684,0.551,29.717,0.577,0.004,30.864,1,29.967,29.612
5107,170.453977,0.591,30.071,0.596,0.003,31.279,1,29.967,29.923
5108,170.485144,0.528,29.989,0.590,0.003,31.126,1,29.967,30.178
5109,170.524360,3.286,35.282,0.597,0.003,39.186,1,29.966,29.575
5110,170.555470,0.548,29.912,0.652,0.003,31.132,1,29.967,29.808
5111,170.586812,0.534,30.100,0.588,0.003,31.241,1,29.967,29.993
5112,170.618269,0.584,30.233,0.607,0.003,31.443,1,29.967,30.133
5113,170.651908,2.532,30.448,0.595,0.003,33.594,1,29.967,30.102
5114,170.685715,2.265,30.893,0.597,0.003,33.775,1,29.967,30.064
5115,170.719388,2.389,30.632,0.667,0.003,33.709,1,29.967,30.035
5116,170.752742,1.820,30.814,0.787,0.004,33.443,1,29.967,30.025
5117,170.784978,1.304,30.084,0.586,0.003,31.993,1,29.967,30.093
5118,170.819454,2.916,30.921,0.634,0.003,34.492,1,29.967,30.028
5119,170.852787,1.722,30.922,0.548,0.003,33.210,1,29.967,30.030
5120,170.885411,1.414,30.610,0.562,0.003,32.606,1,29.967,30.060
5121,170.919123,2.137,30.961,0.641,0.002,33.759,1,29.967,30.038
5122,170.952641,1.821,31.000,0.598,0.002,33.439,1,29.967,30.030
5123,170.986317,1.703,31.318,0.638,0.003,33.679,1,29.967,30.014
5124,171.019397,1.144,31.242,0.658,0.003,33.064,1,29.967,30.022
5125,171.052498,1.358,31.029,0.636,0.003,33.045,1,29.967,30.030
5126,171.086387,1.866,31.329,0.592,0.004,33.810,1,29.967,30.011
5127,171.126517,1.077,38.400,0.580,0.003,40.078,1,29.966,29.786
5128,171.157224,0.628,29.443,0.606,0.003,30.695,1,29.966,29.877
5129,171.189096,0.557,30.655,0.611,0.003,31.843,1,29.967,29.926
5130,171.221597,0.546,31.288,0.602,0.002,32.456,1,29.967,29.953
5131,171.267417,0.545,44.544,0.807,0.003,45.918,1,29.965,21.733
5132,171.297644,0.592,28.766,0.392,0.003,29.765,1,29.965,26.377
5133,171.328231,0.484,29.671,0.551,0.002,30.720,1,29.966,28.150
5134,171.357559,0.437,28.303,0.534,0.002,29.292,1,29.966,29.437
5135,171.388232,0.529,29.558,0.578,0.003,30.684,1,29.967,30.012
5136,171.421450,0.519,32.069,0.592,0.003,33.202,1,29.967,30.025
5137,171.449915,0.509,27.308,0.504,0.002,28.337,1,29.968,30.674
5138,171.481991,2.429,29.095,0.439,0.003,31.980,1,29.968,30.743
5139,171.517688,5.383,29.827,0.532,0.003,35.763,1,29.968,30.404
5140,171.551471,2.862,30.336,0.581,0.003,33.798,1,29.968,30.318
5141,171.583046,1.233,29.710,0.563,0.003,31.526,1,29.968,30.437
5142,171.619616,5.673,30.277,0.617,0.003,36.588,1,29.967,30.149
5143,171.651653,1.604,29.761,0.603,0.003,31.987,1,29.968,30.229
5144,171.686642,3.907,30.425,0.561,0.003,34.914,1,29.967,30.108
5145,171.727244,1.315,38.671,0.639,0.003,40.647,1,29.966,29.663
5146,171.757047,0.618,28.490,0.669,0.003,29.797,1,29.967,29.878
5147,171.788290,0.519,29.994,0.575,0.003,31.108,1,29.967,30.001
5148,171.819454,0.528,30.008,0.591,0.003,31.144,1,29.967,30.109
5149,171.851274,0.537,30.641,0.563,0.003,31.759,1,29.968,30.177
5150,171.888890,6.310,30.692,0.686,0.004,37.710,2,29.967,29.969
5151,171.920312,0.549,30.129,0.572,0.003,31.271,1,29.967,30.057
5152,171.951166,0.531,29.695,0.566,0.003,30.811,1,29.968,30.157
5153,171.985390,3.881,29.724,0.509,0.003,34.133,1,29.968,30.117
5154,172.018636,2.031,30.651,0.572,0.004,33.275,1,29.968,30.113
5155,172.054624,5.422,29.938,0.565,0.003,35.946,1,29.967,30.013
5156,172.087044,0.796,31.004,0.613,0.004,32.477,1,29.967,30.042
5157,172.121738,2.373,31.600,0.568,0.003,34.563,1,29.967,29.997
5158,172.156839,0.539,33.938,0.590,0.003,35.087,1,29.967,29.940
5159,172.191210,0.519,33.207,0.684,0.003,34.430,1,29.967,29.907
5160,172.223102,0.619,30.529,0.767,0.003,31.936,1,29.967,29.950
5161,172.267172,0.515,42.614,0.634,0.003,43.780,1,29.965,22.767
5162,172.291420,0.549,23.024,0.577,0.002,24.167,1,29.967,29.362
5163,172.317620,0.452,25.124,0.422,0.003,26.013,1,29.968,31.861
5164,172.343433,4.284,21.063,0.519,0.003,25.883,1,29.969,33.314
5165,172.374669,10.395,20.273,0.130,0.004,30.820,0,29.970,33.131
5166,172.408101,13.816,19.427,0.132,0.003,33.397,0,29.970,32.547
5167,172.446598,13.318,24.990,0.140,0.003,38.472,0,29.969,31.410
5168,172.487641,8.478,32.363,0.646,0.003,41.509,1,29.967,30.257
5169,172.521285,0.570,32.371,0.629,0.003,33.591,1,29.967,30.198
5170,172.554147,0.544,31.631,0.619,0.003,32.815,1,29.967,30.222
5171,172.587136,0.554,31.761,0.627,0.002,32.960,1,29.967,30.230
5172,172.621418,0.521,33.082,0.511,0.003,34.132,1,29.967,30.147
5173,172.653389,0.520,30.889,0.574,0.003,32.001,1,29.967,30.227
5174,172.686344,1.773,30.552,0.570,0.003,32.916,1,29.968,30.235
5175,172.718011,1.176,29.864,0.513,0.003,31.573,1,29.968,30.325
5176,172.752240,3.124,30.538,0.565,0.003,34.249,1,29.968,30.250
5177,172.786822,3.147,30.812,0.787,0.004,34.771,1,29.967,30.156
5178,172.813867,1.343,24.799,0.137,0.003,26.353,0,29.969,30.502
5179,172.847895,7.966,25.869,0.134,0.003,33.990,0,29.969,30.442
5180,172.883064,10.263,24.713,0.139,0.003,35.139,0,29.968,30.334
5181,172.926392,6.412,36.715,0.146,0.003,43.296,0,29.966,29.887
5182,172.951419,0.554,24.267,0.134,0.003,24.976,0,29.968,30.233
5183,172.984048,4.286,28.151,0.108,0.003,32.564,0,29.968,30.252
5184,173.020247,4.166,31.879,0.121,0.003,36.186,0,29.968,30.132
5185,173.059174,2.616,36.142,0.106,0.003,38.883,0,29.967,29.926
5186,173.095277,0.552,35.401,0.136,0.003,36.104,0,29.966,29.833
5187,173.130614,0.822,34.337,0.103,0.002,35.278,0,29.966,29.774
5188,173.181117,0.483,49.877,0.914,0.003,51.291,1,29.963,29.223
5189,173.232279,0.518,49.681,0.600,0.003,50.820,1,29.960,28.741
5190,173.271400,0.572,37.890,0.108,0.003,38.587,0,29.959,28.636
5191,173.320152,0.588,47.960,0.715,0.004,49.285,1,29.956,20.263
5192,173.361808,0.563,40.317,0.417,0.003,41.313,1,29.955,22.049
5193,173.388112,0.485,25.362,0.528,0.003,26.393,1,29.956,25.614
5194,173.410670,1.106,20.873,0.729,0.003,22.728,1,29.958,28.596
5195,173.443088,10.451,21.185,0.138,0.003,31.794,0,29.958,29.119
5196,173.481751,10.329,28.146,0.923,0.003,39.420,1,29.957,28.415
5197,173.516995,5.767,28.497,0.142,0.003,34.429,0,29.957,28.499
5198,173.552548,5.787,29.560,0.624,0.003,35.995,1,29.956,28.404
5199,173.579912,1.477,25.203,0.145,0.003,26.846,0,29.957,29.170
5200,173.613477,8.188,25.172,0.137,0.004,33.522,0,29.957,29.231
5201,173.646144,7.382,25.086,0.136,0.003,32.627,0,29.957,29.352
5202,173.679342,7.797,25.207,0.129,0.003,33.155,0,29.957,29.415
5203,173.713401,8.851,25.020,0.138,0.003,34.032,0,29.957,29.410
5204,173.746378,7.506,25.274,0.135,0.003,32.938,0,29.957,29.474
5205,173.779820,7.668,25.577,0.139,0.003,33.409,0,29.957,29.502
5206,173.813007,7.400,25.588,0.128,0.003,33.138,0,29.957,29.541
5207,173.845814,7.333,25.291,0.127,0.003,32.771,0,29.958,29.595
5208,173.885309,7.841,31.470,0.574,0.003,39.905,1,29.956,29.299
5209,173.919480,1.563,31.979,0.670,0.003,34.232,1,29.956,29.292
5210,173.952532,0.544,31.782,0.740,0.003,33.087,1,29.956,29.336
5211,173.985288,0.540,31.416,0.617,0.003,32.593,1,29.956,29.396
5212,174.018516,0.924,31.630,0.612,0.003,33.187,1,29.956,29.427
5213,174.053008,1.358,32.465,0.625,0.004,34.470,1,29.956,29.407
5214,174.086088,0.544,31.851,0.604,0.003,33.020,1,29.956,29.442
5215,174.127097,0.544,39.617,0.650,0.224,41.054,1,29.955,29.198
5216,174.160262,0.464,31.785,0.621,0.003,32.889,1,29.955,29.234
5217,174.186452,0.913,24.597,0.140,0.004,25.673,0,29.956,29.506
5218,174.219278,1.351,31.273,0.592,0.003,33.236,1,29.956,29.525
5219,174.251635,0.969,30.739,0.628,0.003,32.358,1,29.957,29.569
5220,174.284916,1.887,30.711,0.573,0.003,33.193,1,29.957,29.587
5221,174.334026,3.238,45.163,0.600,0.003,49.023,1,29.954,20.357
5222,174.364103,0.577,28.843,0.615,0.003,30.054,1,29.954,25.248
5223,174.395797,0.575,30.446,0.402,0.003,31.440,1,29.955,27.101
5224,174.425457,0.468,28.753,0.554,0.003,29.792,1,29.955,28.468
5225,174.455292,0.527,28.700,0.568,0.003,29.816,1,29.956,29.350
5226,174.486080,0.521,29.646,0.663,0.003,30.851,1,29.956,29.815
5227,174.521215,2.379,32.036,0.697,0.003,35.133,1,29.956,29.610
5228,174.547494,0.552,24.974,0.127,0.002,25.672,0,29.957,30.521
5229,174.579354,5.960,25.692,0.140,0.003,31.814,0,29.958,30.613
5230,174.612225,7.400,25.272,0.136,0.003,32.830,0,29.958,30.594
5231,174.651737,8.020,31.294,0.612,0.003,39.947,1,29.957,29.985
5232,174.685442,2.048,30.985,0.605,0.003,33.660,1,29.957,29.959
5233,174.726019,1.393,38.519,0.603,0.003,40.536,1,29.955,29.470
5234,174.756627,0.554,29.395,0.609,0.003,30.578,1,29.956,29.678
5235,174.782137,0.552,24.292,0.143,0.003,25.009,0,29.957,30.195
5236,174.818134,4.644,31.151,0.571,0.003,36.386,1,29.957,30.007
5237,174.851991,2.180,31.048,0.596,0.003,33.844,1,29.957,29.978
5238,174.884432,0.883,30.904,0.610,0.003,32.419,1,29.957,30.023
5239,174.918022,1.761,31.160,0.627,0.003,33.569,1,29.957,30.009
5240,174.951504,1.719,31.079,0.654,0.004,33.473,1,29.957,30.000
5241,174.984590,1.307,31.065,0.575,0.004,32.969,1,29.957,30.014
5242,175.018343,1.454,31.665,0.630,0.003,33.772,1,29.957,29.994
5243,175.051377,1.112,31.234,0.674,0.004,33.041,1,29.957,30.005
5244,175.084927,1.570,31.248,0.739,0.004,33.581,1,29.957,29.994
5245,175.118625,0.991,31.907,0.561,0.003,33.479,1,29.957,29.987
5246,175.152257,1.934,31.082,0.549,0.003,33.585,1,29.957,29.978
5247,175.184730,0.834,31.034,0.533,0.003,32.421,1,29.957,30.008
5248,175.218417,1.834,31.265,0.584,0.003,33.705,1,29.957,29.995
5249,175.251825,1.918,30.848,0.594,0.003,33.381,1,29.957,29.992
5250,175.284783,1.194,31.113,0.570,0.003,32.897,1,29.957,30.004
5251,175.333125,1.724,45.918,0.607,0.003,48.270,1,29.954,20.675
5252,175.363203,0.579,28.835,0.423,0.003,29.857,1,29.955,25.556
5253,175.394951,0.562,30.669,0.383,0.003,31.629,1,29.955,27.281
5254,175.425936,0.513,30.052,0.556,0.003,31.139,1,29.956,28.343
5255,175.455971,0.529,28.897,0.592,0.003,30.036,1,29.956,29.206
5256,175.486937,0.521,29.802,0.562,0.003,30.903,1,29.957,29.683
5257,175.518117,0.564,30.002,0.555,0.003,31.140,1,29.957,30.003
5258,175.550458,1.459,30.272,0.566,0.003,32.317,1,29.957,30.114
5259,175.584647,2.519,31.050,0.775,0.003,34.367,1,29.957,29.994
5260,175.619432,1.741,32.209,0.655,0.004,34.626,1,29.957,29.876
5261,175.651232,0.558,30.527,0.584,0.003,31.689,1,29.957,30.018
5262,175.683961,1.971,30.121,0.577,0.004,32.690,1,29.957,30.062
5263,175.718484,2.677,31.211,0.567,0.003,34.475,1,29.957,29.976
5264,175.750322,0.863,30.353,0.554,0.003,31.791,1,29.957,30.074
5265,175.785411,3.355,31.125,0.582,0.003,35.083,1,29.957,29.962
5266,175.818835,1.793,30.994,0.604,0.003,33.412,1,29.957,29.958
5267,175.852261,0.776,31.985,0.609,0.004,33.390,1,29.957,29.956
5268,175.885272,0.817,31.529,0.592,0.004,32.958,1,29.957,29.975
5269,175.926190,0.966,39.302,0.598,0.004,40.887,1,29.956,29.622
5270,175.956719,0.757,29.114,0.560,0.003,30.451,1,29.956,29.766
5271,175.987904,0.572,29.995,0.549,0.003,31.135,1,29.957,29.868
5272,176.019124,0.522,30.098,0.665,0.003,31.305,1,29.957,29.955
5273,176.051462,0.545,31.071,0.679,0.003,32.316,1,29.957,29.996
5274,176.084536,1.104,31.234,0.761,0.004,33.120,1,29.957,30.003
5275,176.118075,1.358,31.361,0.606,0.002,33.345,1,29.957,30.001
5276,176.151089,1.277,31.075,0.628,0.003,33.003,1,29.957,30.011
5277,176.185614,2.629,31.208,0.597,0.003,34.455,1,29.957,29.972
5278,176.218200,0.541,31.393,0.561,0.003,32.515,1,29.957,29.998
5279,176.251252,1.183,31.252,0.608,0.003,33.064,1,29.957,30.005
5280,176.284705,2.002,30.789,0.551,0.004,33.362,1,29.957,30.003
5281,176.330392,1.259,43.745,0.600,0.003,45.624,1,29.955,21.870
5282,176.361732,0.579,30.104,0.404,0.003,31.103,1,29.955,26.019
5283,176.392245,0.465,29.606,0.550,0.003,30.638,1,29.956,27.900
5284,176.422177,0.532,28.797,0.546,0.003,29.894,1,29.956,29.101
5285,176.453258,0.517,29.967,0.563,0.003,31.067,1,29.957,29.664
5286,176.484385,0.518,29.992,0.566,0.003,31.095,1,29.957,30.048
5287,176.523791,1.509,37.278,0.573,0.003,39.379,1,29.956,29.277
5288,176.554585,0.538,29.629,0.607,0.003,30.795,1,29.957,29.638
5289,176.586244,0.656,30.338,0.706,0.004,31.722,1,29.957,29.833
5290,176.618265,0.888,30.367,0.601,0.004,31.877,1,29.957,29.976
5291,176.652069,2.530,30.611,0.540,0.003,33.702,1,29.957,29.945
5292,176.684532,1.269,30.601,0.617,0.003,32.508,1,29.957,30.009
5293,176.717058,1.332,30.520,0.567,0.003,32.438,1,29.957,30.068
5294,176.752825,3.923,31.224,0.570,0.003,35.737,1,29.957,29.906
5295,176.784474,0.556,30.466,0.638,0.003,31.681,1,29.957,30.009
5296,176.816929,1.276,30.484,0.563,0.004,32.343,1,29.957,30.063
5297,176.851320,2.711,31.064,0.655,0.003,34.451,1,29.957,29.998
5298,176.884406,1.252,31.123,0.587,0.004,32.984,1,29.957,30.014
5299,176.917762,1.414,31.296,0.615,0.003,33.347,1,29.957,30.011
5300,176.952586,3.030,31.123,0.601,0.003,34.775,1,29.957,29.944
5301,176.984617,0.553,30.819,0.622,0.003,32.014,1,29.957,30.001
5302,177.017465,1.064,31.104,0.599,0.003,32.787,1,29.957,30.022
5303,177.051475,2.480,30.873,0.670,0.003,34.045,1,29.957,29.992
5304,177.083789,1.022,30.563,0.694,0.002,32.300,1,29.957,30.029
5305,177.123943,1.817,37.588,0.574,0.004,40.000,1,29.956,29.789
5306,177.155253,0.570,30.107,0.648,0.003,31.346,1,29.957,29.863
5307,177.187199,0.547,30.692,0.665,0.003,31.924,1,29.957,29.914
5308,177.219528,0.553,31.053,0.701,0.003,32.327,1,29.957,29.948
5309,177.251908,0.543,31.081,0.578,0.002,32.220,1,29.957,29.983
5310,177.284140,0.858,30.744,0.578,0.003,32.201,1,29.957,30.016
5311,177.330293,2.008,43.433,0.588,0.003,46.050,1,29.955,21.669
5312,177.362176,0.572,30.668,0.548,0.003,31.807,1,29.956,25.643
5313,177.394500,0.537,31.189,0.392,0.002,32.131,1,29.956,27.233
5314,177.426378,0.471,30.978,0.633,0.002,32.096,1,29.956,28.114
5315,177.456346,0.453,28.843,0.548,0.003,29.861,1,29.957,29.042
5316,177.487370,0.525,29.900,0.640,0.003,31.083,1,29.957,29.516
5317,177.518513,0.522,29.929,0.592,0.003,31.061,1,29.957,29.867
5318,177.550181,0.649,30.377,0.556,0.003,31.600,1,29.958,30.075
5319,177.583600,2.315,30.497,0.748,0.003,33.582,1,29.958,30.038
5320,177.617595,2.312,30.880,0.601,0.003,33.813,1,29.958,29.988
5321,177.652212,2.579,31.378,0.576,0.003,34.552,1,29.957,29.887
5322,177.684559,0.532,31.187,0.590,0.003,32.329,1,29.957,29.969
5323,177.723937,0.845,37.884,0.604,0.004,39.355,1,29.956,29.558
5324,177.755083,0.557,29.928,0.579,0.004,31.127,1,29.957,29.728
5325,177.787289,0.552,30.973,0.664,0.003,32.209,1,29.957,29.808
5326,177.819729,0.541,31.179,0.651,0.004,32.392,1,29.957,29.870
5327,177.851807,0.545,30.824,0.587,0.003,31.976,1,29.957,29.947
5328,177.883992,0.760,30.786,0.557,0.003,32.121,1,29.958,30.009
5329,177.917408,1.897,30.908,0.570,0.003,33.396,1,29.958,30.004
5330,177.951235,2.028,31.172,0.649,0.003,33.870,1,29.958,29.978
5331,177.984483,1.529,31.015,0.597,0.003,33.161,1,29.958,29.985
5332,178.016750,1.091,30.524,0.619,0.003,32.255,1,29.958,30.028
5333,178.050755,2.496,30.833,0.550,0.003,33.898,1,29.958,30.004
5334,178.083443,1.737,30.344,0.735,0.003,32.837,1,29.958,30.021
5335,178.117323,1.907,31.183,0.576,0.003,33.687,1,29.958,30.006
5336,178.151164,1.938,31.272,0.667,0.003,33.897,1,29.958,29.985
5337,178.183296,0.889,30.521,0.601,0.003,32.031,1,29.958,30.028
5338,178.217634,2.430,31.252,0.614,0.003,34.316,1,29.958,29.994
5339,178.251377,1.841,31.227,0.685,0.004,33.776,1,29.958,29.979
5340,178.283979,0.695,31.165,0.617,0.003,32.497,1,29.958,30.004
5341,178.331051,1.398,44.742,0.369,0.003,46.526,1,29.955,21.363
5342,178.363164,0.550,31.154,0.640,0.003,32.364,1,29.956,25.254
5343,178.395476,0.590,31.022,0.546,0.003,32.177,1,29.956,26.927
5344,178.426263,0.565,29.624,0.537,0.003,30.743,1,29.956,28.131
5345,178.456011,0.535,28.627,0.536,0.003,29.715,1,29.957,29.080
5346,178.486359,0.524,29.238,0.543,0.003,30.323,1,29.957,29.660
5347,178.516360,0.522,28.884,0.429,0.003,29.854,1,29.958,30.149
5348,178.547315,2.143,28.331,0.520,0.003,31.013,1,29.958,30.392
5349,178.579518,3.268,28.365,0.649,0.003,32.302,1,29.959,30.451
5350,178.617001,6.793,29.986,0.542,0.003,37.341,1,29.958,30.036
5351,178.650061,2.048,30.417,0.551,0.003,33.037,1,29.958,30.054
5352,178.682603,1.355,30.579,0.584,0.003,32.539,1,29.958,30.107
5353,178.715880,1.982,30.655,0.576,0.004,33.235,1,29.958,30.103
5354,178.751176,3.041,31.624,0.678,0.004,35.367,1,29.958,29.963
5355,178.783990,0.577,31.497,0.603,0.003,32.698,1,29.958,30.001
5356,178.816254,0.784,30.820,0.586,0.004,32.212,1,29.958,30.062
5357,178.850279,2.212,31.171,0.581,0.004,33.985,1,29.958,30.022
5358,178.884864,2.226,31.719,0.590,0.003,34.557,1,29.958,29.958
5359,178.919723,0.542,33.672,0.459,0.002,34.689,1,29.957,29.894
5360,178.951035,0.460,30.352,0.670,0.004,31.504,1,29.958,29.981
5361,178.983047,0.575,30.705,0.579,0.003,31.878,1,29.958,30.042
5362,179.018604,3.657,31.217,0.683,0.003,35.581,1,29.958,29.945
5363,179.050077,0.605,30.125,0.555,0.004,31.306,1,29.958,30.025
5364,179.082579,1.419,30.469,0.703,0.004,32.615,1,29.958,30.050
5365,179.118588,3.788,31.434,0.639,0.004,35.884,1,29.958,29.954
5366,179.151246,0.642,31.319,0.645,0.003,32.627,1,29.958,29.979
5367,179.183934,1.344,30.638,0.554,0.003,32.557,1,29.958,30.004
5368,179.216959,1.399,31.019,0.575,0.002,33.011,1,29.958,30.013
5369,179.251229,2.248,31.395,0.652,0.004,34.317,1,29.958,29.981
5370,179.283238,0.568,30.731,0.586,0.003,31.906,1,29.958,30.024
5371,179.330552,2.013,44.587,0.395,0.003,47.012,1,29.956,21.228
5372,179.362742,0.480,31.278,0.589,0.003,32.366,1,29.956,25.159
5373,179.393844,0.639,29.816,0.382,0.003,30.854,1,29.956,27.177
5374,179.424363,0.485,29.611,0.524,0.003,30.637,1,29.957,28.359
5375,179.454424,0.528,28.958,0.562,0.003,30.067,1,29.957,29.214
5376,179.485602,0.516,30.048,0.546,0.003,31.129,1,29.958,29.658
5377,179.521926,0.520,35.202,0.592,0.004,36.333,1,29.957,29.328
5378,179.554814,0.559,31.681,0.585,0.002,32.845,1,29.957,29.459
5379,179.588574,0.630,32.491,0.746,0.002,33.889,1,29.957,29.462
5380,179.621255,0.545,31.332,0.605,0.004,32.501,1,29.957,29.584
5381,179.654762,0.544,32.303,0.624,0.003,33.491,1,29.957,29.606
5382,179.687901,0.617,31.844,0.601,0.003,33.081,1,29.957,29.654
5383,179.720495,0.544,31.397,0.605,0.003,32.565,1,29.958,29.730
5384,179.752621,0.564,30.899,0.611,0.004,32.095,1,29.958,29.826
5385,179.784640,0.560,30.792,0.544,0.003,31.914,1,29.958,29.919
5386,179.816318,0.515,30.565,0.550,0.003,31.649,1,29.958,30.017
5387,179.849537,2.059,30.559,0.583,0.003,33.219,1,29.958,30.020
5388,179.883399,2.432,30.793,0.621,0.003,33.867,1,29.958,29.991
5389,179.916011,1.665,30.271,0.545,0.003,32.501,1,29.958,30.029
5390,179.951600,3.488,31.504,0.691,0.003,35.704,1,29.958,29.920
5391,179.983834,0.908,30.574,0.567,0.003,32.069,1,29.958,29.976
5392,180.016891,1.356,31.080,0.589,0.003,33.045,1,29.958,29.987
